type,osm_id,osm_url,access,addr:city,addr:country,addr:housename,addr:housenumber,addr:postcode,addr:street,alcohol,alt_name,amenity,bar,beverage,building,contact:email,contact:phone,contact:website,cuisine,description,food,int_name,internet_access,layer,microbrewery,name,newsagent,old_name,opening_hours,operator,organic,outdoor_seating,phone,smoking,takeaway,tobacco,website,wheelchair,wheelchair:entrance_width,wheelchair:step_height,wifi
Restaurants,1720532345,http://www.openstreetmap.org/browse/node/1720532345,,,,,,,,,,restaurant,,,,,,,,,,,,,,Burger et Blanquette,,,,,,,,,,,,,,,
Restaurants,635879580,http://www.openstreetmap.org/browse/node/635879580,,,,,,,,,,restaurant,,,,,,,,,,,,,,Chez Boris,,,,,,,,,,,,,,,
Cafés,976483966,http://www.openstreetmap.org/browse/node/976483966,,,,,,,,,,cafe,,,,,,,,,,,,,,,,,,,,,,,,,,,,,
Cafés,635866247,http://www.openstreetmap.org/browse/node/635866247,,,,,,,,,,cafe,,,,,,,,,,,,,,Le Petit Nice,,,,,,,,,,,,,,,
Restaurants,711994591,http://www.openstreetmap.org/browse/node/711994591,,,,,,,,,,restaurant,,,,,,,,,,,,,,Le Tire Bouchon,,,,,,,,,,,,,,,
Restaurants,-2056517020,http://www.openstreetmap.org/browse/node/2238450276,,,,,,,,,,restaurant,,,,,,,,,,,,,,,,,,,,,,,,,,,,,
Restaurants,620884301,http://www.openstreetmap.org/browse/node/620884301,,,,,,,,,,restaurant,,,,,,,,,,,,,,Le Carré Chic,,,,,,,,,,,,,,,
Restaurants,-2056517014,http://www.openstreetmap.org/browse/node/2238450282,,,,,,,,,,restaurant,,,,,,,,,,,,,,Boby Chéri,,,,,,,,,,,,,,,
Fast-Foods,724233236,http://www.openstreetmap.org/browse/node/724233236,,,,,,,,,,fast_food,,,,,,,,,,,,,,Chez Tim Titone,,,,,,,,,,,,,,,
Fast-Foods,724233245,http://www.openstreetmap.org/browse/node/724233245,,,,,,,,,,fast_food,,,,,,,asian,,,,,,,Le Lotus d'Or,,,,,,,,,,,,,,,
Cafés,582826478,http://www.openstreetmap.org/browse/node/582826478,,,,,,,,,,cafe,,,,,,,,,,,,,,Café de la Mer,,,,,,,,,,,,,,,
Cafés,711994604,http://www.openstreetmap.org/browse/node/711994604,,,,,,,,,,cafe,,,,,,,,,,,,,,Café Z,,,,,,,,,,,,,,,
Fast-Foods,724209675,http://www.openstreetmap.org/browse/node/724209675,,,,,,,,,,fast_food,,,,,,,,,,,,,,Le Graillou,,,,,,,,,,,,,,,
Restaurants,620884303,http://www.openstreetmap.org/browse/node/620884303,,,,,,,,,,restaurant,,,,,,,,,,,,,,Le Nouveau Monde,,,,,,,,,,,,,,,
Restaurants,601728801,http://www.openstreetmap.org/browse/node/601728801,,,,,,,,,,restaurant,,,,,,,italian,,,,,,,Don Camillo,,,,,,,,,,,,,,,
Restaurants,724224800,http://www.openstreetmap.org/browse/node/724224800,,,,,,,,,,restaurant,,,,,,,,,,,,,,Les Vignes,,,,,,,,,,,,,,,
Cafés,724207423,http://www.openstreetmap.org/browse/node/724207423,,,,,,,,,,cafe,,,,,,,,,,,,,,,,,,,,,,,,,,,,,
Restaurants,-2056517009,http://www.openstreetmap.org/browse/node/2238450287,,,,,,,,,,restaurant,,,,,,,,,,,,,,Baron Rouge,,,,,,,,,,,,,,,
Cafés,711994615,http://www.openstreetmap.org/browse/node/711994615,,,,,,,,,,cafe,,,,,,,,,,,,,,Café Joseph,,,,,,,,,,,,,,,
Restaurants,620884300,http://www.openstreetmap.org/browse/node/620884300,,,,,,,,,,restaurant,,,,,,,,,,,,,,Le Bistrot d'Alco,,,,,,,,,,,,,,,
Restaurants,712004046,http://www.openstreetmap.org/browse/node/712004046,,,,,,,,,,restaurant,,,,,,,,,,,,,,Gecko,,,,,,,,,,,,,,,
Fast-Foods,724205138,http://www.openstreetmap.org/browse/node/724205138,,,,,,,,,,fast_food,,,,,,,,,,,,,,Le Mignon,,,,,,,,,,,,,,,
Restaurants,711994631,http://www.openstreetmap.org/browse/node/711994631,,,,,,,,,,restaurant,,,,,,,,,,,,,,Brasserie Régis,,,,,,,,,,,,,,,
Cafés,712004014,http://www.openstreetmap.org/browse/node/712004014,,,,,,,,,,cafe,,,,,,,,,,,,,,Iles et Thé une Fois,,,,,,,,,,,,,,,
Restaurants,712004019,http://www.openstreetmap.org/browse/node/712004019,,,,,,,,,,restaurant,,,,,,,,,,,,,,Tonus Fresh Kitchen,,,,,,,,,,,,,,,
Restaurants,712004009,http://www.openstreetmap.org/browse/node/712004009,,,,,,,,,,restaurant,,,,,,,,,,,,,,Arezzo,,,,,,,,,,,,,,,
Cafés,724205209,http://www.openstreetmap.org/browse/node/724205209,,,,,,,,,,cafe,,,,,,,,,,,,,,Cocco E Fragola,,,,,,,,,,,,,,,
Restaurants,712004056,http://www.openstreetmap.org/browse/node/712004056,,,,,,,,,,restaurant,,,,,,,,,,,,,,Paradis d'Asie,,,,,,,,,,,,,,,
Restaurants,601728597,http://www.openstreetmap.org/browse/node/601728597,,,,,,,,,,restaurant,,,,,,,,,,,,,,La Diligence,,,,,,,,,,,,,,,
Restaurants,724205101,http://www.openstreetmap.org/browse/node/724205101,,,,,,,,,,restaurant,,,,,,,,,,,,,,Divine & Sens,,,,,,,,,,,,,,,
Cafés,724224832,http://www.openstreetmap.org/browse/node/724224832,,,,,,,,,,cafe,,,,,,,,,,,,,,Esprit Vin,,,,,,,,,,,,,,,
Bars,724181323,http://www.openstreetmap.org/browse/node/724181323,,,,,,,,,,bar,,,,,,,,,,,,,,Le Chab,,,,,,,,,,,,,,,
Restaurants,724186512,http://www.openstreetmap.org/browse/node/724186512,,,,,,,,,,restaurant,,,,,,,,,,,,,,Ma première cantine,,,,,,,,,,,,yes,,,
Restaurants,635883719,http://www.openstreetmap.org/browse/node/635883719,,,,,,,,,,restaurant,,,,,,,,,,,,,,La Maison de la Lozère,,,,,,,,,,,,limited,,,
Bars,724186529,http://www.openstreetmap.org/browse/node/724186529,,,,,,,,,,bar,,,,,,,,,,,,,,L'Envers Bodega,,,,,,,,,,,,,,,
Fast-Foods,724186522,http://www.openstreetmap.org/browse/node/724186522,,,,,,,,,,fast_food,,,,,,,,,,,,,,Subway,,,,,,,,,,,,,,,
Bars,724186531,http://www.openstreetmap.org/browse/node/724186531,,,,,,,,,,bar,,,,,,,,,,,,,,Le Petit Ness,,,,,,,,,,,,,,,
Restaurants,724181322,http://www.openstreetmap.org/browse/node/724181322,,,,,,,,,,restaurant,,,,,,,,,,,,,,House Sushi,,,,,,,,,,,,,,,
Bars,724181325,http://www.openstreetmap.org/browse/node/724181325,,,,,,,,,,bar,,,,,,,,,,,,,,Le Mojo Matic,,,,,,,,,,,,,,,
Fast-Foods,622644806,http://www.openstreetmap.org/browse/node/622644806,,,,,,,,,,fast_food,,,,,,,,,,,,,,La Pita Grecque,,,,,,,,,,,,,,,
Fast-Foods,620884298,http://www.openstreetmap.org/browse/node/620884298,,,,,,,,,,fast_food,,,,,,,pizza,,,,,,,Le Petit Ogre,,,,,,,,,,,,,,,
Bars,711994646,http://www.openstreetmap.org/browse/node/711994646,,,,,,,,,,bar,,,,,,,,,,,,,,Circus Bar,,,,,,,,,,,,,,,
Bars,724181321,http://www.openstreetmap.org/browse/node/724181321,,,,,,,,,,bar,,,,,,,,,,,,,,Vodka Bar,,,,,,,,,,,,,,,
Bars,600744098,http://www.openstreetmap.org/browse/node/600744098,,,,,,,,,,bar,,,,,,,,,,,,,,Le Novelty,,,,,,,,,,,,,,,
Cafés,466917632,http://www.openstreetmap.org/browse/node/466917632,,,,,,,,,,cafe,,,,,,,,,,,,,,Vert Anglais,,,,,,,,,,,,,,,
Restaurants,620884308,http://www.openstreetmap.org/browse/node/620884308,,,,,,,,,,restaurant,,,,,,,,,,,,,,Marie Rosé,,,,,,,,,,,,,,,
Restaurants,620884307,http://www.openstreetmap.org/browse/node/620884307,,,,,,,,,,restaurant,,,,,,,,,,,,,,Le 31,,,,,,,,,,,,,,,
Bars,600744099,http://www.openstreetmap.org/browse/node/600744099,,,,,,,,,,bar,,,,,,,,,,,,,,Café des arts,,,,,,,,,,,,yes,,,
Restaurants,635857720,http://www.openstreetmap.org/browse/node/635857720,,,,,,,,,,restaurant,,,,,,,,,,,,,,L'Atypique,,,,,,,,,,,,,,,
Restaurants,-2066292600,http://www.openstreetmap.org/browse/node/2228674696,,,,,,,,,,restaurant,,,,,,,,,,,,,,La Poule au Pot,,,,,,,,,,,,,,,
Restaurants,-1866846853,http://www.openstreetmap.org/browse/node/2428120443,,,,,,,,,,restaurant,,,,,,,,,,,,,,Les Enfants Rouges,,,,,,,,,,,,,,,
Cafés,674060387,http://www.openstreetmap.org/browse/node/674060387,,,,,,,,,,cafe,,,,,,,,,,,,,,Salon de Thé Crèperie,,,,,,,,,,,,,,,
Restaurants,724224714,http://www.openstreetmap.org/browse/node/724224714,,,,,,,,,,restaurant,,,,,,,,,,,,,,La Travola de Pépé,,,,,,,,,,,,,,,
Bars,1947552556,http://www.openstreetmap.org/browse/node/1947552556,,,,,,,,,,bar,,,,,,,,,,,,,,Wine Not Bar,,,,,,,,,,,,,,,
Cafés,674042170,http://www.openstreetmap.org/browse/node/674042170,,,,,,,,,,cafe,,,,,,,,,,,,,,Coffee Club,,,,,,,,,,,,,,,
Fast-Foods,711942162,http://www.openstreetmap.org/browse/node/711942162,,,,,,,,,,fast_food,,,,,,,,,,,,,,La Pizza La Vraie,,,,,,,,,,,,,,,
Restaurants,-2066292572,http://www.openstreetmap.org/browse/node/2228674724,,,,,,,,,,restaurant,,,,,,,,,,,,,,Le Lab,,,,,,,,,,,,,,,
Restaurants,-2066292581,http://www.openstreetmap.org/browse/node/2228674715,,,,,,,,,,restaurant,,,,,,,,,,,,,,Les Caves Jean Jaurès,,,,,,,,,,,,,,,
Restaurants,606351261,http://www.openstreetmap.org/browse/node/606351261,,,,,,,,,,restaurant,,,,,,,italian,,,,,,,Pizzeria du Palais,,,,,,,,,,,,,,,
Cafés,724185253,http://www.openstreetmap.org/browse/node/724185253,,,,,,,,,,cafe,,,,,,,,,,,,,,Le Lieu Unique (Salon de Thé),,,,,,,,,,,,,,,
Fast-Foods,635858613,http://www.openstreetmap.org/browse/node/635858613,,,,,,,,,,fast_food,,,,,,,,,,,,,,Mont Liban,,,,,,,,,,,,,,,
Bars,2137110966,http://www.openstreetmap.org/browse/node/2137110966,,,,,,,,,,bar,,,,,,,,,,,,,,Le Merle Blanc,,,,,,,,,,,,,,,
Bars,-1866846855,http://www.openstreetmap.org/browse/node/2428120441,,,,,,,,wine,,bar,,,,,,,,,,,,,,L'atelier,,,,,,,,,,,,,,,
Restaurants,1720538211,http://www.openstreetmap.org/browse/node/1720538211,,,,,,,,,,restaurant,,,,,,,,,,,,,,,,,,,,,,,,,,,,,
Restaurants,712099900,http://www.openstreetmap.org/browse/node/712099900,,,,,,,,,,restaurant,,,,,,,,,,,,,,Quartier Libre,,,,,,,,,,,,,,,
Restaurants,-1866846854,http://www.openstreetmap.org/browse/node/2428120442,,,,,,,,,,restaurant,,,,,,,,,,,,,,L'Artichaut,,,,,,,,,,,,,,,
Restaurants,724215477,http://www.openstreetmap.org/browse/node/724215477,,,,,,,,,,restaurant,,,,,,,,,,,,,,Chez Toto,,,,,,,,,,,,,,,
Bars,1721133369,http://www.openstreetmap.org/browse/node/1721133369,,,,,,,,,,bar,,,,,,,,,,,,,,La Citadelle,,,,,,,,,,,,,,,
Restaurants,1720538215,http://www.openstreetmap.org/browse/node/1720538215,,,,,,,,,,restaurant,,,,,,,,,,,,,,,,,,,,,,,,,,,,,
Bars,724168981,http://www.openstreetmap.org/browse/node/724168981,,,,,,,,,,bar,,,,,,,,,,,,,,Le Baretto,,,,,,,,,,,,,,,
Cafés,-1866846851,http://www.openstreetmap.org/browse/node/2428120445,,,,,,,,,,cafe,,,,,,,,,,,,,,SuarThé,,,,,,,,,,,,,,,
Cafés,724224684,http://www.openstreetmap.org/browse/node/724224684,,,,,,,,,,cafe,,,,,,,,,,,,,,Juice Bar,,,,,,,,,,,,,,,
Fast-Foods,724224672,http://www.openstreetmap.org/browse/node/724224672,,,,,,,,,,fast_food,,,,,,,,,,,,,,O'Sakifo,,,,,,,,,,,,,,,
Restaurants,724186713,http://www.openstreetmap.org/browse/node/724186713,,,,,,,,,,restaurant,,,,,,,,,,,,,,Le Candolle,,,,,,,,,,,,,,,
Cafés,635866757,http://www.openstreetmap.org/browse/node/635866757,,,,,,,,,,cafe,,,,,,,,,,,,,,L'Actuel Café,,,,,,,,,,,,,,,
Restaurants,1720532348,http://www.openstreetmap.org/browse/node/1720532348,,,,,,,,,,restaurant,,,,,,,,,,,,,,Koeur,,,,,,,,,,,,,,,
Restaurants,712159656,http://www.openstreetmap.org/browse/node/712159656,,,,,,,,,,restaurant,,,,,,,,,,,,,,Le 23,,,,,,,,,,,,,,,
Fast-Foods,1721133361,http://www.openstreetmap.org/browse/node/1721133361,,,,,,,,,,fast_food,,,,,,,chinese,,,,,,,Traiteur Ly,,,,,,,,,,,,,,,
Restaurants,724168983,http://www.openstreetmap.org/browse/node/724168983,,,,,,,,,,restaurant,,,,,,,,,,,,,,L'Entretemps,,,,,,,,,,,,,,,
Fast-Foods,724186724,http://www.openstreetmap.org/browse/node/724186724,,,,,,,,,,fast_food,,,,,,,,,,,,,,Andolini,,,,,,,,,,,,,,,
Fast-Foods,635866759,http://www.openstreetmap.org/browse/node/635866759,,,,,,,,,,fast_food,,,,,,,,,,,,,,Le 26,,,,,,,,,,,,,,,
Restaurants,724168984,http://www.openstreetmap.org/browse/node/724168984,,,,,,,,,,restaurant,,,,,,,,,,,,,,L'Image,,,,,,,,,,,,,,,
Bars,602009961,http://www.openstreetmap.org/browse/node/602009961,,,,,,,,,,bar,,,,,,,,,,,,,,Bar du Musée,,,,,,,,,,,,,,,
Restaurants,724186716,http://www.openstreetmap.org/browse/node/724186716,,,,,,,,,,restaurant,,,,,,,,,,,,,,Bollywood Boulevard,,,,,,,,,,,,,,,
Fast-Foods,635864797,http://www.openstreetmap.org/browse/node/635864797,,,,,,,,,,fast_food,,,,,,,pizza,,,,,,,2 Spee Pizza,,,,,,,,,,,,,,,
Fast-Foods,635866758,http://www.openstreetmap.org/browse/node/635866758,,,,,,,,,,fast_food,,,,,,,,,,,,,,Tudisco Pizza,,,,,,,,,,,,,,,
Restaurants,1261342227,http://www.openstreetmap.org/browse/node/1261342227,,,,,,,,,,restaurant,,,,,,,,,,,,,,Le Toast-Tea,,,,,,,,,,,,,,,
Restaurants,724173637,http://www.openstreetmap.org/browse/node/724173637,,,,,,,,,,restaurant,,,,,,,,,,,,,,Pizzéria Notre-Dame,,,,,,,,,,,,,,,
Restaurants,1716859781,http://www.openstreetmap.org/browse/node/1716859781,,,,,,,,,,restaurant,,,,,,,indian,,,,,,,,,,,,,,,,,,,,,,
Restaurants,1846855378,http://www.openstreetmap.org/browse/node/1846855378,,,,,,,,,,restaurant,,,,,,,,,,,,,,,,,,,,,,,,,,,,,
Restaurants,620882674,http://www.openstreetmap.org/browse/node/620882674,,,,,,,,,,restaurant,,,,,,,,,,,,,,La Girafe,,,,,,,,,,,,,,,
Cafés,724173324,http://www.openstreetmap.org/browse/node/724173324,,,,,,,,,,cafe,,,,,,,,,,,,,,O Drol 2 Dames,,,,,,,,,,,,,,,
Restaurants,620882673,http://www.openstreetmap.org/browse/node/620882673,,,,,,,,,,restaurant,,,,,,,,,,,,,,La Kitchenette,,,,,,,,,,,,,,,
Cafés,712099840,http://www.openstreetmap.org/browse/node/712099840,,,,,,,,,,cafe,,,,,,,,,,,,,,My Cupcake by Lila,,,,,,,,,,,,,,,
Restaurants,602012283,http://www.openstreetmap.org/browse/node/602012283,,,,,,,,,,restaurant,,,,,,,,,,,,,,Sister's Café,,,,,,,,,,,,,,,
Fast-Foods,724224675,http://www.openstreetmap.org/browse/node/724224675,,,,,,,,,,fast_food,,,,,,,,,,,,,,Alhambra,,,,,,,,,,,,,,,
Fast-Foods,711917034,http://www.openstreetmap.org/browse/node/711917034,,,,,,,,,,fast_food,,,,,,,,,,,,,,Pizza La Crise,,,,,,,,,,,,,,,
Fast-Foods,724173322,http://www.openstreetmap.org/browse/node/724173322,,,,,,,,,,fast_food,,,,,,,,,,,,,,Le Manège,,,,,,,,,,,,,,,
Cafés,711917095,http://www.openstreetmap.org/browse/node/711917095,,,,,,,,,,cafe,,,,,,,,,,,,,,L'Arganier,,,,,,,,,,,,,,,
Restaurants,711917099,http://www.openstreetmap.org/browse/node/711917099,,,,,,,,,,restaurant,,,,,,,,,,,,,,Le Micocoule,,,,,,,,,,,,,,,
Fast-Foods,711917093,http://www.openstreetmap.org/browse/node/711917093,,,,,,,,,,fast_food,,,,,,,,,,,,,,Regal Kebab,,,,,,,,,,,,,,,
Fast-Foods,674042140,http://www.openstreetmap.org/browse/node/674042140,,,,,,,,,,fast_food,,,,,,,,,,,,,,Marius Escartefigues,,,,,,,,,,,,,,,
Cafés,724224676,http://www.openstreetmap.org/browse/node/724224676,,,,,,,,,,cafe,,,,,,,,,,,,,,Zandoli,,,,,,,,,,,,,,,
Restaurants,615026581,http://www.openstreetmap.org/browse/node/615026581,,,,,,,,,,restaurant,,,,,,,,,,,,,,The Black Cat,,,,,,,,,,,,,,,
Fast-Foods,711917088,http://www.openstreetmap.org/browse/node/711917088,,,,,,,,,,fast_food,,,,,,,,,,,,,,Le Paradis Oriental,,,,,,,,,,,,,,,
Cafés,299982640,http://www.openstreetmap.org/browse/node/299982640,,,,,,,,,,cafe,,,,,,,,,,,,,,Café Bibal,,,,,,,,,,,,,,,
Cafés,635866760,http://www.openstreetmap.org/browse/node/635866760,,,,,,,,,,cafe,,,,,,,,,,,,,,Café Jules,,,,,,,,,,,,,,,
Fast-Foods,711910218,http://www.openstreetmap.org/browse/node/711910218,,,,,,,,,,fast_food,,,,,,,,,,,,,,Essaouira,,,,,,,,,,,,,,,
Fast-Foods,724171849,http://www.openstreetmap.org/browse/node/724171849,,,,,,,,,,fast_food,,,,,,,kebab,,,,,,,Hip Hop's Four,,,,,,,,,,,,,,,
Fast-Foods,711910210,http://www.openstreetmap.org/browse/node/711910210,,,,,,,,,,fast_food,,,,,,,,,,,,,,Pasta Campa,,,,,,,,,,,,,,,
Bars,1474087169,http://www.openstreetmap.org/browse/node/1474087169,,,,,,,rue de candolle,,,bar,,,,,,,,,,,,,,Triskell 4,,,,,,,,,,,,,,,
Restaurants,1721138019,http://www.openstreetmap.org/browse/node/1721138019,,,,,,,,,,restaurant,,,,,,,,,,,,,,,,,,,,,,,,,,,,,
Restaurants,1716859766,http://www.openstreetmap.org/browse/node/1716859766,,,,,,,,,,restaurant,,,,,,,,,,,,,,Les Casseroles en Folie,,,,,,,,,,,,no,,,
Restaurants,711910208,http://www.openstreetmap.org/browse/node/711910208,,,,,,,,,,restaurant,,,,,,,,,,,,,,La Flambée Bretonne,,,,,,,,,,,,,,,
Restaurants,724171845,http://www.openstreetmap.org/browse/node/724171845,,,,,,,,,,restaurant,,,,,,,,,,,,,,Le Vieux Four,,,,,,,,,,,,,,,
Cafés,674042128,http://www.openstreetmap.org/browse/node/674042128,,,,,,,,,,cafe,,,,,,,,,,,,,,Café Solo,,,,,,,,,,,,,,,
Fast-Foods,724171877,http://www.openstreetmap.org/browse/node/724171877,,,,,,,,,,fast_food,,,,,,,kebab,,,,,,,Orientale Tendance,,,,,,,,,,,,,,,
Cafés,579814563,http://www.openstreetmap.org/browse/node/579814563,,,,,,,,,,cafe,,,,,,,,,,,,,,,,,,,,,,,,,,,,,
Restaurants,724171874,http://www.openstreetmap.org/browse/node/724171874,,,,,,,,,,restaurant,,,,,,,,,,,,,,Place O Goût,,,,,,,,,,,,,,,
Restaurants,635883720,http://www.openstreetmap.org/browse/node/635883720,,,,,,,,,,restaurant,,,,,,,,,,,,,,Les Jardins de Marrakech,,,,,,,,,,,,,,,
Restaurants,724171876,http://www.openstreetmap.org/browse/node/724171876,,,,,,,,,,restaurant,,,,,,,,,,,,,,Duo Restaurant,,,,,,,,,,,,,,,
Restaurants,1432775069,http://www.openstreetmap.org/browse/node/1432775069,,,,,,,,,,restaurant,,,,,,,pizza,,,,,,,Pizzeria Sainte-Anne,,,,,,,0467543046,,,,,,,,
Restaurants,1585984231,http://www.openstreetmap.org/browse/node/1585984231,,,,,,,,,,restaurant,,,,,,,,,,,,,,,,,,,,,,,,,,,,,
Restaurants,724171875,http://www.openstreetmap.org/browse/node/724171875,,,,,,,,,,restaurant,,,,,,,,,,,,,,Le Grillardin,,,,,,,,,,,,,,,
Restaurants,1585984241,http://www.openstreetmap.org/browse/node/1585984241,,,,,,,,,,restaurant,,,,,,,,,,,,,,,,,,,,,,,,,,,,,
Restaurants,1585984249,http://www.openstreetmap.org/browse/node/1585984249,,,,,,,,,,restaurant,,,,,,,,,,,,,,,,,,,,,,,,,,,,,
Bars,598975860,http://www.openstreetmap.org/browse/node/598975860,,,,,,,,,,bar,,,,,,,,,,,,,,Comptoir de l'Arc,,,,,,,,,,,,limited,,,
Restaurants,1506456021,http://www.openstreetmap.org/browse/node/1506456021,,,,,,,,,,restaurant,,,,,,,,,,,,,,La Terrasse,,,,,,,,,,,,,,,
Cafés,635883724,http://www.openstreetmap.org/browse/node/635883724,,,,,,,,,,cafe,,,,,,,,,,,,,,,,,,,,,,,,,,,,,
Cafés,724187833,http://www.openstreetmap.org/browse/node/724187833,,,,,,,,,,cafe,,,,,,,,,,,,,,Fantasia,,,,,,,,,,,,,,,
Restaurants,1217404974,http://www.openstreetmap.org/browse/node/1217404974,,,,,,,,,,restaurant,,,,,,,french,,,,,,,Pourquoi pas?,,,,,,,,,,,,,,,
Bars,620884557,http://www.openstreetmap.org/browse/node/620884557,,,,,,,,,,bar,,,,,,,,,,,,,,La Distillerie,,,,,,,,,,,,,,,
Bars,1261342234,http://www.openstreetmap.org/browse/node/1261342234,,,,,,,,,,bar,wine,,,,,,,,,,,,,Le Times,,,,,,,,,,,,,,,
Restaurants,1585984247,http://www.openstreetmap.org/browse/node/1585984247,,,,,,,,,,restaurant,,,,,,,,,,,,,,Montpel',,,,,,,,,,,,,,,
Cafés,579814572,http://www.openstreetmap.org/browse/node/579814572,,,,,,,,,,cafe,,,,,,,,,,,,,,Café du Théâtre,,,,,,,,,,,,no,,,
Cafés,579814570,http://www.openstreetmap.org/browse/node/579814570,,,,,,,,,,cafe,,,,,,,,,,,,,,Yam's,,,,,,,,,,,,yes,,,
Restaurants,711896100,http://www.openstreetmap.org/browse/node/711896100,,,,,,,,,,restaurant,,,,,,,,,,,,,,Soledad,,,,,,,,,,,,,,,
Fast-Foods,466906172,http://www.openstreetmap.org/browse/node/466906172,,,,,,,,,,fast_food,,,,,,,burger,,,,,,,McDonald's,,,,,,,,,,,,,,,
Restaurants,1585984236,http://www.openstreetmap.org/browse/node/1585984236,,,,,,,,,,restaurant,,,,,,,,,,,,,,,,,,,,,,,,,,,,,
Restaurants,579783589,http://www.openstreetmap.org/browse/node/579783589,,,,,,,,,,restaurant,,,,,,,french,,,,,,,Le Petit Grill,,,,,,,,,,,,,,,
Fast-Foods,711896102,http://www.openstreetmap.org/browse/node/711896102,,,,,,,,,,fast_food,,,,,,,,,,,,,,Burger & Co,,,,,,,,,,,,,,,
Restaurants,644629199,http://www.openstreetmap.org/browse/node/644629199,,,,,,,,,,restaurant,,,,,,,,,,,,,,La Bande Annonce,,,,,,,,,,,,,,,
Restaurants,1719489681,http://www.openstreetmap.org/browse/node/1719489681,,,,,,,,,,restaurant,,,,,,,,,,,,,,,,,,,,,,,,,,,,,
Cafés,635883722,http://www.openstreetmap.org/browse/node/635883722,,,,,,,,,,cafe,,,,,,,,,,,,,,,,,,,,,,,,,,,,,
Fast-Foods,711896104,http://www.openstreetmap.org/browse/node/711896104,,,,,,,,,,fast_food,,,,,,,,,,,,,,Wasabi Sushi,,,,,,,,,,,,,,,
Restaurants,635883714,http://www.openstreetmap.org/browse/node/635883714,,,,,,,,,,restaurant,,,,,,,italian,,,,,,,Aux Arches de la Chapelle,,,,,,,,,,,,,,,
Cafés,1147494572,http://www.openstreetmap.org/browse/node/1147494572,,,,,,,,,,cafe,,,,,,,,,,,,,,Café Riche,,,,,,,,,,,,no,,,
Restaurants,609077227,http://www.openstreetmap.org/browse/node/609077227,,,,,7,,Place de la Chapelle Neuve,,,restaurant,,,,,+33467660809,,,,,,,,,Le Bistrot Gourmand,,,,,,,,,,,,,,,
Fast-Foods,635868920,http://www.openstreetmap.org/browse/node/635868920,,,,,,,,,,fast_food,,,,,,,,,,,,,,Ô Rendez-Vous,,,,,,,,,,,,,,,
Cafés,711896076,http://www.openstreetmap.org/browse/node/711896076,,,,,,,,,,cafe,,,,,,,,,,,,,,Le Sphinx Café,,,,,,,,,,,,,,,
Restaurants,635883715,http://www.openstreetmap.org/browse/node/635883715,,,,,,,,,,restaurant,,,,,,,,,,,,,,L'Antre-Potes,,,,,,,,,,,,,,,
Cafés,579814506,http://www.openstreetmap.org/browse/node/579814506,,,,,,,,,,cafe,,,,,,,,,,,,,,Welcomedia,,,,,,,,,,,,no,,,
Bars,598998076,http://www.openstreetmap.org/browse/node/598998076,,,,,,,,,,bar,wine,,,,,,,,,,,,,Le Comptoir,,,,,,,,,,,,,,,
Cafés,635883721,http://www.openstreetmap.org/browse/node/635883721,,,,,,,,,,cafe,,,,,,,,,,,,,,Delecto,,,,,,,,,,,,,,,
Restaurants,607956265,http://www.openstreetmap.org/browse/node/607956265,,,,,,,,,,restaurant,,,,,,,,,,,,,,Chez Boris,,,,,,,,,,,,,,,
Cafés,607956264,http://www.openstreetmap.org/browse/node/607956264,,,,,,,,,,cafe,,,,,,,,,,,,,,Grand Café de l'Esplanade,,,,,,,,,,,,yes,,,
Restaurants,1261342198,http://www.openstreetmap.org/browse/node/1261342198,,,,,,,,,,restaurant,,,,,,,japanese,,japan,,,,,Moshi-Moshi,,,,,,,,,,,,limited,,,
Restaurants,1738360211,http://www.openstreetmap.org/browse/node/1738360211,,,,,,,,,,restaurant,,,,,,,,,,,,,,Ripailles,,,,,,,,,,,,,,,
Bars,620882670,http://www.openstreetmap.org/browse/node/620882670,,,,,,,,,,bar,,,,,,,,,,,,,,Café Latitude,,,,,,,,,,,,,,,
Cafés,621197206,http://www.openstreetmap.org/browse/node/621197206,,,,,,,,,,cafe,,,,,,,,,,,,,,Le Jardin des Glaces,,,,,,,,,,,,,,,
Restaurants,635868921,http://www.openstreetmap.org/browse/node/635868921,,,,,,,,,,restaurant,,,,,,,,,,,,,,L'Oignon Givré,,,,,,,,,,,,,,,
Restaurants,1716859752,http://www.openstreetmap.org/browse/node/1716859752,,,,,,,,,,restaurant,,,,,,,,,,,,,,La Chêneraie,,,,,,,,,,,,,,,
Restaurants,622316104,http://www.openstreetmap.org/browse/node/622316104,,,,,,,,,,restaurant,,,,,,,,,,,,,,Via Pila,,,,,,,,,,,,,,,
Bars,1261342155,http://www.openstreetmap.org/browse/node/1261342155,,,,,,,,,,bar,wine,,,,,,,,,,,,,Mi Barrio,,,,,,,,,,,,,,,
Restaurants,583260046,http://www.openstreetmap.org/browse/node/583260046,,,,,,,,,,restaurant,,,,,,,french,,,,,,,Le Chat Perché,,,,,,,,,,,,,,,
Bars,620882679,http://www.openstreetmap.org/browse/node/620882679,,,,,,,,,,bar,,,,,,,,,,,,,,Café Teo,,,,,,,,,,,,,,,
Restaurants,930367721,http://www.openstreetmap.org/browse/node/930367721,,,,,17,,,,,restaurant,,yes,,,,,,,,,,,,Grande Brasserie,,,,,,,,,,,,no,,,
Fast-Foods,579783607,http://www.openstreetmap.org/browse/node/579783607,,,,,,,,,,fast_food,,,,,,,burger,,,,,,,Quick,,,,,,,,,,,,,,,
Fast-Foods,635868922,http://www.openstreetmap.org/browse/node/635868922,,,,,,,,,,fast_food,,,,,,,vietnamese,,,,,,,Kim-Yen,,,,,,,,,,,,,,,
Restaurants,711896078,http://www.openstreetmap.org/browse/node/711896078,,,,,,,,,,restaurant,,,,,,,,,,,,,,Le Calypso,,,,,,,,,,,,,,,
Fast-Foods,635883716,http://www.openstreetmap.org/browse/node/635883716,,,,,,,,,,fast_food,,,,,,,kebab,,,,,,,Chez Mouss,,,,,,,,,,,,,,,
Restaurants,605006260,http://www.openstreetmap.org/browse/node/605006260,,,,,,,,,,restaurant,,,,,,,,,,,,,,Insensé,,,,,,,,,,,,,,,
Bars,606350022,http://www.openstreetmap.org/browse/node/606350022,,,,,,,,,,bar,,,,,,,,,,,,,,Bla Bla Bar,,,,,,,,,,,,,,,
Cafés,724171872,http://www.openstreetmap.org/browse/node/724171872,,,,,,,,,,cafe,,,,,,,,,,,,,,Full G (littéraire),,,,,,,,,,,,,,,
Restaurants,601145619,http://www.openstreetmap.org/browse/node/601145619,,,,,,,,,,restaurant,,,,,,,fish,,,,,,,Le Petit Mickey,,,,,,,,,,,,,,,
Restaurants,1261342142,http://www.openstreetmap.org/browse/node/1261342142,,,,,,,,,,restaurant,,,,,,,,,,,,,,Le Bouchon Saint-Roch,,,,,,,,,,,,,,,
Restaurants,620884558,http://www.openstreetmap.org/browse/node/620884558,,,,,6,,Rue du Pila Saint-Gély,,,restaurant,,,,,+33467027807,,indian,,,,,,,Bombay,,,,,,,,,,,,,,,
Fast-Foods,635872134,http://www.openstreetmap.org/browse/node/635872134,,,,,,,,,,fast_food,,,,,,,,,,,,,,Pyramides Express,,,,,,,,,,,,,,,
Fast-Foods,1585984245,http://www.openstreetmap.org/browse/node/1585984245,,,,,,,,,,fast_food,,,,,,,,,,,,,,,,,,,,,,,,,,,,,
Bars,711888034,http://www.openstreetmap.org/browse/node/711888034,,,,,,,,,,bar,,,,,,,,,,,,,,Forcys,,,,,,,,,,,,,,,
Fast-Foods,724171883,http://www.openstreetmap.org/browse/node/724171883,,,,,,,,,,fast_food,,,,,,,indian,,,,,,,Kebab Indien,,,,,,,,,,,,,,,
Restaurants,1666067181,http://www.openstreetmap.org/browse/node/1666067181,,,,,,,,,,restaurant,,,,,,,,,,,,,,La Petite Crêperie,,,,,,,,,,,,,,,
Fast-Foods,635883718,http://www.openstreetmap.org/browse/node/635883718,,,,,,,,,,fast_food,,,,,,,,,,,,,,,,,,,,,,,,,,,,,
Restaurants,601145487,http://www.openstreetmap.org/browse/node/601145487,,,,,,,,,,restaurant,,,,,,,,,,,,,,,,,,,,,,,,,,,,,
Restaurants,724171882,http://www.openstreetmap.org/browse/node/724171882,,,,,,,,,,restaurant,,,,,,,,,,,,,,La Pirogue,,,,,,,,,,,,,,,
Bars,724171867,http://www.openstreetmap.org/browse/node/724171867,,,,,,,,,,bar,,,,,,,,,,,,,,Aero Bar,,,,,,,,,,,,,,,
Restaurants,-1907019321,http://www.openstreetmap.org/browse/node/2387947975,,,,,,,,,,restaurant,,,,,,,burger,,,,,,,Le Country Rock,,,,,,no,,no,yes,,,,,,
Bars,965717766,http://www.openstreetmap.org/browse/node/965717766,,,,,,,,,,bar,,,,,,,,,,,,,,Le Scarabée,,,,,,,,,,,,,,,
Restaurants,965718202,http://www.openstreetmap.org/browse/node/965718202,,,,,,,,,,restaurant,,,,,,,,,,,,,,,,,,,,,,,,,,,,,
Restaurants,965717764,http://www.openstreetmap.org/browse/node/965717764,,,,,,,,,,restaurant,,,,,,,,,,,,,,Le Goûter de Jeanne,,,,,,,,,,,,,,,
Restaurants,711888029,http://www.openstreetmap.org/browse/node/711888029,,,,,,,,,,restaurant,,,,,,,,,,,,,,Le Passé Composé,,,,,,,,,,,,,,,
Cafés,724187834,http://www.openstreetmap.org/browse/node/724187834,,,,,,,,,,cafe,,,,,,,,,,,,,,Le Dada Café,,,,,,,,,,,,,,,
Fast-Foods,621197207,http://www.openstreetmap.org/browse/node/621197207,,,,,,,,,,fast_food,,,,,,,,,,,,,,Le P'tit Mignon,,,,,,,,,,,,,,,
Restaurants,1720711427,http://www.openstreetmap.org/browse/node/1720711427,,,,,,,,,,restaurant,,,,,,,,,,,,,,Envie de Vert-Tige,,,,,,,,,,,,,,,
Restaurants,620882678,http://www.openstreetmap.org/browse/node/620882678,,,,,,,,,,restaurant,,,,,,,,,,,,,,La Coquille,,,,,,,,,,,,limited,,,
Cafés,965717762,http://www.openstreetmap.org/browse/node/965717762,,,,,,,,,,cafe,,,,,,,,,,,,,,,,,,,,,,,,,,,,,
Restaurants,724171868,http://www.openstreetmap.org/browse/node/724171868,,,,,,,,,,restaurant,,,,,,,thai,,,,,,,Les Petits Siamois,,,,,,,,,,,,,,,
Fast-Foods,711882564,http://www.openstreetmap.org/browse/node/711882564,,,,,,,,,,fast_food,,,,,,,,,,,,,,Le Boogui Burger,,,,,,,,,,,,,,,
Fast-Foods,621197205,http://www.openstreetmap.org/browse/node/621197205,,,,,,,,,,fast_food,,,,,,,,,,,,,,Le Kiosque à Malices,,,,,,,,,,,,limited,,,
Restaurants,1846855374,http://www.openstreetmap.org/browse/node/1846855374,,,,,,,,,,restaurant,,,,,,,french,Gastronomy,,,,,,Le Pastis,,,,,,,,,,,,,,,
Restaurants,613225285,http://www.openstreetmap.org/browse/node/613225285,,,,,,,,,,restaurant,,,,,,,,,,,,,,Les Bains de Montpellier,,,,,,,,,,,,limited,,,
Fast-Foods,607956721,http://www.openstreetmap.org/browse/node/607956721,,,,,,,,,,fast_food,,,,,,,,,,,,,,Le Contexte,,,,,,,,,,,,,,,
Cafés,579814536,http://www.openstreetmap.org/browse/node/579814536,,,,,,,,,,cafe,,,,,,,,,,,,,,Les Trois Grâces,,,,,,,,,,,,yes,,,
Restaurants,605004023,http://www.openstreetmap.org/browse/node/605004023,,,,,,,,,,restaurant,,,,,,,,,,,,,,Brasserie du Théâtre,,,,,,,,,,,,,,,
Restaurants,617028087,http://www.openstreetmap.org/browse/node/617028087,,,,,,,,,,restaurant,,,,,,,,,,,,,,La Tomate,,,,,,,,,,,,no,,,
Restaurants,617007934,http://www.openstreetmap.org/browse/node/617007934,,,,,,,,,,restaurant,,,,,,,italian,,,,,,,Piazza Papa,,,,,,,,,,,,yes,,,
Cafés,1347108117,http://www.openstreetmap.org/browse/node/1347108117,,,,,6,34000,Rue Loys,,,cafe,,,,,,,coffee_shop,,,Fairview Coffee,,,,Fairview Coffee,,,,,,,,,,,http://www.fairviewcoffee.com,,,,free
Restaurants,615025388,http://www.openstreetmap.org/browse/node/615025388,,,,,,,,,,restaurant,,,,,,,,,,,,,,Morceau de Lune,,,,,,,,,,,,,,,
Fast-Foods,711896083,http://www.openstreetmap.org/browse/node/711896083,,,,,,,,,,fast_food,,,,,,,,,,,,,,Ayach Pila,,,,,,,,,,,,,,,
Restaurants,617007937,http://www.openstreetmap.org/browse/node/617007937,,,,,,,,,,restaurant,,,,,,,crepe,,,,,,,Crêperie de la Comédie,,,,,,,,,,,,limited,,,
Fast-Foods,1347108127,http://www.openstreetmap.org/browse/node/1347108127,,,,,6,34000,Rue Loys,,,fast_food,,,,,,,american,,,,,,,Bagel House,,,,,,,,,,,,,,,
Cafés,621195695,http://www.openstreetmap.org/browse/node/621195695,,,,,,,,,,cafe,,,,,,,,,,,,,,La Vieille Porte,,,,,,,,,,,,,,,
Restaurants,674080496,http://www.openstreetmap.org/browse/node/674080496,,,,,,,,,,restaurant,,,,,,,,,,,,,,L'Absolu,,,,,,,,,,,,,,,
Cafés,674091003,http://www.openstreetmap.org/browse/node/674091003,,,,,,,,,,cafe,,,,,,,,,,,,,,Le Pinnochio,,,,,,,,,,,,,,,
Restaurants,-2141939364,http://www.openstreetmap.org/browse/node/2153027932,,,,,,,,,,restaurant,,,,,,,,,,,,,,Le Chapeau Rouge,,,,,yes,,,,,,,,,,
Restaurants,620882677,http://www.openstreetmap.org/browse/node/620882677,,,,,,,,,,restaurant,,,,,,,,,,,,,,La Symphonie,,,,,,,,,,,,,,,
Bars,600736627,http://www.openstreetmap.org/browse/node/600736627,,,,,,,,,,bar,,,,,,,,,,,,,,Barberousse,,,,,,,,,,,,,,,
Cafés,674093629,http://www.openstreetmap.org/browse/node/674093629,,,,,,,,,,cafe,,,,,,,,,,,,,,Le Palais des Thés,,,,,,,,,,,,,,,
Fast-Foods,674096934,http://www.openstreetmap.org/browse/node/674096934,,,,,,,,,,fast_food,,,,,,,,,,,,,,J'ai Faim,,,,,,,,,,,,,,,
Restaurants,609076764,http://www.openstreetmap.org/browse/node/609076764,,,,,,,,,,restaurant,,,,,,,italian,,,,,,,Sicilia,,,,,,,,,,,,,,,
Restaurants,601146034,http://www.openstreetmap.org/browse/node/601146034,,,,,,,,,,restaurant,,,,,,,african,,,,,,,La Case du Saloum,,,,,,,,,,,,,,,
Restaurants,608275467,http://www.openstreetmap.org/browse/node/608275467,,,,,4,,Rue Boussairolles,,,restaurant,,,,,,,thai,,,,,,,O saveurs d'Asie,,,,,,,,,,,,,,,
Fast-Foods,1719508115,http://www.openstreetmap.org/browse/node/1719508115,,,,,,,,,,fast_food,,,,,,,,,,,,,,Croc Vite,,,,,,,,,,,,,,,
Restaurants,608218699,http://www.openstreetmap.org/browse/node/608218699,,,,,4,,Rue de Verdun,,,restaurant,,,,,,,french,,,,,,,L'Assiette au Boeuf,,,,,,,,,,,,limited,,,
Fast-Foods,609239742,http://www.openstreetmap.org/browse/node/609239742,,,,,,,,,,fast_food,,,,,,,pizza,,,,,,,Pizza Pizzetta,,,,,,,,,,,,,,,
Bars,600736626,http://www.openstreetmap.org/browse/node/600736626,,,,,,,,,,bar,,,,,,,,,,,,,,Chez Félix,,,,,,,,,,,,,,,
Cafés,616935559,http://www.openstreetmap.org/browse/node/616935559,,,,,,,,,,cafe,,,,,,,,,,,,,,Pub d'Angleterre,,,,,,,,,,,,,,,
Bars,711882555,http://www.openstreetmap.org/browse/node/711882555,,,,,,,,,,bar,,,,,,,,,,,,,,La Belle Époque,,,,,,yes,,,,,,,,,
Fast-Foods,608269691,http://www.openstreetmap.org/browse/node/608269691,,,,,4,,Rue Vanneau,,,fast_food,,,,,,,kebab,,,,,,,L'Aristo,,,,,,,,,,,,,,,
Restaurants,608262480,http://www.openstreetmap.org/browse/node/608262480,,,,,3,,Rue de verdun,,,restaurant,,,,,,,french,,,,,,,L'Entrecôte,,,,,,,,,,,,,,,
Fast-Foods,608229459,http://www.openstreetmap.org/browse/node/608229459,,,,,4,,Rue de Verdun,,,fast_food,,,,,,,,,,,,,,Francesca,,,,,,,,,,,,,,,
Fast-Foods,608286287,http://www.openstreetmap.org/browse/node/608286287,,,,,4,,Rue Boussairolles,,,fast_food,,,,,,,kebab,,,,,,,La Rose des Sables,,,,,,,,,,,,,,,
Restaurants,620882675,http://www.openstreetmap.org/browse/node/620882675,,,,,,,,,,restaurant,,,,,,,,,,,,,,Le Petit Jardin,,,,,,,,,,,,,,,
Restaurants,621195696,http://www.openstreetmap.org/browse/node/621195696,,,,,,,,,,restaurant,,,,,,,,,,,,,,La Palmeraie,,,,,,,,,,,,,,,
Fast-Foods,608289427,http://www.openstreetmap.org/browse/node/608289427,,,,,4,,Rue Vanneau,,,fast_food,,,,,,,kebab,,,,,,,Nemrut Kebab,,,,,,,,,,,,,,,
Restaurants,1585984219,http://www.openstreetmap.org/browse/node/1585984219,,,,,,,,,,restaurant,,,,,,,,,,,,,,,,,,,,,,,,,,yes,,,
Restaurants,1846854147,http://www.openstreetmap.org/browse/node/1846854147,,,,,,,,,,restaurant,,,,,,,pizza,,,,,,,Pizza Valentino,,,,,,,,,,,,,,,
Fast-Foods,608223968,http://www.openstreetmap.org/browse/node/608223968,,,,,4,,Rue de Verdun,,,fast_food,,,,,,,sandwich,,,,,,,Subway,,,,,,,,,,,,,,,
Fast-Foods,579783634,http://www.openstreetmap.org/browse/node/579783634,,,,,,,,,,fast_food,,,,,,,chicken,,,,,,,Chicken Baba,,,,,,,,,,,,,,,
Restaurants,621193468,http://www.openstreetmap.org/browse/node/621193468,,,,,,,,,,restaurant,,,,,,,mauritian,,,,,,,Puja,,,,,,,,,,,,,,,
Bars,-2042045319,http://www.openstreetmap.org/browse/node/2252921977,,,,,,,,,,bar,,,,,,,,,,,,,,,,,,,,,,,,,,,,,
Fast-Foods,724210509,http://www.openstreetmap.org/browse/node/724210509,,,,,,,,,,fast_food,,,,,,,kebab,,,,,,,Kebab Indien,,,,,,,,,,,,,,,
Restaurants,1719505392,http://www.openstreetmap.org/browse/node/1719505392,,,,,,,,,,restaurant,,,,,,,spanish,,,,,,,Al Andalus,,,,,,,,,,,,,,,
Cafés,579783622,http://www.openstreetmap.org/browse/node/579783622,,,,,,,,,,cafe,,,,,,,,,,,,,,Wasamis Café,,,,,,,,,,,,,,,
Cafés,583260045,http://www.openstreetmap.org/browse/node/583260045,,,,,,,,,Chez Ed,cafe,,,,,,,,,,,,,,Bar des Amis,,,,,,,,,,,,limited,,,
Restaurants,620882682,http://www.openstreetmap.org/browse/node/620882682,,,,,,,,,,restaurant,,,,,,,,,,,,,,Volodia,,,,,,,,,,,,,,,
Fast-Foods,621195817,http://www.openstreetmap.org/browse/node/621195817,,,,,,,,,,fast_food,,,,,,,pasta,,,,,,,La Tête qui Tourne,,,,,,,,,,,,,,,
Fast-Foods,1253673406,http://www.openstreetmap.org/browse/node/1253673406,,,,,,,,,,fast_food,,,,,,,,,,,,,,Sandwich K,,,,,,,,,,,,,,,
Fast-Foods,608297177,http://www.openstreetmap.org/browse/node/608297177,,,,,12,,Rue Boussairolles,,,fast_food,,,,,,,kebab,,,,,,,Karababa Sultan,,,,,,,,,,,,,,,
Cafés,466906166,http://www.openstreetmap.org/browse/node/466906166,,,,,,,,,,cafe,,,,,,,,,,,,,,Green Coffee,,,,,,,,,,,,,,,
Restaurants,1846856168,http://www.openstreetmap.org/browse/node/1846856168,,,,,,,,,,restaurant,,,,,,,japanese,,,,,,,,,,,,,,,,,,,,,,
Cafés,635872124,http://www.openstreetmap.org/browse/node/635872124,,,,,,,,,,cafe,,,,,,,,,,,terminal,,,Le Nautilus,,,,,,,,,,,,no,,,
Restaurants,620882681,http://www.openstreetmap.org/browse/node/620882681,,,,,,,,,,restaurant,,,,,,,,,,,,,,La Grange,,,,,,,,,,,,,,,
Fast-Foods,1585969700,http://www.openstreetmap.org/browse/node/1585969700,,,,,,,,,,fast_food,,,,,,,kebab,,,,,,,L'Oasis,,,,,,,,,,,,,,,
Restaurants,608241780,http://www.openstreetmap.org/browse/node/608241780,,,,,10,,Rue de verdun,,,restaurant,,,,,,,italian,,,,,,,Dolce Italia,,,,,,,,,,,,,,,
Restaurants,608305871,http://www.openstreetmap.org/browse/node/608305871,,,,,14,,Rue Boussairolles,,,restaurant,,,,,,,chinese,,,,,,,La Chine,,,,,,,,,,,,,,,
Restaurants,-2042045329,http://www.openstreetmap.org/browse/node/2252921967,,,,,,,,,,restaurant,,,,,,,,,,,,,,,,,,,,,,,,,,,,,
Restaurants,-2002633861,http://www.openstreetmap.org/browse/node/2292333435,,,,,,,,,,restaurant,,,,,,,,,,,,,,Grillad'Oc,,,,,,,,,,,,,,,
Restaurants,1585689139,http://www.openstreetmap.org/browse/node/1585689139,,,,,,,,,,restaurant,,,,,,,,,,,,,,Brasserie Les Négociants,,,,,,,,,,,,,,,
Fast-Foods,635872129,http://www.openstreetmap.org/browse/node/635872129,,,,,,,Quai du Verdanson,,,fast_food,,,,,,,pizza,,,,,,,Domino's Pizza,,,,,,,,,,,,yes,,,
Restaurants,608303113,http://www.openstreetmap.org/browse/node/608303113,,,,,16,,Rue Boussairolles,,,restaurant,,,,,,,chinese,,,,,,,Le Tonkin,,,,,,,,,,,,,,,
Restaurants,608254167,http://www.openstreetmap.org/browse/node/608254167,,,,,12,,Rue de verdun,,,restaurant,,,,,,,japanese,,,,,,,Sushi boat,,,,,,,,,,,,,,,
Bars,1585969698,http://www.openstreetmap.org/browse/node/1585969698,,,,,,,,,,bar,,,,,,,,,,,,,,Cubanito Café,,,,,,,,,,,,,,,
Restaurants,622296078,http://www.openstreetmap.org/browse/node/622296078,,,,,,,,,,restaurant,,,,,,,,,,,,,,Bodega Los Caracoles,,,,,,,,,,,,,,,
Bars,606350143,http://www.openstreetmap.org/browse/node/606350143,,,,,,,,,,bar,,,,,,,,,,,,,,Broc Café,,,,,,,,,,,,,,,
Cafés,664032825,http://www.openstreetmap.org/browse/node/664032825,,,,,,,,,,cafe,,,,,,,,,,,,,,Bar des 4 Saisons,,,,,,,,,,,,,,,
Fast-Foods,608258144,http://www.openstreetmap.org/browse/node/608258144,,,,,13,,Rue de verdun,,,fast_food,,,,,,,chinese,,,,,,,Shanghai Fast Food,,,,,,,,,,,,,,,
Restaurants,1587217899,http://www.openstreetmap.org/browse/node/1587217899,,,,,,,,,,restaurant,,,,,,,armenian,,,,,,,Air d'Arménie,,,,,,,,,,,,no,,,
Restaurants,608241787,http://www.openstreetmap.org/browse/node/608241787,,,,,4,,Rue du Clos René,,,restaurant,,,,,,,lebanese,,,,,,,Al Manara,,,,,,,,,,,,,,,
Restaurants,724207890,http://www.openstreetmap.org/browse/node/724207890,,,,,,,,,,restaurant,,,,,,,,,,,,,,Ma Perqué !,,,,,,,,,,,,,,,
Restaurants,608303104,http://www.openstreetmap.org/browse/node/608303104,,,,,16,,Rue Boussairolles,,,restaurant,,,,,,,vietnamese,,,,,,,Fleur de jade,,,,,,,,,,,,,,,
Bars,1587217896,http://www.openstreetmap.org/browse/node/1587217896,,,,,,,,,,bar,,,,,,,,,,,,,,Le Riad,,,,,,,,,,,,,,,
Restaurants,608101376,http://www.openstreetmap.org/browse/node/608101376,,,,,8,,Rue du Clos René,,,restaurant,,,,,,,vietnamese,,,,,,,Le Bol d'Or,,,,,,,,,,,,,,,
Restaurants,-2042045325,http://www.openstreetmap.org/browse/node/2252921971,,,,,,,,,,restaurant,,,,,,,laotian,,,,,,,,,,,,,,,,,,,,,,
Restaurants,724226220,http://www.openstreetmap.org/browse/node/724226220,,,,,,,,,,restaurant,,,,,,,,,,,,,,Le Concombre Masqué,,,,,,,,,,,,,,,
Fast-Foods,724226219,http://www.openstreetmap.org/browse/node/724226219,,,,,,,,,,fast_food,,,,,,,,,,,,,,L'Orange Bleue,,,,,,,,,,,,,,,
Fast-Foods,1721122877,http://www.openstreetmap.org/browse/node/1721122877,,,,,,,,,,fast_food,,,,,,,,,,,,,,,,,,,,,,,,,,,,,
Bars,1587217895,http://www.openstreetmap.org/browse/node/1587217895,,,,,,,,,,bar,,,,,,,,,,,,,,El Caliente,,,,,,,,,,,,yes,,,
Fast-Foods,724226218,http://www.openstreetmap.org/browse/node/724226218,,,,,,,,,,fast_food,,,,,,,kebab,,,,,,,Speed Snack,,,,,,,,,,,,,,,
Restaurants,607975428,http://www.openstreetmap.org/browse/node/607975428,,,,,9,,Rue Bruyas,,,restaurant,,,,,,,tunisian,,,,,,,Carthage Milk,,,,,,,,,,,,no,,,
Restaurants,607975082,http://www.openstreetmap.org/browse/node/607975082,,,,,9,,Rue Bruyas,,,restaurant,,,,,,,tunisian,,,,,,,Le Petit Vatel,,,,,,,,,,,,no,,,
Restaurants,607974828,http://www.openstreetmap.org/browse/node/607974828,,,,,7,,Rue Bruyas,,,restaurant,,,,,,,indian,,,,,,,Le New Kashmir,,,,,,,,,,,,no,,,
Cafés,724224668,http://www.openstreetmap.org/browse/node/724224668,,,,,,,,,,cafe,,,,,,,,,,,,,,Le Black Pearl,,,,,,,,,,,,,,,
Cafés,1721122879,http://www.openstreetmap.org/browse/node/1721122879,,,,,,,,,,cafe,,,,,,,,,,,,,,Saloon,,,,,,,,,,,,,,,
Restaurants,608297200,http://www.openstreetmap.org/browse/node/608297200,,,,,17,,Rue Boussairolles,,,restaurant,,,,,,,vietnamese,,,,,,,La Pagode,,,,,,,,,,,,,,,
Restaurants,1601102593,http://www.openstreetmap.org/browse/node/1601102593,,,,,,,,,,restaurant,,,,,,,french,,,,,,yes,Chez ma copine,,,,,,,,no,,,,yes,,,
Fast-Foods,600734699,http://www.openstreetmap.org/browse/node/600734699,,,,,6,,Rue Aristide Ollivier,,,fast_food,,,,,,,kebab,,,,,,,Le Cheese Nan,,,,,,,,,,,,,,,
Restaurants,606350294,http://www.openstreetmap.org/browse/node/606350294,,,,,,,,,,restaurant,,,,,,,belgian,,,,,,,La Gueuze,,,,,,,,,,,,,,,
Fast-Foods,724207898,http://www.openstreetmap.org/browse/node/724207898,,,,,,,,,,fast_food,,,,,,,,,,,,,,Point Chaud,,,,,,,,,,,,,,,
Cafés,616933496,http://www.openstreetmap.org/browse/node/616933496,,,,,,,,,,cafe,,,,,,,,,,,,,,Le Maguelone,,,,,,,,,,,,,,,
Cafés,628108732,http://www.openstreetmap.org/browse/node/628108732,,,,,,,,,,cafe,,,,,,,,,,,,,,Bar de la Tour Eiffel,,,,,,,,,,,,,,,
Fast-Foods,608120599,http://www.openstreetmap.org/browse/node/608120599,,,,,6,,Rue Aristide Ollivier,,,fast_food,,,,,,,kebab,,,,,,,King Kebab,,,,,,,,,,,,,,,
Bars,1461344979,http://www.openstreetmap.org/browse/node/1461344979,,,,,,,,,,bar,,,,,,,,,,,,,,Antirouille,,,,,,,,,,,,,,,
Fast-Foods,608137641,http://www.openstreetmap.org/browse/node/608137641,,,,,8,,Rue Aristide Ollivier,,,fast_food,,,,,,,kebab,,,,,,,Bacara,,,,,,,,,,,,,,,
Fast-Foods,724202361,http://www.openstreetmap.org/browse/node/724202361,,,,,,,,,,fast_food,,,,,,,kebab,,,,,,,Eyyüb Kebab,,,,,,,,,,,,,,,
Restaurants,724202355,http://www.openstreetmap.org/browse/node/724202355,,,,,,,,,,restaurant,,,,,,,,,,,,,,La Comtesse,,,,,,,,,,,,,,,
Fast-Foods,579783677,http://www.openstreetmap.org/browse/node/579783677,,,,,,,,,,fast_food,,,,,,,,,,,,,,Cap Chef,,,,,,,,,,,,limited,,,
Cafés,1716798749,http://www.openstreetmap.org/browse/node/1716798749,,,,,,,,,,cafe,,,,,,,,,,,,,,Le Petit Comptoir,,,,,,,,,,,,,,,
Fast-Foods,1719717426,http://www.openstreetmap.org/browse/node/1719717426,,,,,,,,,,fast_food,,,,,,,,,,,,,,,,,,,,,,,,,,,,,
Cafés,664084351,http://www.openstreetmap.org/browse/node/664084351,,,,,,,,,,cafe,,,,,,,,,,,,,,Brûlerie du Courreau (dégustaion café et thé),,,,,,,,,,,,,,,
Restaurants,1729643500,http://www.openstreetmap.org/browse/node/1729643500,,,,,,,,,,restaurant,,,,,,,,,,,,,,,,,,,,,,,,,,,,,
Cafés,635903321,http://www.openstreetmap.org/browse/node/635903321,,,,,,,,,,cafe,,,,,,,,,,,service,,,,,,,,,,,,,,,no,,,
Restaurants,622317000,http://www.openstreetmap.org/browse/node/622317000,,,,,,,,,,restaurant,,,,,,,,,,,,,,Aux 5 sens,,,,,,,0467709783,,,,,yes,,,
Restaurants,608148271,http://www.openstreetmap.org/browse/node/608148271,,,,,10,,Rue Aristide Ollivier,,,restaurant,,,,,,,italian,,,,,,,Le Verdi,,,,,,,,,,,,,,,
Cafés,613386614,http://www.openstreetmap.org/browse/node/613386614,,,,,,,,,,cafe,,,,,,,,,,,,,,L'enKcafé,,,,,,,,,,,,,,,
Restaurants,622317259,http://www.openstreetmap.org/browse/node/622317259,,,,,,,,,,restaurant,,,,,,,indian,,,,,,,Krishna,,,,,,,,,,,,yes,,,
Restaurants,608165076,http://www.openstreetmap.org/browse/node/608165076,,,,,12,,Rue Aristide Ollivier,,,restaurant,,,,,,,french,,,,,,,L'Olivier,,,,,,,,,,,,,,,
Cafés,579814628,http://www.openstreetmap.org/browse/node/579814628,,,,,,,,,,cafe,,,,,,,,,,,,,,Art Café,,,,,,,,,,,,no,,,
Bars,579814541,http://www.openstreetmap.org/browse/node/579814541,,,,,,,,,,bar,,,,,,,,,,,,,,Rockstore,,,,,,,,,,,,,,,
Restaurants,645723690,http://www.openstreetmap.org/browse/node/645723690,,,,,,,,,,restaurant,,,,,,,,,,,,,,Brasserie des Autobus,,,,,,,,,,,,,,,
Fast-Foods,664032809,http://www.openstreetmap.org/browse/node/664032809,,,,,,,,,,fast_food,,,,,,,kebab,,,,,,,Artemis,,,,,,,,,,,,,,,
Fast-Foods,724202366,http://www.openstreetmap.org/browse/node/724202366,,,,,,,,,,fast_food,,,,,,,,,,,,,,Bar à Pâtes,,,,,,,,,,,,limited,,,
Restaurants,1626968410,http://www.openstreetmap.org/browse/node/1626968410,,,,,,,,,,restaurant,,,,,,,,,,,,,,Gustave,,,,,,,,,,,,limited,,,
Fast-Foods,664032808,http://www.openstreetmap.org/browse/node/664032808,,,,,,,,,,fast_food,,,,,,,kebab,,,,,,,Pizza Cezar,,,,,,,,,,,,,,,
Restaurants,628112524,http://www.openstreetmap.org/browse/node/628112524,,,,,,,,,,restaurant,,,,,,,,,,,,,,Le Bon Coin,,,,,,,,,,,,,,,
Cafés,1626968458,http://www.openstreetmap.org/browse/node/1626968458,,Montpellier,FR,,4,34000,Place des Beaux-Arts,,,cafe,,,,,,,,,,,,,,Les Super Vedettes,,,,,,,,,,,,yes,,,
Restaurants,616106077,http://www.openstreetmap.org/browse/node/616106077,,,,,,,,,,restaurant,,,,,,,,,,,,,,Le Patio St-Roch,,,,,,,,,,,,,,,
Restaurants,579739333,http://www.openstreetmap.org/browse/node/579739333,,,,,,,,,,restaurant,,,,,,,italian,,,,,,,Chez Vincent,,,,,,,,,,,,yes,,,
Fast-Foods,579739322,http://www.openstreetmap.org/browse/node/579739322,,,,,,,,,,fast_food,,,,,,,pizza,,,,,,,Pizza-Snack chez Alain,,,,,,,,,,,,,,,
Cafés,1626968449,http://www.openstreetmap.org/browse/node/1626968449,,,,,,,,,,cafe,,,,,,,,,,,,,,Le Chant des Dames - Chez Jackie,,,,,,,,,,,,yes,,,
Restaurants,579814452,http://www.openstreetmap.org/browse/node/579814452,,,,,,,,,,restaurant,,,,,,,french,,,,,,,,,,,,,,,,,,,,,,
Restaurants,611634696,http://www.openstreetmap.org/browse/node/611634696,,,,,,,,,,restaurant,,,,,,,,,,,,,,Brasserie Le Dôme,,,,,,,,,,,,,,,
Restaurants,1732434628,http://www.openstreetmap.org/browse/node/1732434628,,,,,,,,,,restaurant,,,,,,,,,,,,,,Cafétéria du CROUS (Université),,,,,,,,,,,,yes,,,
Cafés,1719717432,http://www.openstreetmap.org/browse/node/1719717432,,,,,,,,,,cafe,,,,,,,,,,,,,,,,,,,,,,,,,,,,,
Fast-Foods,617025544,http://www.openstreetmap.org/browse/node/617025544,,,,,,,,,,fast_food,,,,,,,chinese,,,,,,,Woking,,,,,,,,,,,,,,,
Bars,1626918948,http://www.openstreetmap.org/browse/node/1626918948,,Montpellier,FR,,6,34000,Place des Beaux-Arts,,,bar,,,,,,,,,,,,,,Le Spot,,,,,,,,,,,,limited,,,
Restaurants,616106076,http://www.openstreetmap.org/browse/node/616106076,,,,,,,,,,restaurant,,,,,,,,,,,,,,Brasserie de la Gare,,,,,,,,,,,,,,,
Fast-Foods,635875018,http://www.openstreetmap.org/browse/node/635875018,,,,,,,,,,fast_food,,,,,,,Japanese Sushi,,,,,,,,,,,,,,,,,,,,,,
Fast-Foods,600734368,http://www.openstreetmap.org/browse/node/600734368,,,,,,,,,,fast_food,,,,,,,kebab,,,,,,,Les Sables d'Or,,,,,,,,,,,,,,,
Restaurants,1587217897,http://www.openstreetmap.org/browse/node/1587217897,,,,,,,,,,restaurant,,,,,,,thai,,,,,,,Ban Thai,,,,,,,,,,,,no,,,
Fast-Foods,1624181401,http://www.openstreetmap.org/browse/node/1624181401,,,,,,,,,,fast_food,,,,,,,pizza,,,,,,,,,,,,,,,,,,,,,,
Fast-Foods,660179403,http://www.openstreetmap.org/browse/node/660179403,,,,,,,,,,fast_food,,,,,,,,,,,,,,Fast Food Vietnamien,,,,,,,,,,,,,,,
Restaurants,479160973,http://www.openstreetmap.org/browse/node/479160973,,,,,,,,,,restaurant,,,,,,,,,,,,,,,,,,,,,,,,,,yes,,,
Cafés,1624157524,http://www.openstreetmap.org/browse/node/1624157524,,,,,,,,,,cafe,,,,,,,,,,,,,,Café des Beaux-Arts,,,,,,,,,,,,no,,,
Fast-Foods,664040562,http://www.openstreetmap.org/browse/node/664040562,,,,,,,,,,fast_food,,,,,,,burger,,,,,,,The Break's,,,,,,,,,,,,,,,
Cafés,660179402,http://www.openstreetmap.org/browse/node/660179402,,,,,,,,,,cafe,,,,,,,,,,,,,,Brasserie,,,,,,,,,,,,,,,
Fast-Foods,664040563,http://www.openstreetmap.org/browse/node/664040563,,,,,,,,,,fast_food,,,,,,,burger,,,,,,,BES,,,,,,,,,,,,,,,
Restaurants,660179400,http://www.openstreetmap.org/browse/node/660179400,,,,,,,,,,restaurant,,,,,,,,,,,,,,Le Clémenceau,,,,,,,,,,,,,,,
Cafés,645736568,http://www.openstreetmap.org/browse/node/645736568,,,,,,,,,,cafe,,,,,,,,,,,,,,Bar Gambetta,,,,,,,,,,,,,,,
Restaurants,598980552,http://www.openstreetmap.org/browse/node/598980552,,,,,,,,,,restaurant,,,,,,,,,,,,,,Chez Cisco,,,,,,,,,,,,yes,,,
Restaurants,664040555,http://www.openstreetmap.org/browse/node/664040555,,,,,,,,,,restaurant,,,,,,,,,,,,,,Les Caves du Courreau,,,,,,,,,,,,,,,
Bars,598985818,http://www.openstreetmap.org/browse/node/598985818,,,,,,,,,,bar,,,,,,,,,,,,,,Sound Station,,,,,,,,,,,,,,,
Fast-Foods,660189656,http://www.openstreetmap.org/browse/node/660189656,,,,,,,,,,fast_food,,,,,,,kebab,,,,,,,Mega Star Kebab,,,,,,,,,,,,,,,
Restaurants,664040559,http://www.openstreetmap.org/browse/node/664040559,,,,,,,,,,restaurant,,,,,,,chinese,,,,,,,Le Canard Laqué,,,,,,,,,,,,,,,
Restaurants,664040758,http://www.openstreetmap.org/browse/node/664040758,,,,,,,,,,restaurant,,,,,,,japanese,,,,,,,Kung Fhu Shi,,,,,,,,,,,,,,,
Restaurants,608314484,http://www.openstreetmap.org/browse/node/608314484,,,,,4,,Rue Cité Benoit,,,restaurant,,,,,,,moroccan,,,,,,,Le Regency,,,,,,,,,,,,,,,
Cafés,1733408819,http://www.openstreetmap.org/browse/node/1733408819,,,,,3,,Rue du Pont de Lattes,,,cafe,,,,,,,,,,,wired,,,Cyber@Games,,,,,,,,,,,,no,,,
Fast-Foods,1721083431,http://www.openstreetmap.org/browse/node/1721083431,,,,,4,34000,Rue Henri René,,,fast_food,,,,,,,,,,,,,,BCBG,,,,,,,+330760731981,,,,,yes,,,
Fast-Foods,660189651,http://www.openstreetmap.org/browse/node/660189651,,,,,,,,,,fast_food,,,,,,,,,,,,,,Mala d'Asie,,,,,,,,,,,,,,,
Restaurants,599009264,http://www.openstreetmap.org/browse/node/599009264,,,,,4,34000,Rue Henri René,,,restaurant,,,,,,,,,,,,,,Le Palmier,,,,,,,+33467659828,,,,,no,,,
Bars,1745312820,http://www.openstreetmap.org/browse/node/1745312820,,,,,,,,,,bar,,,,,,,,,,,,,,Le Printemps,,,,,,,,,,,,,,,
Cafés,-1822963153,http://www.openstreetmap.org/browse/node/2472004143,,,,,,,,,,cafe,,,,,,,,,,,,,,,,,,,,,,,,,,,,,
Fast-Foods,660189643,http://www.openstreetmap.org/browse/node/660189643,,,,,,,,,,fast_food,,,,,,,burger,,,,,,,Speed Burger,,,,,,,,,,,,,,,
Restaurants,599010080,http://www.openstreetmap.org/browse/node/599010080,,,,,,,,,,restaurant,,,,,,,,,,,,,,Bistrot Zoé,,,,,,,,,,,,,,,
Restaurants,674054943,http://www.openstreetmap.org/browse/node/674054943,,,,,,,,,,restaurant,,,,,,,,,,,,,,La Pyramide,,,,,,,,,,,,,,,
Cafés,664045973,http://www.openstreetmap.org/browse/node/664045973,,,,,,,,,,cafe,,,,,,,,,,,,,,,,,,,,,,,,,,,,,
Cafés,1733302586,http://www.openstreetmap.org/browse/node/1733302586,,,,,,,,,,cafe,,,,,,,,,,,yes,,,A Gui Bon Téléphonie,,,,,,,,,,,,no,,,
Restaurants,-1958755944,http://www.openstreetmap.org/browse/node/2336211352,,,,,,,,,,restaurant,,,,,,,african,,,,,,,Ô Délices des Saveurs,,,,,,,,,,,,,,,
Restaurants,1624007003,http://www.openstreetmap.org/browse/node/1624007003,,,,,43,,Rue de la Cavalerie,,,restaurant,,,,,,,,,,,,,,QG des Beaux Arts,,,,,,,,,,,,yes,,,
Restaurants,553101443,http://www.openstreetmap.org/browse/node/553101443,,,,,,,,,,restaurant,,,,,,,,,,,,,,L'Escapade,,,,,,,,,,,,,,,
Fast-Foods,598921515,http://www.openstreetmap.org/browse/node/598921515,,,,,10,34000,Rue Henri René,,,fast_food,,,,,,,chinese,,,,,,,To Ly,,,,,,,,,,,,no,,,
Fast-Foods,660189647,http://www.openstreetmap.org/browse/node/660189647,,,,,,,,,,fast_food,,,,,,,sushi,,,,,,,Miami Sushi,,,,,,,,,,,,,,,
Restaurants,598975437,http://www.openstreetmap.org/browse/node/598975437,,,,,2,,Place de Strasbourg,,,restaurant,,,,,+33467670188,,regional,,,,,,,O'Coing,,,,,,,,,,,www.o-coing.com,no,,,
Fast-Foods,599009263,http://www.openstreetmap.org/browse/node/599009263,,,,,9,,Rue Henri René,,,fast_food,,,,,,,kebab,,,,,,,Kosmos,,,,,,,,,,,,no,,,
Fast-Foods,674054935,http://www.openstreetmap.org/browse/node/674054935,,,,,,,,,,fast_food,,,,,,,,,,,,,,Les Délices de Gambetta,,,,,,,,,,,,,,,
Fast-Foods,599009262,http://www.openstreetmap.org/browse/node/599009262,,,,,9,,Rue Henri René,,,fast_food,,,,,,,,,,,,,,Zooba,,,,,,,,,,,,no,,,
Restaurants,598921236,http://www.openstreetmap.org/browse/node/598921236,,,,,3,,Place de Strasbourg,,,restaurant,,,,,+33467223063,,chinese,,,,,,,Parfums d'Asie,,,,,,,,,,,,yes,,,
Restaurants,614102103,http://www.openstreetmap.org/browse/node/614102103,,,,,11,,Rue du Pont de Lattes,,,restaurant,,,,,,,greek,,,,,,,La Petite Aphrodite,,,,,,,,,,,,no,,,
Fast-Foods,579783665,http://www.openstreetmap.org/browse/node/579783665,,,,,,,,,,fast_food,,,,,,,,,,,,,,Le Cocon,,,,,,,,,,,,,,,
Bars,1721083426,http://www.openstreetmap.org/browse/node/1721083426,,,,,,,,,,bar,,,,,,,,,,,,,,Le Saphir,,,,,,,,,,,,,,,
Restaurants,598921514,http://www.openstreetmap.org/browse/node/598921514,,,,,11,,Rue Henri René,,,restaurant,,,,,,,african,,,,,,,Saveurs d'Afrique,,,,,,,,,,,,,,,
Restaurants,-1958755937,http://www.openstreetmap.org/browse/node/2336211359,,,,,,,,,,restaurant,,,,,,,african,,,,,,,Le Maquis,,,,,,,,,,,,,,,
Restaurants,598937407,http://www.openstreetmap.org/browse/node/598937407,,,,,,,,,,restaurant,,,,,,,,,,,,,,Le Dilemme,,,,,,,,,,,,,,,
Fast-Foods,606350296,http://www.openstreetmap.org/browse/node/606350296,,,,,18,,Rue du Carré du Roi,,,fast_food,,,,,,,,,,,,,,A La Table du Roi,,,,,,,,,,,,yes,,,
Fast-Foods,1703032391,http://www.openstreetmap.org/browse/node/1703032391,,,,,7,,Rue Frédéric Bazille,,,fast_food,,,,,,,,,,,,,,Le Palais Gourmand,,,,,,,,,,,,no,,,
Restaurants,614101693,http://www.openstreetmap.org/browse/node/614101693,,,,,12,,Rue du Pont de Lattes,,,restaurant,,,,,,,,,,,,,,Le Bistrot 12,,,,,,,,,,,,yes,,,
Fast-Foods,1666891260,http://www.openstreetmap.org/browse/node/1666891260,,,,,1,,Boulevard de Strasbourg,,,fast_food,,,,,+33800973434,,pizza,,,,,,,Spizza 34,,,,,,,,,,,,,,,
Restaurants,598936804,http://www.openstreetmap.org/browse/node/598936804,,,,,15,,rue Henri René,,,restaurant,,,,,,,french,,,,,,,La Tulipe,,,,,,,,,,,,,,,
Bars,1703032381,http://www.openstreetmap.org/browse/node/1703032381,,,,,2,,Rue Frédéric Peysson,,,bar,,,,,,,,,,,,,,,,,,,,,,,,,,no,,,
Restaurants,1968608968,http://www.openstreetmap.org/browse/node/1968608968,,,,,,,,,,restaurant,,,,,,,french,,,,,,,L'Atelier Gourmand,,,,,,,,,,,,,,,
Fast-Foods,664050657,http://www.openstreetmap.org/browse/node/664050657,,,,,,,,,,fast_food,,,,,,,pizza,,,,,,,Pizza cabane,,,,,,,,,,,,,,,
Restaurants,635875020,http://www.openstreetmap.org/browse/node/635875020,,,,,,,,,,restaurant,,,,,,,,,,,,,,Le 6,,,,,,,,,,,,,,,
Cafés,622645245,http://www.openstreetmap.org/browse/node/622645245,,,,,,,,,,cafe,,,,,,,,,,,,,,Le Crépuscule,,,,,,,,,,,,,,,
Restaurants,1702963786,http://www.openstreetmap.org/browse/node/1702963786,,,,,13,,Rue Frédéric Bazille,,,restaurant,,,,,,,pizza,,,,,,,,,,,,,,,,,,,yes,,,
Restaurants,1719508117,http://www.openstreetmap.org/browse/node/1719508117,,,,,,,,,,restaurant,,,,,,,,,,,,,,,,,,,,,,,,,,,,,
Restaurants,1733302605,http://www.openstreetmap.org/browse/node/1733302605,,,,,24,,Rue du Pont de Lattes,,,restaurant,,,,,,,,,,,,,,Le Régal,,,,,,,,,,,,no,,,
Fast-Foods,660200988,http://www.openstreetmap.org/browse/node/660200988,,,,,,,,,,fast_food,,,,,,,,,,,,,,Le Florentin,,,,,,,,,,,,,,,
Bars,598920371,http://www.openstreetmap.org/browse/node/598920371,,,,,1,,Place Carnot,,,bar,,,,,,,,,,,,,,Le Carnot,,,,,,,,,,,,yes,,,
Fast-Foods,1666891254,http://www.openstreetmap.org/browse/node/1666891254,,,,,,,,,,fast_food,,,,,,,sushi,,,,,,,Sushi Sakura,,,,,,,,,,,,,,,
Restaurants,1795751729,http://www.openstreetmap.org/browse/node/1795751729,,,,,23,,Rue du Faubourg Saint Jaumes,,,restaurant,,,,,,,,,,,,,,Version Originale,,,,,,,,,,,,no,,,
Restaurants,598918887,http://www.openstreetmap.org/browse/node/598918887,,,,,5,,Place Carnot,,,restaurant,,,,,+33467650085,,regional,,,,,,,Le Ban des Gourmands,,,,,,,,,,,,no,,,
Restaurants,598920372,http://www.openstreetmap.org/browse/node/598920372,,,,,2,,Place Carnot,,,restaurant,,,,,,,,,,,,,,La Chope,,,,,,,,,,,,no,,,
Restaurants,645736569,http://www.openstreetmap.org/browse/node/645736569,,,,,,,,,,restaurant,,,,,,,,,,,,,,Le Barbotin,,,,,,,,,,,,,,,
Restaurants,1795770145,http://www.openstreetmap.org/browse/node/1795770145,,,,,,,,,,restaurant,,,,,,,,,,,,,,,,,,,,,,,,,,,,,
Restaurants,1702963829,http://www.openstreetmap.org/browse/node/1702963829,,,,,27,,Rue Frédéric Bazille,,,restaurant,,,,,,,,,,,,,,Restaurant Oriental,,,,,,,,,,,,no,,,
Restaurants,613351515,http://www.openstreetmap.org/browse/node/613351515,,,,,,,,,,restaurant,,,,,,,,,,,,,,Le Grenier savoyard,,,,,,,,,,,,,,,
Fast-Foods,664053703,http://www.openstreetmap.org/browse/node/664053703,,,,,,,,,,fast_food,,,,,,,,,,,,,,Les 4 Grillades,,,,,,,,,,,,,,,
Restaurants,613351517,http://www.openstreetmap.org/browse/node/613351517,,,,,,,,,,restaurant,,,,,,,,,,,,,,AJM,,,,,,,,,,,,,,,
Fast-Foods,664053704,http://www.openstreetmap.org/browse/node/664053704,,,,,,,,,,fast_food,,,,,,,,,,,,,,Les saveurs du Liban,,,,,,,,,,,,,,,
Fast-Foods,660247297,http://www.openstreetmap.org/browse/node/660247297,,,,,,,,,,fast_food,,,,,,,kebab,,,,,,,Super Star Kebab 1,,,,,,,,,,,,,,,
Cafés,674054921,http://www.openstreetmap.org/browse/node/674054921,,,,,,,,,,cafe,,,,,,,,,,,,,,Bonheur Café,,,,,,,,,,,,,,,
Restaurants,1354577227,http://www.openstreetmap.org/browse/node/1354577227,,,,,,,,,,restaurant,,,,,,,asian,,,,,,,Heng-Lay,,,,,,,,,,,,no,,,
Restaurants,-1832003851,http://www.openstreetmap.org/browse/node/2462963445,,,,,,,,,,restaurant,,,,,,,,,,,,,,Les Hockeyeurs,,,,,,,,,,,,yes,96,,
Fast-Foods,660247276,http://www.openstreetmap.org/browse/node/660247276,,,,,,,,,,fast_food,,,,,,,pizza,,,,,,,La Tour de Piz'a,,,,,,,,,,,,,,,
Restaurants,1704447902,http://www.openstreetmap.org/browse/node/1704447902,,,,,14,,Place du Nombre d'Or,,,restaurant,,,,,+33467132907,,,,,,,,,La Salida,,,,,,,,,,,,yes,,,
Fast-Foods,660247263,http://www.openstreetmap.org/browse/node/660247263,,,,,,,,,,fast_food,,,,,,,,,,,,,,La Palmeraie,,,,,,,,,,,,,,,
Bars,1354577229,http://www.openstreetmap.org/browse/node/1354577229,,,,,,,,,,bar,,,,,,,,,,,,,,L'Alternatif,,,,,,,,,,,,,,,
Fast-Foods,660247281,http://www.openstreetmap.org/browse/node/660247281,,,,,,,,,,fast_food,,,,,,,pizza,,,,,,,,,,,,,,,,,,,,,,
Bars,1704447901,http://www.openstreetmap.org/browse/node/1704447901,,,,,14,,Place du Nombre d'Or,,,bar,,,,,+33467651505,,,,,,,,,Indian Café,,,,,,,,,,,,limited,,,
Restaurants,1795770148,http://www.openstreetmap.org/browse/node/1795770148,,,,,,,,,,restaurant,,,,,,,,,,,,,,,,,,,,,,,,,,,,,
Fast-Foods,1704447913,http://www.openstreetmap.org/browse/node/1704447913,,,,,14,,Place du Nombre d'Or,,,fast_food,,,,,,,,,,,,,,Le Terot,,,,,,,,,,,,yes,,,
Fast-Foods,660247249,http://www.openstreetmap.org/browse/node/660247249,,,,,,,,,,fast_food,,,,,,,,,,,,,,L'Amuse Gueule,,,,,,,,,,,,,,,
Bars,660247242,http://www.openstreetmap.org/browse/node/660247242,,,,,,,,,,bar,,,,,,,,,,,,,,Les 3 bocks,,,,,,,,,,,,,,,
Fast-Foods,660247252,http://www.openstreetmap.org/browse/node/660247252,,,,,,,,,,fast_food,,,,,,,kebab,,,,,,,Kebab d'Or,,,,,,,,,,,,,,,
Restaurants,664073247,http://www.openstreetmap.org/browse/node/664073247,,,,,,,,,,restaurant,,,,,,,,,,,,,,L'Equateur,,,,,,,,,,,,,,,
Bars,1704447889,http://www.openstreetmap.org/browse/node/1704447889,,,,,16,,Place du Nombre d'Or,,,bar,,,,,+33467683172,,,,,,,,,Chez Paul(e),,,,,,,,,,,,yes,,,
Fast-Foods,1704447914,http://www.openstreetmap.org/browse/node/1704447914,,,,,17,,Place du Nombre d'Or,,,fast_food,,,,,+33467656309,,,,,,,,,Les Pates Folles,,,,,,,,,,,,yes,,,
Bars,660247227,http://www.openstreetmap.org/browse/node/660247227,,,,,,,,,,bar,,,,,,,,,,,,,,Le Mistral,,,,,,,,,,,,,,,
Restaurants,664073237,http://www.openstreetmap.org/browse/node/664073237,,,,,,,,,,restaurant,,,,,,,,,,,,,,L'Orient Express,,,,,,,,,,,,,,,
Restaurants,1702963803,http://www.openstreetmap.org/browse/node/1702963803,,,,,30,,Rue Frédéric Bazille,,,restaurant,,,,,,,japanese,,,,,,,,,,,,,,,,,,,no,,,
Restaurants,1711446672,http://www.openstreetmap.org/browse/node/1711446672,,,,,8,,Place du Nombre d'Or,,,restaurant,,,,,,,,,,,,,,La Manolia,,,,,,,,,,,,no,,,
Restaurants,645736539,http://www.openstreetmap.org/browse/node/645736539,,,,,,,,,,restaurant,,,,,,,,,,,,,,Sidi Bousaïd,,,,,,,,,,,,,,,
Cafés,660247229,http://www.openstreetmap.org/browse/node/660247229,,,,,,,,,,cafe,,,,,,,,,,,,,,San James,,,,,,,,,,,,,,,
Restaurants,1704447876,http://www.openstreetmap.org/browse/node/1704447876,,,,,17,,Place du Nombre d'Or,,,restaurant,,,,,+33467648787,www.cafecesar.fr,,,,,,,,Café Cesar,,,,,,,,,,,,yes,,,
Restaurants,1376239010,http://www.openstreetmap.org/browse/node/1376239010,,,,,,,,,,restaurant,,,,,,,,,,,,,,La Cuisine du Faubourg,,,,,,,,,,,,,,,
Restaurants,1376239032,http://www.openstreetmap.org/browse/node/1376239032,,,,,,,,,,restaurant,,,,,,,asian,,,,,,,Le Bayon,,,,,,,,,,,,,,,
Bars,604460672,http://www.openstreetmap.org/browse/node/604460672,,,,,,,,,,bar,,,,,,,,,,,,,,La Pleine Lune,,,,,,,,,,,,,,,
Restaurants,1704461312,http://www.openstreetmap.org/browse/node/1704461312,,,,,,,Place du Nombre d'Or,,,restaurant,,,,,,,,,,,,,,Chocolat Turquoise,,,,,,,,,,,,yes,,,
Restaurants,601725037,http://www.openstreetmap.org/browse/node/601725037,,,,,7,,,,,restaurant,,,,,,,,,,,,,,La Cigale,,,,,,,,,,,,,,,
Restaurants,1702636528,http://www.openstreetmap.org/browse/node/1702636528,,,,,39,,Boulevard Rabelais,,,restaurant,,,,,,,,,,,,,,Le Coq Noir,,,,,,,,,,,,no,,,
Bars,1704461307,http://www.openstreetmap.org/browse/node/1704461307,,,,,22,,Place du Nombre d'Or,,,bar,,,,,,,,,,,,,,Les Bistronomes,,,,,,,,,,,,yes,,,
Fast-Foods,1376239013,http://www.openstreetmap.org/browse/node/1376239013,,,,,,,,,,fast_food,,,,,,,pizza,,,,,,,Show Pizza,,,,,,,,,,,,,,,
Fast-Foods,1376238971,http://www.openstreetmap.org/browse/node/1376238971,,,,,,,,,,fast_food,,,,,,,sandwich,,,,,,,Snack Sur le Pouce,,,,,,,,,,,,,,,
Fast-Foods,639589431,http://www.openstreetmap.org/browse/node/639589431,,,,,,,,,,fast_food,,,,,,,kebab,,,,,,,,,,,,,,,,,,,,,,
Restaurants,1300558592,http://www.openstreetmap.org/browse/node/1300558592,,,,,,,,,,restaurant,,,,,,,kebab,,,,,,,Chez moi,,,,,,,,,,,,,,,
Fast-Foods,664073226,http://www.openstreetmap.org/browse/node/664073226,,,,,,,,,,fast_food,,,,,,,kebab,,,,,,,Royal Kebab,,,,,,,,,,,,,,,
Cafés,639589433,http://www.openstreetmap.org/browse/node/639589433,,,,,,,,,,cafe,,,,,,,,,,,,,,Bar des Lilas,,,,,,,,,,,,,,,
Restaurants,1795804496,http://www.openstreetmap.org/browse/node/1795804496,,,,,48,,Rue du Faubourg Saint Jaumes,,,restaurant,,,,,,,pizza,,,,,,,Tudisco Pizza,,,,,,,,,,,,no,,,
Restaurants,1560238757,http://www.openstreetmap.org/browse/node/1560238757,,,,,2,,Place du Nombre d'Or,,,restaurant,,,,,,,,,,,,,,La Grange aux Crêpes,,,,,,,,,,,,yes,,,
Fast-Foods,1704461294,http://www.openstreetmap.org/browse/node/1704461294,,,,,,,Place du Nombre d'Or,,,fast_food,,,,,,,,,,,,,,EFES,,,,,,,,,,,,yes,,,
Restaurants,1795660405,http://www.openstreetmap.org/browse/node/1795660405,,,,,8,,,,,restaurant,,,,,,,,,,,,,,Restaurant Parallèle,,,,,,,,,,,,yes,,,
Restaurants,664073203,http://www.openstreetmap.org/browse/node/664073203,,,,,,,,,,restaurant,,,,,,,,,,,,,,Restaurant Imilchil,,,,,,,,,,,,,,,
Restaurants,1674969686,http://www.openstreetmap.org/browse/node/1674969686,,,,,28 - 30,,Avenue de Palavas,,,restaurant,,,,,,,,,,,,,,L'Imprévu,,,,,,,,,,,,yes,,,
Restaurants,1704461298,http://www.openstreetmap.org/browse/node/1704461298,,,,,23,,Place du Nombre d'Or,,,restaurant,,,,,+33467132916,,,,,,,,,Le Pescator,,,,,,,,,,,,yes,,,
Bars,845850073,http://www.openstreetmap.org/browse/node/845850073,,,,,48,,Rue du Faubourg Saint Jaumes,,,bar,,,,,+33467033154,,,,,,,,,Couleur de Bières,,,,,,,,,,,,no,,,
Fast-Foods,664073209,http://www.openstreetmap.org/browse/node/664073209,,,,,,,,,,fast_food,,,,,,,kebab,,,,,,,Aybek Kebab,,,,,,,,,,,,,,,
Fast-Foods,674049715,http://www.openstreetmap.org/browse/node/674049715,,,,,,,,,,fast_food,,,,,,,,,,,,,,Traiteur Huot (Exotique),,,,,,,,,,,,no,,,
Restaurants,674049723,http://www.openstreetmap.org/browse/node/674049723,,,,,,,,,,restaurant,,,,,,,,,,,,,,L'Expérience,,,,,,,,,,,,limited,,,
Fast-Foods,635872308,http://www.openstreetmap.org/browse/node/635872308,,,,,,,,,,fast_food,,,,,,,pizza,,,,,,,Speed Rabbit,,,,,,,,,,,,yes,,,
Fast-Foods,664073208,http://www.openstreetmap.org/browse/node/664073208,,,,,,,,,,fast_food,,,,,,,kebab,,,,,,,Le Rif,,,,,,,,,,,,,,,
Restaurants,674049722,http://www.openstreetmap.org/browse/node/674049722,,,,,,,,,,restaurant,,,,,,,,,,,,,,International Loulou,,,,,,,,,,,,yes,,,
Fast-Foods,1704449708,http://www.openstreetmap.org/browse/node/1704449708,,,,,1,,,,,fast_food,,,,,,,,,,,,,,Le Fast Good Raphaël,,,,,,,,,,,,yes,,,
Restaurants,664073193,http://www.openstreetmap.org/browse/node/664073193,,,,,,,,,,restaurant,,,,,,,pizza,,,,,,,Le Repalatin,,,,,,,,,,,,,,,
Restaurants,1704449711,http://www.openstreetmap.org/browse/node/1704449711,,,,,7,,,,,restaurant,,,,,,,indian,,,,,,,Le Shiva,,,,,,,,,,,,yes,,,
Restaurants,1704449743,http://www.openstreetmap.org/browse/node/1704449743,,,,,11,,,,,restaurant,,,,,,,,,,,,,,Opium Noir,,,,,,,,,,,,yes,,,
Restaurants,1704449678,http://www.openstreetmap.org/browse/node/1704449678,,,,,17,,,,,restaurant,,,,,,,,,,,,,,L'Oracle,,,,,,,,,,,,limited,,,
Cafés,1702887827,http://www.openstreetmap.org/browse/node/1702887827,,,,,77,,Avenue Samuel Champlain,,,cafe,,,,,+33467222381,,,,,,,,,Les trésors aux 7 familles,,,,,,,,,,,,yes,,,
Fast-Foods,617526205,http://www.openstreetmap.org/browse/node/617526205,,,,,,,,,,fast_food,,,,,,,,,,,,,,Coeur d'Orient,,,,,,,,,,,,yes,,,
Restaurants,605005524,http://www.openstreetmap.org/browse/node/605005524,,,,,,,,,,restaurant,,,,,,,,,,,,,,Le Jardin des Sens,,,,,,,,,,,,yes,,,
Bars,1702705375,http://www.openstreetmap.org/browse/node/1702705375,,,,,44,,Avenue Frédéric Bazille,,,bar,,,,,,,,,,,,,,Red Turtle,,,,,,,,,,,,yes,,,
Restaurants,1711395886,http://www.openstreetmap.org/browse/node/1711395886,,,,,18,,Place du Millénaire,,,restaurant,,,,,,,,,,,,,,Aux Délires d'Anne,,,,,,,,,,,,no,,,
Fast-Foods,664073188,http://www.openstreetmap.org/browse/node/664073188,,,,,,,,,,fast_food,,,,,,,,,,,,,,Evazion,,,,,,,,,,,,,,,
Fast-Foods,617526208,http://www.openstreetmap.org/browse/node/617526208,,,,,,,,,,fast_food,,,,,,,,,,,,,,Croq'Coeur,,,,,,,,,,,,yes,,,
Restaurants,1704449686,http://www.openstreetmap.org/browse/node/1704449686,,,,,21,,,,,restaurant,,,,,,,,,,,,,,La Plage d'Antigone,,,,,,,,,,,,no,,,
Bars,868234574,http://www.openstreetmap.org/browse/node/868234574,,,,,,,,,,bar,,,,,,,,,,,,,,turtle café,,,,,,,,,,,,,,,
Restaurants,1018061162,http://www.openstreetmap.org/browse/node/1018061162,,,,,,,,,,restaurant,,,,,,,pizza,,,,,,,Il Fornetto,,,,,,,,,,,,,,,
Bars,1739563936,http://www.openstreetmap.org/browse/node/1739563936,,,,,56,,Avenue du Pont Juvénal,,,bar,,,,,,,,,,,,,,,,,,,,,,,,,,no,,,
Restaurants,1711395901,http://www.openstreetmap.org/browse/node/1711395901,,,,,22,,Place du Millénaire,,,restaurant,,,,,,,,,,,,,,La Paillote,,,,,,,,,,,,yes,,,
Bars,-1832055732,http://www.openstreetmap.org/browse/node/2462911564,,,,,,,,,,bar,,,,,,,,,,,,,,Au Petit Relais,,,,,,,,,,,,yes,91,,
Cafés,617526204,http://www.openstreetmap.org/browse/node/617526204,,,,,,,,,,cafe,,,,,,,,,,,,,,Café Latin,,,,,,,,,,,,yes,,,
Restaurants,621197851,http://www.openstreetmap.org/browse/node/621197851,,,,,,,,,,restaurant,,,,,,,,,,,,,,,,,,,,,,,,,,,,,
Restaurants,579814447,http://www.openstreetmap.org/browse/node/579814447,,,,,71,,Avenue Samuel Champlain,,,restaurant,,,,,,,sushi,,,,,,,Sun Osaka,,,,,,,,,,,,no,,,
Fast-Foods,617526201,http://www.openstreetmap.org/browse/node/617526201,,,,,,,,,,fast_food,,,,,,,reunion,,,,,,,Ptit'Fleur,,,,,,,,,,,,yes,,,
Restaurants,1704449712,http://www.openstreetmap.org/browse/node/1704449712,,,,,27,,,,,restaurant,,,,,,,,,,,,,,Le Sweety,,,,,,,,,,,,no,,,
Fast-Foods,617526203,http://www.openstreetmap.org/browse/node/617526203,,,,,,,,,,fast_food,,,,,,,basque,,,,,,,Grill Erretegui,,,,,,,,,,,,yes,,,
Cafés,660247121,http://www.openstreetmap.org/browse/node/660247121,,,,,,,,,,cafe,,,,,,,,,,,,,,La Grande Avenue,,,,,,,,,,,,,,,
Fast-Foods,1704449739,http://www.openstreetmap.org/browse/node/1704449739,,,,,33,,,,,fast_food,,,,,,,,,,,,,,Olive,,,,,,,,,,,,yes,,,
Bars,1739563925,http://www.openstreetmap.org/browse/node/1739563925,,,,,60 bis,,Avenue du Pont Juvénal,,,bar,,,,,,,,,,,,,,Histoire2,,,,,,,,,,,,,,,
Bars,1711395900,http://www.openstreetmap.org/browse/node/1711395900,,,,,38,,Place du Millénaire,,,bar,,,,,,,,,,,,,,Hortus,,,,,,,,,,,,no,,,
Restaurants,1704449641,http://www.openstreetmap.org/browse/node/1704449641,,,,,39,,,,,restaurant,,,,,,,,,,,,,,Deslys,,,,,,,,,,,,yes,,,
Fast-Foods,1711395908,http://www.openstreetmap.org/browse/node/1711395908,,,,,40,,Place du Millénaire,,,fast_food,,,,,,,,,,,,,,Soleil Vert,,,,,,,,,,,,yes,,,
Restaurants,617526185,http://www.openstreetmap.org/browse/node/617526185,,,,,583,,Boulevard d'Antigone,,,restaurant,,,,,,,,,,,,,,Traiteur et Saveurs,,,,,,,,,,,,yes,,,
Restaurants,1704449704,http://www.openstreetmap.org/browse/node/1704449704,,,,,41,,,,,restaurant,,,,,,,,,,,,,,La Table d'Alexandre,,,,,,,,,,,,yes,,,
Restaurants,1704449657,http://www.openstreetmap.org/browse/node/1704449657,,,,,47,,,,,restaurant,,,,,,,,,,,,,,L'Adresse,,,,,,,,,,,,yes,,,
Restaurants,617526186,http://www.openstreetmap.org/browse/node/617526186,,,,,595,,Boulevard d'Antigone,,,restaurant,,,,,,,,,,,,,,Les Vents d'Anges,,,,,,,,,,,,yes,,,
Restaurants,1704449690,http://www.openstreetmap.org/browse/node/1704449690,,,,,51,,,,,restaurant,,,,,,,,,,,,,,La Suite,,,,,,,,,,,,yes,,,
Restaurants,615022660,http://www.openstreetmap.org/browse/node/615022660,,,,,,,,,,restaurant,,,,,,,,,,,,,,Bugatti,,,,,,,,,,,,,,,
Cafés,615147058,http://www.openstreetmap.org/browse/node/615147058,,,,,,,,,,cafe,,,,,,,,,,,,,,Brasserie l'Ecu,,,,,,,,,,,,,,,
Restaurants,1739592790,http://www.openstreetmap.org/browse/node/1739592790,,,,,,,Rue Cavelier de la Salle,,,restaurant,,,,,,,,,,,,,,Brasserie 96N,,,,,,,,,,,,yes,,,
Fast-Foods,1739592801,http://www.openstreetmap.org/browse/node/1739592801,,,,,421,,Rue Léon Blum,,,fast_food,,,,,,,pizza,,,,,,,Pizza 421,,,,,,,,,,,,no,,,
Restaurants,1739846797,http://www.openstreetmap.org/browse/node/1739846797,,,,,890,,Avenue Jean Mermoz,,,restaurant,,,,,04 99 54 65 19,lapause.unblog.fr,,,,,,,,La Pause Mermoz,,,,,,,,,,,,yes,,,
Fast-Foods,664073191,http://www.openstreetmap.org/browse/node/664073191,,,,,,,,,,fast_food,,,,,,,,,,,,,,Snack Figuerolles,,,,,,,,,,,,,,,
Restaurants,1684865460,http://www.openstreetmap.org/browse/node/1684865460,,,,,25,,Rue Hippolyte,,,restaurant,,,,l_episode@orange.fr,+33467299473,,french,,,,,,,L'Episode,,,,,,,,,,,,yes,,,
Restaurants,1739563947,http://www.openstreetmap.org/browse/node/1739563947,,,,,"70,72",,Avenue du Pont Juvénal,,,restaurant,,,,,04 67 81 99 24,goelia.com,,,,,,,,Restaurant GOELIA,,,,,,,,,,,,no,,,
Fast-Foods,660247133,http://www.openstreetmap.org/browse/node/660247133,,,,,3,,Avenue de Toulouse,,,fast_food,,,,,,,pizza,,,,,,,Domino's Pizza,,,,,,,,,,,,,90,3,
Restaurants,1795869218,http://www.openstreetmap.org/browse/node/1795869218,,,,Cesar Burger,48,,Avenue de Lodève,,,restaurant,,,,,,,,,,,,,,,,,,,,,,,,,,no,,,
Restaurants,1739826464,http://www.openstreetmap.org/browse/node/1739826464,,,,,,,,,,restaurant,,,,,04 67 65 29 40,,,,,,,,,Saveurs d'Orient,,,,,,,,,,,,no,,,
Cafés,1739826471,http://www.openstreetmap.org/browse/node/1739826471,,,,,,,,,,cafe,,,,,,,,,,,,,,Saveurs d'Orient,,,,,,,,,,,,no,,,
Bars,664058949,http://www.openstreetmap.org/browse/node/664058949,,,,,,,,,,bar,,,,,,,,,,,,,,L'Opéra,,,,,,,,,,,,,,,
Fast-Foods,660267566,http://www.openstreetmap.org/browse/node/660267566,,,,,,,,,,fast_food,,,,,,,,,,,,,,Bil Palace,,,,,,,,,,,,,,,
Restaurants,660267554,http://www.openstreetmap.org/browse/node/660267554,,,,,,,,,,restaurant,,,,,,,,,,,,,,La Terrasse,,,,,,,,,,,,,,,
Restaurants,1795823663,http://www.openstreetmap.org/browse/node/1795823663,,,,L'assiette au fromage,17,,Rue Gustave,,,restaurant,,,,,,,,,,,,,,,,,,,,,,,,,,no,,,
Bars,664061234,http://www.openstreetmap.org/browse/node/664061234,,,,,,,,,,bar,,,,,,,,,,,,,,Les Andalouses,,,,,,,,,,,,,,,
Fast-Foods,1739846798,http://www.openstreetmap.org/browse/node/1739846798,,,,,,,,,,fast_food,,,,,,,,,,,,,,Le Skyline,,,,,,,,,yes,,,yes,,,
Restaurants,1739563916,http://www.openstreetmap.org/browse/node/1739563916,,,,,,,,,,restaurant,,,,,,,,,,,,,,Deci-Delà,,,,,,,,,,,,yes,,,
Fast-Foods,1739563911,http://www.openstreetmap.org/browse/node/1739563911,,,,,,,Place Faulquier,,,fast_food,,,,,04 67 22 16 38,,pizza,,,,,,,Deci-Delà,,,,,,,,,only,,,no,,,
Bars,248093780,http://www.openstreetmap.org/browse/node/248093780,,,,,,,,,,bar,,,,,,,,,,,,,,Le P'tit Mas,,,,,,,,,,,,,,,
Fast-Foods,2065668012,http://www.openstreetmap.org/browse/node/2065668012,,,,,,,,,,fast_food,,,,,,,pizza,,,,,,,Spizza34,,,,,,,0467540044,,,,,,,,
Fast-Foods,2065668008,http://www.openstreetmap.org/browse/node/2065668008,,,,,,,,,,fast_food,,,,,,,sandwich,,,,,,,Le Moulin de Sorbes,,,,,,,,,,,,,,,
Restaurants,660297370,http://www.openstreetmap.org/browse/node/660297370,,,,,,,,,,restaurant,,,,,,,,,,,,,,Le Lion,,,,,,,,,,,,limited,,,
Restaurants,2078140296,http://www.openstreetmap.org/browse/node/2078140296,,,,,,,,,,restaurant,,,,,,,,,,,,,,Le Saint-Eloi,,,,,,,,,,,,,,,
Restaurants,462688949,http://www.openstreetmap.org/browse/node/462688949,,Montpellier,FR,,820,34000,,,,restaurant,,,,,,,,,,,,,,La Réserve Rimbaud,,,,,,,,,,,,,,,
Fast-Foods,660297359,http://www.openstreetmap.org/browse/node/660297359,,,,,,,,,,fast_food,,,,,,,,,,,,,,Bambino Pizza,,,,,,,,,,,,,,,
Restaurants,628130456,http://www.openstreetmap.org/browse/node/628130456,,,,,,,,,,restaurant,,,,,,,,,,,,,,Brasserie Lepic,,,,,,,,,,,,,,,
Fast-Foods,2078180960,http://www.openstreetmap.org/browse/node/2078180960,,,,,,,,,,fast_food,,,,,,,chinese,,,,,,,L'Ancre de Chine,,,,,,,,,,,,,,,
Restaurants,664040565,http://www.openstreetmap.org/browse/node/664040565,,,,,47,,Avenue de Toulouse,,,restaurant,,,,,,,,,,,,,,Anis et Canisses,,,,,,,0467425448,,,,,limited,89,3.5,
Restaurants,660297362,http://www.openstreetmap.org/browse/node/660297362,,,,,,,,,,restaurant,,,,,,,mexican,,,,,,,Luna Y Sol,,,,,,,,,,,,,,,
Cafés,664030858,http://www.openstreetmap.org/browse/node/664030858,,,,,,,,,,cafe,,,,,,,,,,,,,,Pause Café,,,,,,,,,,,,no,,,
Fast-Foods,2078180963,http://www.openstreetmap.org/browse/node/2078180963,,,,,,,,,,fast_food,,,,,,,pizza,,,,,,,Pizza Délice,,,,,,,0467422557,,,,,,,,
Fast-Foods,619783762,http://www.openstreetmap.org/browse/node/619783762,,,,,,,,,,fast_food,,,,,,,kebab,,,,,,,,,,,,,,,,,,,,,,
Restaurants,1795750160,http://www.openstreetmap.org/browse/node/1795750160,,,,,32,,avenue de l'école de l'agriculture,,,restaurant,,,,,,,pizza,,,,,,,pizza tradition,,,,,,,,,,,,no,,,
Fast-Foods,2078180956,http://www.openstreetmap.org/browse/node/2078180956,,,,,,,,,,fast_food,,,,,,,pizza,,,,,,,@ttitude,,,,,,,,,,,,,,,
Fast-Foods,664030931,http://www.openstreetmap.org/browse/node/664030931,,,,,,,Villeneuve d'Angouleme,,,fast_food,,,,,+33601725048,,,,,,,,,Pizza Cadera,,,,,,,,,,,,yes,,,
Restaurants,1872872748,http://www.openstreetmap.org/browse/node/1872872748,,,,,,,,,,restaurant,,,,,,,french,,,,,,,La Faluche,,,,,,,,,,,,,,,
Bars,2078180957,http://www.openstreetmap.org/browse/node/2078180957,,,,,,,,,,bar,,,,,,,,,,,,,,Au Petit Lucullus,,,,,,,,,,,,,,,
Fast-Foods,674039133,http://www.openstreetmap.org/browse/node/674039133,,,,,,,,,,fast_food,,,,,,,,,,,,,,Cafetti,,,,,,,,,,,,,,,
Fast-Foods,664074023,http://www.openstreetmap.org/browse/node/664074023,,,,,,,,,,fast_food,,,,,,,pizza,,,,,,,Allo Pizza,,,,,,,,,,,,,,,
Fast-Foods,2078180961,http://www.openstreetmap.org/browse/node/2078180961,,,,,,,,,,fast_food,,,,,,,pizza;kebab,,,,,,,Le Petit Creux,,,,,,,0467657751,,,,,,,,
Restaurants,1739838547,http://www.openstreetmap.org/browse/node/1739838547,,,,,,,Esplanade de l'Europe,,,restaurant,,,,pperrin@groupeflo.fr,04 67 22 44 14,,,,,,,,,Bistrot Romain,,,,,,,,,,,,yes,,,
Restaurants,1739838550,http://www.openstreetmap.org/browse/node/1739838550,,,,,,,,,,restaurant,,,,,04 67 22 27 98,www.restaurantarlequin.fr,,,,,,,,L'Arlequin,,,,,,,,,,,,,,,
Restaurants,1739838548,http://www.openstreetmap.org/browse/node/1739838548,,,,,,,,,,restaurant,,,,,,,,,,,,,,Bouddha Wok,,,,,,,,,,,,yes,,,
Bars,1739838546,http://www.openstreetmap.org/browse/node/1739838546,,,,,108,,Rue de Rhodes,,,bar,,,,ayersrockcafe@hotmail.fr,,,,,,,,,,Ayers Rock,,,,,,,,,,,,yes,,,
Restaurants,606155216,http://www.openstreetmap.org/browse/node/606155216,,,,,,,,,,restaurant,,,,,,,,,,,,,,Friend's Café,,,,,,,,,,,,,,,
Restaurants,1739838545,http://www.openstreetmap.org/browse/node/1739838545,,,,,,,,,,restaurant,,,,,,,,,,,,,,Aux Arches d'Antigone,,,,,,,,,,,,limited,,,
Restaurants,1739838552,http://www.openstreetmap.org/browse/node/1739838552,,,,,,,,,,restaurant,,,,brasseriele9@gmail.com,04 67 22 74 70,,,,,,,,,Le 9,,,,,,,,,,,,yes,,,
Restaurants,1739838549,http://www.openstreetmap.org/browse/node/1739838549,,,,,,,,,,restaurant,,,,jfcarlier@groupeflo.fr,04 67 15 96 40,,,,,,,,,Hippopotamus,,,,,,,,,,,,yes,,,
Restaurants,1739838553,http://www.openstreetmap.org/browse/node/1739838553,,,,,,,,,,restaurant,,,,,,,,,,,,,,Le Sud,,,,,,,,,,,,no,,,
Restaurants,1739838554,http://www.openstreetmap.org/browse/node/1739838554,,,,,108,,Avenue du Pirée,,,restaurant,,,,,04 67 99 91 46,www.leon-de-bruxelles.fr,,,,,,,,Léon de Bruxelles,,,,,,,,,,,,yes,,,
Restaurants,1739838551,http://www.openstreetmap.org/browse/node/1739838551,,,,,,,,,,restaurant,,,,contact@lapiazzapapa.fr,04 67 65 73 66,,,,,,,,,La Piazza Papa,,,,,,,,,,,,yes,,,
Restaurants,2054149001,http://www.openstreetmap.org/browse/node/2054149001,,,,,,,,,,restaurant,,,,,,,pizza,,,,,,,La B... des Arts,,,,,,,+33467040438,,,,,yes,,,
Restaurants,1714309569,http://www.openstreetmap.org/browse/node/1714309569,,,,,22,,place Jean Bène,,,restaurant,,,,,,,pizza,,,,,,,L'Art de la Pizza,,,,,,,0467691708,,,,,limited,,,
Fast-Foods,-2025463837,http://www.openstreetmap.org/browse/node/2269503459,,,,,,,,,,fast_food,,,,,,,italian,,,,,,,Nooï - Pâtes à emporter,,,,,,,+33467863171,,,,,yes,,,
Restaurants,2054149003,http://www.openstreetmap.org/browse/node/2054149003,,,,,,,,,,restaurant,,,,,,,pizza,,,,,,,Le Ranch Pizzeria,,,,,,,,,,,,,,,
Fast-Foods,1934896966,http://www.openstreetmap.org/browse/node/1934896966,,,,,,,,,,fast_food,,,,,,,burger,,,,,,,Quick,,,,Quick,,,+33467048932,,,,,yes,160,,
Restaurants,1795858441,http://www.openstreetmap.org/browse/node/1795858441,,,,,,,avenue de l'ecole de l agriculture,,,restaurant,,,,,+33491079767,www.villa29.fr,,,,,,,,villa 29,,,,,,,,,,,,yes,,,
Fast-Foods,664074024,http://www.openstreetmap.org/browse/node/664074024,,,,,,,,,,fast_food,,,,,,,pizza,,,,,,,Délices Palace,,,,,,,,,,,,,,,
Restaurants,105440558,http://www.openstreetmap.org/browse/node/105440558,,,,,,,,,,restaurant,,,,,,,,,,,,,,Le Ranch,,,,,,,,,,,,yes,90,,
Fast-Foods,2054149002,http://www.openstreetmap.org/browse/node/2054149002,,,,,,,,,,fast_food,,,,,,,kebab,,,,,,,Le Ranch Chaud,,,,,,,,,,,,,,,
Restaurants,871180644,http://www.openstreetmap.org/browse/node/871180644,,,,,,,,,,restaurant,,,,,,,pizza,,,,,,,,,,,,,,,,,,,,,,
Restaurants,674039125,http://www.openstreetmap.org/browse/node/674039125,,,,,86,,avenue de Toulouse,,,restaurant,,,,,+33467426720,,chinese,,,,,,,La Chinoiserie (Traiteur),,,,,,,,,,,,no,76,4,
Restaurants,105440570,http://www.openstreetmap.org/browse/node/105440570,,,,,,,,,,restaurant,,,,,,,,,,,wlan,,,Côté Jardin,,,,,,,+33467412046,,,,,no,,,
Fast-Foods,674039126,http://www.openstreetmap.org/browse/node/674039126,,,,,,,avenue de Toulouse,,,fast_food,,,,,+33467221010,,,,,,,,,La Boite à Pizza,,,,,,,,,,,,no,,11,
Fast-Foods,606156430,http://www.openstreetmap.org/browse/node/606156430,,,,,,,,,,fast_food,,,,,,,italian,,,,,,,Pizz'Arrive,,,,,,,,,,,,,,,
Fast-Foods,-1891523277,http://www.openstreetmap.org/browse/node/2403444019,,,,,,,,,,fast_food,,,,,,,sandwich,,,,,,,Point Show,,,,,,,,,,,,,,,
Restaurants,-1891523284,http://www.openstreetmap.org/browse/node/2403444012,,,,,,,,,,restaurant,,,,,,,pizza,,,,,,,Le Green,,,,,,,,,,,,,,,
Restaurants,-1891523280,http://www.openstreetmap.org/browse/node/2403444016,,,,,,,,,,restaurant,,,,,,,,,,,,,,New-York,,,,,,,,,,,,,,,
Restaurants,1796021197,http://www.openstreetmap.org/browse/node/1796021197,,Montpellier,,,33,34000,avenue de l'école de l'agriculture,,,restaurant,,,,,,,pizza,,,,,,,Pizza Bruno a emporter,,,,,,,+33467549313,,,,,yes,,,
Cafés,674039128,http://www.openstreetmap.org/browse/node/674039128,,,,,,,avenue de Toulouse,,,cafe,,,,,,,,,,,,,,Le Miami,,,,,,,,,,,,no,,3,
Bars,2037277524,http://www.openstreetmap.org/browse/node/2037277524,,,,,,,,,,bar,,,,,,,,,,,,,,Brasserie Le Bastide,,,,,,,,,,,,limited,100,,
Restaurants,1702692960,http://www.openstreetmap.org/browse/node/1702692960,,,,,,,Avenue du professeur Etienne Antonelli,,,restaurant,,,,,,,,,,,,,,Chez Barth,,,,,,,0499643534,,,,,limited,,,
Restaurants,2131963630,http://www.openstreetmap.org/browse/node/2131963630,,,,,,,,,,restaurant,,,,,,,,,,,,,,Le Bastide,,,,,,,,,,,,,,,
Restaurants,-1941364886,http://www.openstreetmap.org/browse/node/2353602410,,,,,,,,,,restaurant,,,,,,,,,,,,,,Grande Brasserie de l'Hôtel de Ville,,,,,,,,,,,,,,,
Restaurants,1718564176,http://www.openstreetmap.org/browse/node/1718564176,,,,,87,,Allée Platon,,,restaurant,,,,,+33499518641,,,,,,,,,Le Kabanon,,,,,,,,,,,,yes,,,
Bars,2131963629,http://www.openstreetmap.org/browse/node/2131963629,,,,,,,,,,bar,,,,,,,,,,,,,,Brasserie Le Fontenoy,,,,,,,,,,,,yes,100,2,
Bars,1718564183,http://www.openstreetmap.org/browse/node/1718564183,,,,,,,Place de la Révolution Française,,,bar,,,,restaurantbarw@gmail.com,+33467815536,,,,,,,,,W,,,,,,,,,,,,limited,,,
Restaurants,1718564142,http://www.openstreetmap.org/browse/node/1718564142,,,,,5,,Place de la Révolution Française,,,restaurant,,,,,+33467850198,,,,,,,,,Atys Café,,,,,,,,,,,,yes,,,
Cafés,1714516547,http://www.openstreetmap.org/browse/node/1714516547,,,,,,,,,,cafe,,,,,,,,,,,,,,Café et Gourmandises,,,,,,,,,,,,no,,,
Restaurants,1702692966,http://www.openstreetmap.org/browse/node/1702692966,,,,,105,,Place Georges Fraiche,,,restaurant,,,,,,,,,,,,,,Oléo Pazzo,,,,,,,0499547412,,,,,yes,,,
Cafés,497050948,http://www.openstreetmap.org/browse/node/497050948,private,,,,,,,,,cafe,,,,,,,,,,,,,,,,,,,,,,,,,,,,,
Fast-Foods,674039106,http://www.openstreetmap.org/browse/node/674039106,,,,,,,,,,fast_food,,,,,,,,,,,,,,Snack Pizza,,,,,,,,,,,,,,,
Restaurants,-1831051892,http://www.openstreetmap.org/browse/node/2463915404,,,,,,,,,,restaurant,,,yes,,,,,,,,,,,Tacos King,,,,,,,,,,,,limited,,,
Restaurants,566630321,http://www.openstreetmap.org/browse/node/566630321,private,,,,,,,,,restaurant,,,,,,,,,,,,,,,,,,,,,,,,,,yes,,,
Fast-Foods,1718509120,http://www.openstreetmap.org/browse/node/1718509120,,,,,218,,Rue Vendémiaire,,,fast_food,,,,,+33952273157,,,,,,,,,Le Campus,,,,,,,,,,,,yes,,,
Restaurants,1718509100,http://www.openstreetmap.org/browse/node/1718509100,,,,,218,,Rue Vendémiaire,,,restaurant,,,,,+33981217517,,,,,,,,,La Table de Richter,,,,,,,,,,,,yes,,,
Fast-Foods,1718509083,http://www.openstreetmap.org/browse/node/1718509083,,,,,222,,Rue Vendémiaire,,,fast_food,,,,,+33646308643,,,,,,,,,Factory Pizza,,,,,,,,,,,,no,,,
Fast-Foods,1718509155,http://www.openstreetmap.org/browse/node/1718509155,,,,,230,,Rue Vendémiaire,,,fast_food,,,,,,,,,,,,,,Les Délices de Richter,,,,,,,,,,,,yes,,,
Cafés,1718564147,http://www.openstreetmap.org/browse/node/1718564147,,,,,35,,Avenue de Boirargues,,,cafe,,,,,+33467657640,,,,,,,,,Bar-Tabac du Rond-Point,yes,,,,,,,,,yes,,yes,,,
Cafés,566632861,http://www.openstreetmap.org/browse/node/566632861,,,,,,,,,,cafe,,,,,,,,,,,,,,,,,,,,,,,,,,,,,
Restaurants,1718627292,http://www.openstreetmap.org/browse/node/1718627292,,,,,,,,,,restaurant,,,,,,,vietnamese,,,,,,,Kim Do,,,,,,,,,,,,,,,
Restaurants,1702731036,http://www.openstreetmap.org/browse/node/1702731036,,,,,271,,Rue Vendémiaire,,,restaurant,,,,,+33467201303,,,,,,,,,Resto'Délice,,,,,,,,,,,,no,,,
Fast-Foods,1718509162,http://www.openstreetmap.org/browse/node/1718509162,,,,,257,,Place Valmy,,,fast_food,,,,,+33650825772,,,,,,,,,Olive,,,,,,,,,,,,yes,,,
Cafés,1718627294,http://www.openstreetmap.org/browse/node/1718627294,,,,,,,Place Thermidor,,,cafe,,,,,,,,,,,,,,,,,,,,,,,,,,yes,,,
Restaurants,1702675887,http://www.openstreetmap.org/browse/node/1702675887,,,,,370,,Rue Vendémiaire,,,restaurant,,,,,+33467996329,,,,,,,,,Star Kebab,,,,,,,,,,,,yes,,,
Restaurants,317556807,http://www.openstreetmap.org/browse/node/317556807,,,,,,,,,,restaurant,,,,,,,,,,,,,,Au Père Tranquille,,,,,,,,,,,,no,,,
Fast-Foods,1702674321,http://www.openstreetmap.org/browse/node/1702674321,,,,,,,,,,fast_food,,,,,,,burger,,,,,,,Hollandais Sports Burger,,,,,,,,,,,,yes,,,
Restaurants,-1902355458,http://www.openstreetmap.org/browse/node/2392611838,,,,,,,,,,restaurant,,,,,,,,,,,,,,La Jalade,,,,,,,0675192266,,,,,,,,
Fast-Foods,1718575679,http://www.openstreetmap.org/browse/node/1718575679,,,,,161,,Avenue de Boirargues,,,fast_food,,,,,+33467132013,,,,,,,,,Léo Classic Pizza,,,,,,,,,,,,yes,,,
Restaurants,1702685968,http://www.openstreetmap.org/browse/node/1702685968,,,,,,,,,,restaurant,,,,,,,sushi,,,,,,,Eat Sushi,,,,,,,,,,,,no,,,
Restaurants,1702685978,http://www.openstreetmap.org/browse/node/1702685978,,,,,,,,,,restaurant,,,,,,,italian,,,,,,,Le Palazzo,,,,,,,,,,,,yes,,,
Restaurants,674039112,http://www.openstreetmap.org/browse/node/674039112,,,,,,,avenue de Toulouse,,,restaurant,,,,,+33467500507,,pizza,,,,,,,Pizza Plazza,,,,,,,,,,,,yes,90,3,
Restaurants,1702685964,http://www.openstreetmap.org/browse/node/1702685964,,,,,,,,,,restaurant,,,,,,,french,,,,,,,Chez Jules,,,,,,,,,,,,no,,,
Restaurants,-1831949876,http://www.openstreetmap.org/browse/node/2463017420,,,,,,,,,,restaurant,,,,,,,,,,,,,,La maison blanche,,,,,,,,,,,,,,,
Restaurants,1702685977,http://www.openstreetmap.org/browse/node/1702685977,,,,,,,,,,restaurant,,,,,,,italian,,,,,,,Le Divino,,,,,,,,,,,,yes,,,
Fast-Foods,-1932067667,http://www.openstreetmap.org/browse/node/2362899629,,,,,,,,,,fast_food,,,,,,,kebab; pizza,,,,,,,O Soleil du Triolet,,,,,,,0467419169,,,,,,,,
Fast-Foods,1988351352,http://www.openstreetmap.org/browse/node/1988351352,,,,,,,,,,fast_food,,,,,,,kebab,,,,,,,,,,,,,,,,,,,,,,
Fast-Foods,1982996637,http://www.openstreetmap.org/browse/node/1982996637,,,,,,,avenue de Toulouse,,,fast_food,,,,,+33411652608,,,,,,,,,Snack Agadir,,,,,,,,,,,,no,90,10,
Restaurants,317557164,http://www.openstreetmap.org/browse/node/317557164,,,,,,,,,,restaurant,,,,,,,,,,,,1,,,,,,,,,,,,,,,,,
Restaurants,1702787549,http://www.openstreetmap.org/browse/node/1702787549,,,,,,,,,,restaurant,,,,,,,,,,,,,,L'improbable,,,,,,,,,,,,yes,,,
Restaurants,674039104,http://www.openstreetmap.org/browse/node/674039104,,,,,136,,avenue de Toulouse,,,restaurant,,,,,,,french,,,,,,,Le Bocal,,,,,,,,,,,,yes,85,1,
Restaurants,-1831949856,http://www.openstreetmap.org/browse/node/2463017440,,,,,,,,,,restaurant,,,,,,,,,,,,,,Pizzeria Bar à vin,,,,,,,,,,,,limited,,,
Restaurants,1702787575,http://www.openstreetmap.org/browse/node/1702787575,,,,,,,,,,restaurant,,,,,,,,,,,,,,Le Site,,,,,,,,,,,,yes,,,
Restaurants,1702787582,http://www.openstreetmap.org/browse/node/1702787582,,,,,,,,,,restaurant,,,,,,,regional,,,,,,,Le Trinque Fougasse,,,,,,,04 99 23 27 05,,,,http://www.trinquefougasse.com/?espace=sud,yes,,,
Cafés,1702693327,http://www.openstreetmap.org/browse/node/1702693327,,,,,,,,,,cafe,,,,,,,,,,,,,,Mariann' café,,,,,,,,,,,,yes,,,
Restaurants,1702787587,http://www.openstreetmap.org/browse/node/1702787587,,,,,,,,,,restaurant,,,,,,,,,,,,,,Sequoïa,,,,,,,,,,,,no,,,
Restaurants,2012401851,http://www.openstreetmap.org/browse/node/2012401851,,,,,1218,34090,Av. du Père Soulas,,,restaurant,,,,,,,japanese,,,,,,,Mak' Sushi,,,,,,,,,,,http://www.maksushi.fr,,,,
Restaurants,1702787543,http://www.openstreetmap.org/browse/node/1702787543,,,,,,,,,,restaurant,,,,,,,sushi,,,,,,,Jap'asian,,,,,,,,,,,,yes,,,
Restaurants,1704144407,http://www.openstreetmap.org/browse/node/1704144407,,,,Le Murano,290,,Avenue Théroigne de Méricourt,,,restaurant,,,,,,,french,Spécialités du Limousin,,,,,,A.O.C.,,,,,,,,,,,,,,,
Restaurants,1702787552,http://www.openstreetmap.org/browse/node/1702787552,,,,,,,,,,restaurant,,,,,,,,,,,,,,La Patacrèpe,,,,,,,,,,,,yes,,,
Restaurants,1752577047,http://www.openstreetmap.org/browse/node/1752577047,,,,,,,,,,restaurant,,,,,,,asian,,,,,,,Via Kyoto,,,,,,,,,,,,,,,
Restaurants,1702787540,http://www.openstreetmap.org/browse/node/1702787540,,,,,,,,,,restaurant,,,,,,,,,,,,,,Bernies',,,,,,,,,,,,yes,,,
Restaurants,-1831092895,http://www.openstreetmap.org/browse/node/2463874401,,,,,,,,,,restaurant,,,,,,,,,,,,,,brasserie 3 restaurant,,,,,,,,,,,,yes,,,
Cafés,1704147769,http://www.openstreetmap.org/browse/node/1704147769,,,,,,,,,,cafe,,,,,,,french,dd,,,,,,Mademoiselle VK,,,,,,,,,,,,,,,
Restaurants,1679433811,http://www.openstreetmap.org/browse/node/1679433811,,,,Résidence Le Crystal,,34000,126 rue Elie Wiesel,,,restaurant,,,,,,,french,Biologique Food,,,,,,Le Méridien,,,,,,,,,,,,,,,
Bars,-1831892324,http://www.openstreetmap.org/browse/node/2463074972,,,,,,,,,,bar,,,,,,,,,,,,,,Cave à vin,,,,,,,,,,,,no,,,
Fast-Foods,-2107235681,http://www.openstreetmap.org/browse/node/2187731615,,,,,,,,,,fast_food,,,,,,,sandwich,,,,,,,Cafet Lounge Le Flahault,,,,,,,,,,,,yes,160,,
Fast-Foods,1999659018,http://www.openstreetmap.org/browse/node/1999659018,,,,,,,,,,fast_food,,,,,,,,,,,,,,Le Fournil de la Fac,,,Lu-Ve 07:00-19:30,,,,,,,,,,,,
Cafés,645742434,http://www.openstreetmap.org/browse/node/645742434,,,,,,,,,,cafe,,,,,,,,,,,,,,Bar d'Estanove,,,,,,,,,,,,,,,
Fast-Foods,1982894262,http://www.openstreetmap.org/browse/node/1982894262,,,,,1317,,Avenue de Toulouse,,,fast_food,,,,,,,,,,,,,,Snack'M,,,,,,,,,,,,yes,85,4,
Fast-Foods,1588305086,http://www.openstreetmap.org/browse/node/1588305086,,,,,,,,,,fast_food,,,,,,,pizza,,,,,,,Montapizza,,,,,,,,,,,,,,,
Cafés,1982897273,http://www.openstreetmap.org/browse/node/1982897273,,,,,1317,,avenue de Toulouse,,,cafe,,,,,,,,,,,,,,M Cafe,,,,,,,,,,,,no,90,9,
Bars,1560698630,http://www.openstreetmap.org/browse/node/1560698630,,,,,,,,,,bar,,,,,,,,,,,,,,,,,,,,,,,,,,,,,
Fast-Foods,-2026377003,http://www.openstreetmap.org/browse/node/2268590293,,,,,,,,,,fast_food,,,,,,,,,,,,,,Délice Tacos,,,,,,,,,,,,no,78,,
Restaurants,-2014990151,http://www.openstreetmap.org/browse/node/2279977145,,,,,,,,,,restaurant,,,,,,,,,,,,,,Titou Pizza,,,,,,,,,,,,,,,
Restaurants,-2050125005,http://www.openstreetmap.org/browse/node/2244842291,,,,,,,,,,restaurant,,,,,+33467723187,,italian,,,,,,,Le Relax,,,,,,,,,,,,yes,110,,
Cafés,1447942819,http://www.openstreetmap.org/browse/node/1447942819,,,,,,,,,,cafe,,,,,,,,,,,,,,,,,,,,,,,,,,,,,
Restaurants,1982921863,http://www.openstreetmap.org/browse/node/1982921863,,,,,105,,rue Gilles Martinet,,,restaurant,,,,,,http://parkandsuites.com,,,,,,,,Le Borgia,,,,,,,,,,,,yes,,,
Restaurants,1673503459,http://www.openstreetmap.org/browse/node/1673503459,,,,,,,,,,restaurant,,,,,,,french,,,,,,,Le Bistro,,,,,,,,,,,,,,,
Fast-Foods,631923378,http://www.openstreetmap.org/browse/node/631923378,,,,,,,,,,fast_food,,,,,,,burger,,,,,,,McDonald's,,,,,,,,,,,,,,,
Bars,-2050081104,http://www.openstreetmap.org/browse/node/2244886192,,,,,,,,,,bar,,,,,,,,,,,,,,Le Tram,,,,,,,,,,,,yes,90,,
Restaurants,-2050081100,http://www.openstreetmap.org/browse/node/2244886196,,,,,,,,,,restaurant,,,,,,,italian,,,,,,,,,,,,,,,,,,,no,,,
Cafés,1448247148,http://www.openstreetmap.org/browse/node/1448247148,,,,,,,,,,cafe,,,,,,,,,,,,,,Les Cévennes,,,,,,,,,,,,,,,
Fast-Foods,1448247135,http://www.openstreetmap.org/browse/node/1448247135,,,,,,,,,,fast_food,,,,,,,,,,,,,,Snack Rif,,,,,,,,,,,,,,,
Fast-Foods,1448247113,http://www.openstreetmap.org/browse/node/1448247113,,,,,,,,,,fast_food,,,,,,,pizza,,,,,,,,,,,,,,,,,,,,,,
Fast-Foods,2065508010,http://www.openstreetmap.org/browse/node/2065508010,,,,,,,,,,fast_food,,,,,,,pizza,,,,,,,Pizza Pierrot & Fils,,,,,,,,,,,,yes,,,
Restaurants,2065508011,http://www.openstreetmap.org/browse/node/2065508011,,,,,,,,,,restaurant,,,,,,,,,,,,,,Snack,,,,,,,,,,,,no,,,
Restaurants,1290203591,http://www.openstreetmap.org/browse/node/1290203591,,,,,,,"1000, avenue de l'Europe - RN 113",,,restaurant,,,,,,,,,,,,,,La Fantasia des Délices,,,,,,,,,,,http://www.lafantasiadesdelices.com/,,,,
Restaurants,2065486107,http://www.openstreetmap.org/browse/node/2065486107,,,,,,,,,,restaurant,,,,,,,,,,,,,,Resto-self Village du Père Soulas,,,Mo-Fr 11:30-15:30,,,,0467524533,,,,,yes,,,
Restaurants,1673438363,http://www.openstreetmap.org/browse/node/1673438363,,,,,,,,,,restaurant,,,,,,,french,,,,,,,Brasserie Scholler,,,,,,,,,,,,,,,
Restaurants,323143813,http://www.openstreetmap.org/browse/node/323143813,,,,,,,,,,restaurant,,,,,,,pizza,,,,,5,,Pizza Pino,,Route 66,,,,,,,,,,,,,
Restaurants,323143811,http://www.openstreetmap.org/browse/node/323143811,,,,,,,,,,restaurant,,,,,,,french,,,,,5,,Au bureau,,,,,,,,,,,,,,,
Restaurants,323130276,http://www.openstreetmap.org/browse/node/323130276,,,,,,,,,,restaurant,,,,,,,french,,,,,5,,Les 3 Brasseurs,,,,,,,,,,,,,,,
Restaurants,323141644,http://www.openstreetmap.org/browse/node/323141644,,,,,,,,,,restaurant,,,,,,,pizza,,,,,5,,Il Ristorante,,,,,,,,,,,,,,,
Restaurants,-1864618525,http://www.openstreetmap.org/browse/node/2430348771,,,,,,,,,,restaurant,,,,,,,burger,,,,,,,Tommy's Dinner,,,,,,,,,,,,,,,
Fast-Foods,323149540,http://www.openstreetmap.org/browse/node/323149540,,,,,,,,,,fast_food,,,,,,,burger,,,,,5,,Subway,,,,,,,,,,,,,,,
Glacier,1673488843,http://www.openstreetmap.org/browse/node/1673488843,,,,,,,,,,ice_cream,,,,,,,,,,,,,,,,,,,,,,,,,,,,,
Restaurants,1673435276,http://www.openstreetmap.org/browse/node/1673435276,,,,,,,,,,restaurant,,,,,,,tapas,,,,,,,Famosas Tapas,,,,,,,,,,,,,,,
Restaurants,323143810,http://www.openstreetmap.org/browse/node/323143810,,,,,,,,,,restaurant,,,,,,,,,,,,5,,Grand Regency,,,,,,,,,,,,,,,
Restaurants,1673435259,http://www.openstreetmap.org/browse/node/1673435259,,,,,,,,,,restaurant,,,,,,,sushi,,,,,,,Ô SUSHI’UM,,,,,,,,,,,http://osushium.com/,,,,
Bars,1915081375,http://www.openstreetmap.org/browse/node/1915081375,,,,,,,,,,bar,,,,,,,,,,,,,,Barakajeu,,,,,,,,,,,,,,,
Restaurants,-1813748579,http://www.openstreetmap.org/browse/node/2481218717,,,,,,,,,,restaurant,,,,,,,,,,,,,,Folia,,,,,,,+33 4 99526637,,,,http://www.flaugergues.com/restaurant-flaugergues.html,,,,
Restaurants,333780536,http://www.openstreetmap.org/browse/node/333780536,,,,,,,,,,restaurant,,,,,,,,,,,,,,,,,,,,,,,,,,,,,
Restaurants,1999659017,http://www.openstreetmap.org/browse/node/1999659017,,,,,67,,Rue Duguay-Trouin,,,restaurant,,,,,,,pizza,,,,,,,La Fringale,,,,,,,0467566448,,,,,,,,
Restaurants,1673410364,http://www.openstreetmap.org/browse/node/1673410364,,,,,,,,,,restaurant,,,,,,,asian,,,,,,,Les Jardins de l'Orchidee,,,,,,,,,,,,,,,
Restaurants,1673405180,http://www.openstreetmap.org/browse/node/1673405180,,,,,,,,,,restaurant,,,,,,,french,,,,,,,Brasserie des 3 Grâces,,,,,,,,,,,,,,,
Fast-Foods,1673415157,http://www.openstreetmap.org/browse/node/1673415157,,,,,,,,,,fast_food,,,,,,,pizza,,,,,,,La Casa,,,,,,,,,,,,,,,
Cafés,1673410365,http://www.openstreetmap.org/browse/node/1673410365,,,,,,,,,,cafe,,,,,,,,,,,,,,Café Bibal,,,,,,,,,,,,,,,
Cafés,1673435273,http://www.openstreetmap.org/browse/node/1673435273,,,,,,,,,,cafe,,,,,,,,,,,,,,Dolce Cafe,,,,,,,,,,,,,,,
Fast-Foods,1673435272,http://www.openstreetmap.org/browse/node/1673435272,,,,,,,,,,fast_food,,,,,,,,,,,,,,La Croissanterie,,,,,,,,,,,,,,,
Restaurants,1673435274,http://www.openstreetmap.org/browse/node/1673435274,,,,,,,,,,restaurant,,,,,,,,,,,,,,Ma Première Cantine,,,,,,,,,,,,,,,
Cafés,1673435265,http://www.openstreetmap.org/browse/node/1673435265,,,,,,,,,,cafe,,,,,,,,,,,,,,Zumo,,,,,,,,,,,,,,,
Fast-Foods,1673420525,http://www.openstreetmap.org/browse/node/1673420525,,,,,,,,,,fast_food,,,,,,,sandwich,,,,,,,Le Pétrin d'Honoré,,,,,,,,,,,,,,,
Bars,-2135600789,http://www.openstreetmap.org/browse/node/2159366507,,,,,20,,Allée Antonin Chauliac,,,bar,,,,,,,,,,,,,,L'étincelles,,,,,,,0467031505,,,,,no,,,
Fast-Foods,-2137707195,http://www.openstreetmap.org/browse/node/2157260101,,,,,1,,Route de Lodève,,,fast_food,,,,,,,pizza,,,,,,,Pizza Nona,,,,,,,0467405864,,,,,no,,,
Fast-Foods,-2137795049,http://www.openstreetmap.org/browse/node/2157172247,,,,,16,,Route de Lodève,,,fast_food,,,,,,,,,,,,,,OZ KEBAB,,,,,,,,,,,,no,,,
Bars,-2137771915,http://www.openstreetmap.org/browse/node/2157195381,,,,,20,,Route de Lodève,,,bar,,,,,,,,,,,,,,Tire Bouchon,,,,,,,,,,,,yes,,,
Fast-Foods,-2113177826,http://www.openstreetmap.org/browse/node/2181789470,,,,,3,,Place Pierre Renaudel,,,fast_food,,,,,,,,,,,,,,La Salad'Rit,,,,,,,,,,,,yes,,,
Fast-Foods,-2115107826,http://www.openstreetmap.org/browse/node/2179859470,,,,,16,,Rue Lejzer Zamenhof,,,fast_food,,,,,,,,,,,,,,Tacos Family,,,,,,,,,,,,yes,,,
Restaurants,697324858,http://www.openstreetmap.org/browse/node/697324858,,,,,,,,,,restaurant,,,,,,,,,,,,,,Le Madagascar,,,,,,,,,,,,,,,
Cafés,697316451,http://www.openstreetmap.org/browse/node/697316451,,,,,,,,,,cafe,,,,,,,,,,,,,,El Mundial,,,,,,,,,,,,limited,,,
Fast-Foods,697316461,http://www.openstreetmap.org/browse/node/697316461,,,,,,,,,,fast_food,,,,,,,,,,,,,,Chicken Club,,,,,,,,,,,,yes,,,
Fast-Foods,697316457,http://www.openstreetmap.org/browse/node/697316457,,,,,,,,,,fast_food,,,,,,,,,,,,,,Snack Le Palmier,,,,,,,,,,,,yes,,,
Fast-Foods,697316205,http://www.openstreetmap.org/browse/node/697316205,,,,,,,,,,fast_food,,,,,,,kebab,,,,,,,Le Mirador,,,,,,,,,,,,yes,,,
Fast-Foods,697318605,http://www.openstreetmap.org/browse/node/697318605,,,,,,,,,,fast_food,,,,,,,,,,,,,,Mille et Une Pizzas,,,,,,,,,,,,,,,
Fast-Foods,697315878,http://www.openstreetmap.org/browse/node/697315878,,,,,,,,,,fast_food,,,,,,,kebab,,,,,,,Jazeera,,,,,,,,,,,,no,,,
