ID,Code,Nom,Code categ,Catégorie bien,Code cat ERP,Catégorie ERP,Code type ERP,Type ERP,Code voirie,Num voirie,Adresse,Adresse2,Adresse3,Propriétaire,ARB_REF,PTADR,ELM_ETAT,LIB ACCESS,GROUPE
1,65,STADE SABATHE,EQUSP,EQUIPEMENT SPORTIFS,I,1ère catégorie (effectif > 1500),PA,Etablissements de plein air,4884,18,RUE SAINT CLEOPHAS,,,VILLE,1929,1929 18,06,lourde,SPORTS
2,88,STADE PHILIPPIDES,EQUSP,EQUIPEMENT SPORTIFS,I,1ère catégorie (effectif > 1500),PA,Etablissements de plein air,3382,542,RUE AUGUSTE BROUSSONNET,,,UNIVERSITE MONTPELLIER 1,519,519 542,06,lourde,SPORTS
3,113,GROUPE SCOLAIRE FREDERIC BAZILLE (SITE N° 22),,,IV,4ème catégorie (effectif <= 300),R,Etab. d'enseignement sans hébergement,4226,146,RUE DU MAS DE MERLE,,,,1489,1489 146,,,
4,117,GROUPE SCOLAIRE JEAN MERMOZ (SITE N° 30),,,III,3ème catégorie (300 < effectif <= 700),R,Etab. d'enseignement sans hébergement,3692,196,RUE DE LA CROIX DU SUD,,,,866,866 196,,,
5,127,GROUPE SCOLAIRE LE LEZ (SITE N° 39),,,III,3ème catégorie (300 < effectif <= 700),R,Etab. d'enseignement sans hébergement,2426,85,AVENUE ALPHONSE JUIN,,,,463,463 85,,,
6,134,GROUPE SCOLAIRE LOUIS FIGUIER - VICTOR HUGO (SITE N° 46),,,IV,4ème catégorie (effectif <= 300),R,Etab. d'enseignement sans hébergement,3853,7,RUE DES AIGUERELLES,,,,431,431 7,,,
7,141,GROUPE SCOLAIRE PAINLEVE (SITE N° 53),,,III,3ème catégorie (300 < effectif <= 700),R,Etab. d'enseignement sans hébergement,2447,501,AVENUE DE LA POMPIGNANE,,,,1777,1777 501,,,
8,157,GROUPE SCOLAIRE JOSEPH DELTEIL (SITE N° 74),,,III,3ème catégorie (300 < effectif <= 700),R,Etab. d'enseignement sans hébergement,3866,9999,RUE DES ARAUCARIAS,,,,493,493 9999,,,
9,477,ZOO LUNARET,,,III,3ème catégorie (300 < effectif <= 700),Y,Musées,2423,50,AVENUE AGROPOLIS,,,VILLE,2741,2741 50,,,
10,540,440 ESPL CHARLES DE GAULLE CAM,,,I,1ère catégorie (effectif > 1500),L,"Salles usage auditions, conférences, ...",2633,440,ESP CHARLES DE GAULLE,,,VILLE,745,745 440,,,
11,542,ZENITH - GRAMMONT (PV DE TRANSFERT VILLE/CAM),CULTURE,EQUIPEMENT CULTUREL,I,1ère catégorie (effectif > 1500),CTS,"Chapiteaux, tentes et struct. itinérants",2425,2733,AVENUE ALBERT EINSTEIN,,,VILLE,2324,2324 2733,,,TOUT PUBLIC
12,575,MEDIATHEQUE VICTOR HUGO (PV DE TRANSFERT VILLE/CAM),CULTURE,EQUIPEMENT CULTUREL,IV,4ème catégorie (effectif <= 300),S,"Bibliothèques, centres de documentation",4480,207,RUE GUILLAUME JANVIER,,,VILLE,1193,1193 207,,,TOUT PUBLIC
13,624,SALLE AVERROES (BAIL EMPHYTHEOTIQUE VILLE/ASSO CULTUELLE),ASSOS,ASSOCIATION,II,2ème catégorie (700 < effectif <= 1500),V,Etablissements de culte,4342,300,RUE EMILE PICARD,,,VILLE,2195,2195 300,,,ASSOCIATIF
14,652,BATIMENT LA PANACEE,DIVERS,MULTI - AFFECTATION,II,2ème catégorie (700 < effectif <= 1500),Y,Musées,4322,14,RUE ECOLE DE PHARMACIE,,,VILLE,933,933 14,,,TOUT PUBLIC
15,746,MAISON POUR TOUS FREDERIC CHOPIN,MPT,MAISON POUR TOUS,III,3ème catégorie (300 < effectif <= 700),L,"Salles usage auditions, conférences, ...",4675,1,RUE DU MARCHE AU BESTIAUX,,,VILLE,1444,1444 1,06,lourde,ASSOCIATIF
16,751,STAND DE TIR 10 METRES MONTMAUR,,,V,5ème catégorie,X,Etablissements sportifs couverts,3300,1914,ROUTE DE MENDE,,,VILLE,1518,1518 1914,,,
17,756,ANCIEN BOULODROME ANTOINE PERRIER,LIBRE,LOCAUX LIBRES,III,3ème catégorie (300 < effectif <= 700),X,Etablissements sportifs couverts,3424,6,RUE BOUSSINESQ,,,VILLE,627,627 6,,,
18,785,CENTRE CULTUREL RABELAIS,CULTURE,EQUIPEMENT CULTUREL,III,3ème catégorie (300 < effectif <= 700),L,"Salles usage auditions, conférences, ...",2552,27,BOULEVARD SARRAIL,,,VILLE,1990,1990 27,06,lourde,TOUT PUBLIC
19,786,CENTRE NAUTIQUE NEPTUNE - MOSSON (PV DE TRANSFERT VILLE/CAM),EQUSP,EQUIPEMENT SPORTIFS,II,2ème catégorie (700 < effectif <= 1500),X,Etablissements sportifs couverts,2441,315,AVENUE DE HEIDELBERG,,,VILLE,1208,1208 315,,,SPORTS
20,789,CHAPELLE SAINT LAZARE,CULT,LOCAUX CULTUELS,V,5ème catégorie,V,Etablissements de culte,3304,2,ROND POINT DU SOUVENIR FRANÇAIS,,,VILLE,2235,2235 2,,,TOUT PUBLIC
21,790,GYMNASE MICHELINE OSTERMEYER,EQUSP,EQUIPEMENT SPORTIFS,IV,4ème catégorie (effectif <= 300),X,Etablissements sportifs couverts,3776,1473,RUE DE LAS SORBES,,,VILLE,1355,1355 1473,06,lourde,SPORTS
22,795,GYMNASE ROGER COUDERC,EQUSP,EQUIPEMENT SPORTIFS,III,3ème catégorie (300 < effectif <= 700),X,Etablissements sportifs couverts,4884,18,RUE SAINT CLEOPHAS,,,VILLE,1929,1929 18,05,simple,SPORTS
23,818,PISCINE LA RAUZE - SUZANNE BERLIOUX (PV DE TRANSFERT VILLE/CAM),EQUSP,EQUIPEMENT SPORTIFS,IV,4ème catégorie (effectif <= 300),X,Etablissements sportifs couverts,4709,551,RUE METAIRIE DE SAYSSET,,,VILLE,1526,1526 551,,,SPORTS
24,819,GYMNASE HENRI FERRARI,EQUSP,EQUIPEMENT SPORTIFS,IV,4ème catégorie (effectif <= 300),X,Etablissements sportifs couverts,2400,419,AV DOCTEUR J. FOURCADE,,,VILLE,2199,2199 419,06,lourde,SPORTS
25,830,GD.STAD.HONNEUR MOSSON,,,I,1ère catégorie (effectif > 1500),PA,Etablissements de plein air,2441,645,AVENUE DE HEIDELBERG,,,,1208,1208 645,,,
26,833,CRECHE 7 NAINS - IMPASSE CORRATERIE,CRECHE,CRECHE,V,5ème catégorie,R,Etab. d'enseignement sans hébergement,2673,2,IMP PETITE CORRATERIE,,,,1714,1714 2,,,PETITE ENFANCE
27,834,CRECHE AGROPOLIS - RUE JEAN FRANCOIS BRETON,CRECHE,CRECHE,V,5ème catégorie,R,Etab. d'enseignement sans hébergement,4565,30,RUE JEAN-FRANCOIS BRETON,,,VILLE,2384,2384 30,,,PETITE ENFANCE
28,835,CRECHE ANTIGONE - RUE JEANNE D'ARC,CRECHE,CRECHE,IV,4ème catégorie (effectif <= 300),R,Etab. d'enseignement sans hébergement,4571,10,RUE JEANNE D'ARC,,,VILLE,1295,1295 10,05,simple,PETITE ENFANCE
29,836,CRECHE BLANCHE NEIGE,CRECHE,CRECHE,V,5ème catégorie,R,Etab. d'enseignement sans hébergement,3020,14,PLACE CARDINAL VERDIER,,,VILLE,2690,2690 14,,,PETITE ENFANCE
30,837,CRECHE CLEONICE POUZIN - RUE LUNARET,CRECHE,CRECHE,V,5ème catégorie,R,Etab. d'enseignement sans hébergement,4658,64,RUE LUNARET,,,VILLE,1417,1417 64,,,PETITE ENFANCE
31,839,CRECHE EDELWEISS - RUE GENERAL RIU,CRECHE,CRECHE,IV,4ème catégorie (effectif <= 300),R,Etab. d'enseignement sans hébergement,4449,21,RUE GENERAL RIU,,,VILLE,1133,1133 21,06,lourde,PETITE ENFANCE
32,841,CRECHE GALINETA - RUE DES AVANT MONTS,CRECHE,CRECHE,V,5ème catégorie,R,Etab. d'enseignement sans hébergement,3870,30,RUE DES AVANT-MONTS,,,VILLE,526,526 30,,,PETITE ENFANCE
33,843,SARF ELFES-POMPIG.(ACM),,,V,5ème catégorie,R,Etab. d'enseignement sans hébergement,3357,88,RUE ANDRE MALRAUX,,,,482,482 88,,,
34,844,CRECHE LOUISE GUIRAUD - RUE DE TIPASA,CRECHE,CRECHE,V,5ème catégorie,R,Etab. d'enseignement sans hébergement,3829,35,RUE DE TIPASA,,,VILLE,2053,2053 35,,,PETITE ENFANCE
35,847,CRECHE THERESE SENTIS - AVENUE DU MARECHAL LECLERC,CRECHE,CRECHE,IV,4ème catégorie (effectif <= 300),R,Etab. d'enseignement sans hébergement,2402,655,AV DU MARECHAL LECLERC,,,VILLE,1446,1446 655,05,simple,PETITE ENFANCE
36,853,CRECHE SOPHIE LAGREZE - RUE JACQUES DRAPARNAUD,CRECHE,CRECHE,V,5ème catégorie,R,Etab. d'enseignement sans hébergement,4528,8,RUE JACQUES DRAPARNAUD,,,VILLE,1259,1259 8,,,PETITE ENFANCE
37,866,ECOLE MATERNELLE CAMOENS,SCOM,SCOLAIRE MATERNELLE,IV,4ème catégorie (effectif <= 300),R,Etab. d'enseignement sans hébergement,4110,2,RUE DES TOURTERELLES,,,VILLE,2068,2068 2,06,lourde,ENSEIGNEMENT
38,871,ECOLE ELEMENTAIRE FREUD,SCOE,SCOLAIRE ELEMENTAIRE,IV,4ème catégorie (effectif <= 300),R,Etab. d'enseignement sans hébergement,4110,2,RUE DES TOURTERELLES,,,VILLE,2068,2068 2,06,lourde,ENSEIGNEMENT
39,874,ECOLE ELEMENTAIRE CHARLES DICKENS,SCOE,SCOLAIRE ELEMENTAIRE,IV,4ème catégorie (effectif <= 300),R,Etab. d'enseignement sans hébergement,2485,686,AVENUE DU PONT TRINQUAT,,,VILLE,1784,1784 686,06,lourde,ENSEIGNEMENT
40,877,ECOLE MATERNELLE ANNE FRANK,SCOM,SCOLAIRE MATERNELLE,V,5ème catégorie,R,Etab. d'enseignement sans hébergement,2485,686,AVENUE DU PONT TRINQUAT,,,VILLE,1784,1784 686,06,lourde,ENSEIGNEMENT
41,884,ECOLE MATERNELLE ANATOLE FRANCE,SCOM,SCOLAIRE MATERNELLE,V,5ème catégorie,R,Etab. d'enseignement sans hébergement,4444,10,RUE GENERAL LAFON,,,VILLE,1127,1127 10,06,lourde,ENSEIGNEMENT
42,889,GROUPE SCOLAIRE ELEMENTAIRE CHARLES DAVILER - MATERNELLE PAULINE KERGOMARD,SCO,SCOLAIRE,IV,4ème catégorie (effectif <= 300),R,Etab. d'enseignement sans hébergement,4177,5,RUE DU COLONEL MARCHAND,,,IUFM,810,810 5,,,ENSEIGNEMENT
43,893,ECOLES MATERNELLE ARISTOTE - ELEMENTAIRE PERICLES,SCO,SCOLAIRE,IV,4ème catégorie (effectif <= 300),R,Etab. d'enseignement sans hébergement,2534,528,BOULEVARD D'ANTIGONE,,,VILLE,2229,2229 528,05,simple,ENSEIGNEMENT
44,897,ECOLE ELEMENTAIRE BERTHE MORISOT,SCOE,SCOLAIRE ELEMENTAIRE,IV,4ème catégorie (effectif <= 300),R,Etab. d'enseignement sans hébergement,2433,60,AVENUE D'ASSAS,,,VILLE,511,511 60,06,lourde,ENSEIGNEMENT
45,900,ECOLE MATERNELLE MOZART,SCOM,SCOLAIRE MATERNELLE,IV,4ème catégorie (effectif <= 300),R,Etab. d'enseignement sans hébergement,2433,60,AVENUE D'ASSAS,,,VILLE,511,511 60,06,lourde,ENSEIGNEMENT
46,905,ECOLE ELEMENTAIRE AUGUSTE COMTE,SCOE,SCOLAIRE ELEMENTAIRE,V,5ème catégorie,R,Etab. d'enseignement sans hébergement,4343,2,RUE EMILE ZOLA,,,VILLE,962,962 2,07,complexe,ENSEIGNEMENT
47,908,ECOLE MATERNELLE PABLO NERUDA,SCOM,SCOLAIRE MATERNELLE,IV,4ème catégorie (effectif <= 300),R,Etab. d'enseignement sans hébergement,3816,53,RUE DE SALAMANQUE,,,VILLE,1979,1979 53,06,lourde,ENSEIGNEMENT
48,911,ECOLE ELEMENTAIRE SIMON BOLIVAR,SCOE,SCOLAIRE ELEMENTAIRE,III,3ème catégorie (300 < effectif <= 700),R,Etab. d'enseignement sans hébergement,2436,300,AVENUE DE BARCELONE,,,VILLE,543,543 300,06,lourde,ENSEIGNEMENT
49,919,ECOLE ELEMENTAIRE ANDRE BOULLOCHE,SCOE,SCOLAIRE ELEMENTAIRE,III,3ème catégorie (300 < effectif <= 700),R,Etab. d'enseignement sans hébergement,3777,123,RUE DE LAUSANNE,,,VILLE,1359,1359 123,06,lourde,ENSEIGNEMENT
50,928,ECOLE MATERNELLE VIRGINIA WOOLF,SCOM,SCOLAIRE MATERNELLE,IV,4ème catégorie (effectif <= 300),R,Etab. d'enseignement sans hébergement,3553,255,RUE DE BARI,,,VILLE,545,545 255,06,lourde,ENSEIGNEMENT
51,931,ECOLE MATERNELLE JAMES JOYCE,SCOM,SCOLAIRE MATERNELLE,III,3ème catégorie (300 < effectif <= 700),R,Etab. d'enseignement sans hébergement,3558,122,RUE DE BOLOGNE,,,VILLE,603,603 122,05,simple,ENSEIGNEMENT
52,933,ECOLE ELEMENTAIRE LEOPOLD SEDAR SENGHOR,SCOE,SCOLAIRE ELEMENTAIRE,III,3ème catégorie (300 < effectif <= 700),R,Etab. d'enseignement sans hébergement,3558,26,RUE DE BOLOGNE,,,VILLE,603,603 26,05,simple,ENSEIGNEMENT
53,943,ECOLE ELEMENTAIRE DOCTEUR CALMETTE,SCOE,SCOLAIRE ELEMENTAIRE,IV,4ème catégorie (effectif <= 300),R,Etab. d'enseignement sans hébergement,4073,147,RUE DES QUATRE SEIGNEURS,,,VILLE,1833,1833 147,05,simple,ENSEIGNEMENT
54,948,ECOLE MATERNELLE AGRIPPA D'AUBIGNE,SCOM,SCOLAIRE MATERNELLE,IV,4ème catégorie (effectif <= 300),R,Etab. d'enseignement sans hébergement,4073,147,RUE DES QUATRE SEIGNEURS,,,VILLE,1833,1833 147,05,simple,ENSEIGNEMENT
55,952,ECOLE ELEMENTAIRE LEO MALET  (COTE COUR),SCOE,SCOLAIRE ELEMENTAIRE,IV,4ème catégorie (effectif <= 300),R,Etab. d'enseignement sans hébergement,2368,5,ALLEE PIERRE CARABASSE,,,VILLE,2566,2566 5,06,lourde,ENSEIGNEMENT
56,957,ECOLE MATERNELLE CHAPTAL - ECOLE ELEMENTAIRE JEANNE D'ARC,SCO,SCOLAIRE,IV,4ème catégorie (effectif <= 300),R,Etab. d'enseignement sans hébergement,2538,9,BOULEVARD DES ARCEAUX,,,VILLE,497,497 9,07,complexe,ENSEIGNEMENT
57,960,MATERNELLE CHAPTAL,SCOM,SCOLAIRE MATERNELLE,IV,4ème catégorie (effectif <= 300),R,Etab. d'enseignement sans hébergement,2538,9,BOULEVARD DES ARCEAUX,,,,497,497 9,07,complexe,ENSEIGNEMENT
58,962,ECOLE ELEMENTAIRE PAUL LANGEVIN,SCOE,SCOLAIRE ELEMENTAIRE,IV,4ème catégorie (effectif <= 300),R,Etab. d'enseignement sans hébergement,3579,5,RUE DE CLEMENTVILLE,,,VILLE,795,795 5,06,lourde,ENSEIGNEMENT
59,966,ECOLE MATERNELLE GOETHE,SCOM,SCOLAIRE MATERNELLE,IV,4ème catégorie (effectif <= 300),R,Etab. d'enseignement sans hébergement,3930,3,RUE DES CORONILLES,,,VILLE,838,838 3,06,lourde,ENSEIGNEMENT
60,983,ECOLE MATERNELLE SIMONE SIGNORET,SCOM,SCOLAIRE MATERNELLE,IV,4ème catégorie (effectif <= 300),R,Etab. d'enseignement sans hébergement,2768,1,IMPASSE DES MARMOUSETS,,,VILLE,1458,1458 1,05,simple,ENSEIGNEMENT
61,993,ECOLE ELEMENTAIRE CONDORCET,SCOE,SCOLAIRE ELEMENTAIRE,IV,4ème catégorie (effectif <= 300),R,Etab. d'enseignement sans hébergement,4187,13,RUE DU FAUBOURG BOUTONNET,,,VILLE,1007,1007 13,06,lourde,ENSEIGNEMENT
62,996,ECOLE MATERNELLE DOCTEUR ROUX,SCOM,SCOLAIRE MATERNELLE,IV,4ème catégorie (effectif <= 300),R,Etab. d'enseignement sans hébergement,4372,96,RUE FAUBOURG FIGUEROLLES,,,VILLE,1012,1012 96,06,lourde,ENSEIGNEMENT
63,1004,ECOLE MATERNELLE MARCELINE DESBORDES VALMORE,SCOM,SCOLAIRE MATERNELLE,III,3ème catégorie (300 < effectif <= 700),R,Etab. d'enseignement sans hébergement,4210,460,RUE DU LAVANDIN,,,VILLE,1362,1362 460,,,ENSEIGNEMENT
64,1010,ECOLE MATERNELLE FLORIAN,SCOM,SCOLAIRE MATERNELLE,IV,4ème catégorie (effectif <= 300),R,Etab. d'enseignement sans hébergement,3722,49,RUE DE LA MEDITERRANEE,,,VILLE,1515,1515 49,06,lourde,ENSEIGNEMENT
65,1013,ECOLE MATERNELLE FRANCIS GARNIER,SCOM,SCOLAIRE MATERNELLE,V,5ème catégorie,R,Etab. d'enseignement sans hébergement,4448,2,RUE GENERAL RENE,,,VILLE,1132,1132 2,06,lourde,ENSEIGNEMENT
66,1022,ECOLE ELEMENTAIRE GAMBETTA,SCOE,SCOLAIRE ELEMENTAIRE,V,5ème catégorie,R,Etab. d'enseignement sans hébergement,4098,20,RUE DES SOLDATS,,,VILLE,2014,2014 20,06,lourde,ENSEIGNEMENT
67,1028,ECOLE MATERNELLE CERVANTES,SCOM,SCOLAIRE MATERNELLE,IV,4ème catégorie (effectif <= 300),R,Etab. d'enseignement sans hébergement,3460,91,RUE CHARLES BONAPARTE,,,VILLE,740,740 91,,,ENSEIGNEMENT
68,1030,ECOLE ELEMENTAIRE HEIDELBERG,SCOE,SCOLAIRE ELEMENTAIRE,IV,4ème catégorie (effectif <= 300),R,Etab. d'enseignement sans hébergement,3780,310,RUE DE LIEGE,,,VILLE,1382,1382 310,06,lourde,ENSEIGNEMENT
69,1038,ECOLE MATERNELLE JACQUES PREVERT,SCOM,SCOLAIRE MATERNELLE,V,5ème catégorie,R,Etab. d'enseignement sans hébergement,2469,297,AVENUE DU COMTE DE NICE,,,VILLE,821,821 297,06,lourde,ENSEIGNEMENT
70,1056,ECOLE MATERNELLE INGRID BERGMAN,SCOM,SCOLAIRE MATERNELLE,V,5ème catégorie,R,Etab. d'enseignement sans hébergement,2545,20,BOULEVARD MOUNIE,,,VILLE,1570,1570 20,06,lourde,ENSEIGNEMENT
71,1061,ECOLE ELEMENTAIRE JEAN MOULIN,SCOE,SCOLAIRE ELEMENTAIRE,III,3ème catégorie (300 < effectif <= 700),R,Etab. d'enseignement sans hébergement,2545,20,BOULEVARD MOUNIE,,,VILLE,1570,1570 20,06,lourde,ENSEIGNEMENT
72,1065,ECOLE MATERNELLE JEAN JACQUES ROUSSEAU,SCOM,SCOLAIRE MATERNELLE,IV,4ème catégorie (effectif <= 300),R,Etab. d'enseignement sans hébergement,3518,21,RUE D'AIGREFEUILLE,,,VILLE,426,426 21,,,ENSEIGNEMENT
73,1068,ECOLE ELEMENTAIRE EUGENE POTTIER,SCOE,SCOLAIRE ELEMENTAIRE,IV,4ème catégorie (effectif <= 300),R,Etab. d'enseignement sans hébergement,3711,120,RUE DE LA JALADE,,,VILLE,1261,1261 120,06,lourde,ENSEIGNEMENT
74,1071,ECOLE ELEMENTAIRE JEAN SIBELIUS,SCOE,SCOLAIRE ELEMENTAIRE,IV,4ème catégorie (effectif <= 300),R,Etab. d'enseignement sans hébergement,3711,120,RUE DE LA JALADE,,,VILLE,1261,1261 120,06,lourde,ENSEIGNEMENT
75,1074,ECOLE MATERNELLE CHARLIE CHAPLIN,SCOM,SCOLAIRE MATERNELLE,IV,4ème catégorie (effectif <= 300),R,Etab. d'enseignement sans hébergement,3711,120,RUE DE LA JALADE,,,VILLE,1261,1261 120,05,simple,ENSEIGNEMENT
76,1077,ECOLE ELEMENTAIRE JULES SIMON,SCOE,SCOLAIRE ELEMENTAIRE,IV,4ème catégorie (effectif <= 300),R,Etab. d'enseignement sans hébergement,3722,45,RUE DE LA MEDITERRANEE,,,VILLE,1515,1515 45,06,lourde,ENSEIGNEMENT
77,1083,ECOLE MATERNELLE LA FONTAINE,SCOM,SCOLAIRE MATERNELLE,IV,4ème catégorie (effectif <= 300),R,Etab. d'enseignement sans hébergement,3244,27,QUAI DU VERDANSON,,,VILLE,2108,2108 27,06,lourde,ENSEIGNEMENT
78,1091,ECOLE ELEMENTAIRE SPINOZA,SCOE,SCOLAIRE ELEMENTAIRE,III,3ème catégorie (300 < effectif <= 700),R,Etab. d'enseignement sans hébergement,4976,110,RUE VIOLLET LE DUC,,,VILLE,2524,2524 110,06,lourde,ENSEIGNEMENT
79,1094,ECOLE MATERNELLE JEANNE DEROIN,SCOM,SCOLAIRE MATERNELLE,III,3ème catégorie (300 < effectif <= 700),R,Etab. d'enseignement sans hébergement,4976,88,RUE VIOLLET LE DUC,,,VILLE,2524,2524 88,06,lourde,ENSEIGNEMENT
80,1098,ECOLE MATERNELLE PAUL ELUARD,SCOM,SCOLAIRE MATERNELLE,IV,4ème catégorie (effectif <= 300),R,Etab. d'enseignement sans hébergement,3814,289,RUE DE SAINT HILAIRE,,,VILLE,1941,1941 289,06,lourde,ENSEIGNEMENT
81,1100,ECOLE ELEMENTAIRE JEAN MACE,SCOE,SCOLAIRE ELEMENTAIRE,IV,4ème catégorie (effectif <= 300),R,Etab. d'enseignement sans hébergement,3814,289,RUE DE SAINT HILAIRE,,,VILLE,1941,1941 289,06,lourde,ENSEIGNEMENT
82,1102,RESTAURANT SCOLAIRE GS LA RAUZE,SCO,SCOLAIRE,IV,4ème catégorie (effectif <= 300),R,Etab. d'enseignement sans hébergement,3814,289,RUE DE SAINT HILAIRE,,,VILLE,1941,1941 289,06,lourde,ENSEIGNEMENT
83,1103,ECOLE ELEMENTAIRE LAMARTINE,SCOE,SCOLAIRE ELEMENTAIRE,V,5ème catégorie,R,Etab. d'enseignement sans hébergement,3769,30,RUE DE LA VALFERE,,,VILLE,2098,2098 30,06,lourde,ENSEIGNEMENT
84,1105,ECOLE MATERNELLE PASTEUR,SCOM,SCOLAIRE MATERNELLE,IV,4ème catégorie (effectif <= 300),R,Etab. d'enseignement sans hébergement,4297,15,RUE DU SAINT SEPULCRE,,,VILLE,1965,1965 15,06,lourde,ENSEIGNEMENT
85,1108,ECOLES ROBERT SURCOUF - GEORGES SIMENON,SCO,SCOLAIRE,III,3ème catégorie (300 < effectif <= 700),R,Etab. d'enseignement sans hébergement,2548,215,BOULEVARD PEDRO DE LUNA,,,VILLE,1686,1686 215,06,lourde,ENSEIGNEMENT
86,1125,ECOLE MATERNELLE MADELEINE BRES,SCO,SCOLAIRE,IV,4ème catégorie (effectif <= 300),R,Etab. d'enseignement sans hébergement,2222,183,ALLEE DE L'AQUEDUC,,,VILLE,494,494 183,06,lourde,ENSEIGNEMENT
87,1126,ECOLE ELEMENTAIRE JULIE DAUBIE,SCO,SCOLAIRE,III,3ème catégorie (300 < effectif <= 700),R,Etab. d'enseignement sans hébergement,2222,183,ALLEE DE L'AQUEDUC,,,VILLE,494,494 183,06,lourde,ENSEIGNEMENT
88,1138,ECOLE ELEMENTAIRE KUROSAWA,SCOE,SCOLAIRE ELEMENTAIRE,IV,4ème catégorie (effectif <= 300),R,Etab. d'enseignement sans hébergement,4785,400,RUE PIERRE CARDENAL,,,VILLE,1730,1730 400,05,simple,ENSEIGNEMENT
89,1141,ECOLE MATERNELLE INDIRA GANDHI,SCOM,SCOLAIRE MATERNELLE,III,3ème catégorie (300 < effectif <= 700),R,Etab. d'enseignement sans hébergement,4785,380,RUE PIERRE CARDENAL,,,VILLE,1730,1730 380,05,simple,ENSEIGNEMENT
90,1144,ECOLE MATERNELLE RUDYARD KIPLING,SCOM,SCOLAIRE MATERNELLE,IV,4ème catégorie (effectif <= 300),R,Etab. d'enseignement sans hébergement,2516,311,AVENUE SAINT CLEMENT,,,VILLE,1926,1926 311,06,lourde,ENSEIGNEMENT
91,1146,ECOLE ELEMENTAIRE CHARLES BAUDELAIRE,SCOE,SCOLAIRE ELEMENTAIRE,IV,4ème catégorie (effectif <= 300),R,Etab. d'enseignement sans hébergement,2516,311,AVENUE SAINT CLEMENT,,,VILLE,1926,1926 311,06,lourde,ENSEIGNEMENT
92,1155,ECOLE ELEMENTAIRE MARC BLOCH,SCOE,SCOLAIRE ELEMENTAIRE,IV,4ème catégorie (effectif <= 300),R,Etab. d'enseignement sans hébergement,2181,135,ALL HAUTS DE MONTPELLIER,,,VILLE,1204,1204 135,06,lourde,ENSEIGNEMENT
93,1162,ECOLE MATERNELLE COPERNIC,SCOM,SCOLAIRE MATERNELLE,IV,4ème catégorie (effectif <= 300),R,Etab. d'enseignement sans hébergement,2181,135,ALL HAUTS DE MONTPELLIER,,,VILLE,1204,1204 135,06,lourde,ENSEIGNEMENT
94,1166,ECOLE MATERNELLE AVERROES,SCOM,SCOLAIRE MATERNELLE,IV,4ème catégorie (effectif <= 300),R,Etab. d'enseignement sans hébergement,4538,47,RUE JAUFRE RUDEL,,,VILLE,1271,1271 47,05,simple,ENSEIGNEMENT
95,1169,ECOLE ELEMENTAIRE GALILEE,SCOE,SCOLAIRE ELEMENTAIRE,IV,4ème catégorie (effectif <= 300),R,Etab. d'enseignement sans hébergement,4538,47,RUE JAUFRE RUDEL,,,VILLE,1271,1271 47,06,lourde,ENSEIGNEMENT
96,1188,ECOLE MATERNELLE MARTIN LUTHER KING,SCOM,SCOLAIRE MATERNELLE,IV,4ème catégorie (effectif <= 300),R,Etab. d'enseignement sans hébergement,3460,65,RUE CHARLES BONAPARTE,,,VILLE,740,740 65,05,simple,ENSEIGNEMENT
97,1191,ECOLE ELEMENTAIRE LOUISVILLE,SCOE,SCOLAIRE ELEMENTAIRE,IV,4ème catégorie (effectif <= 300),R,Etab. d'enseignement sans hébergement,2450,431,AVENUE DE LOUISVILLE,,,VILLE,1412,1412 431,05,simple,ENSEIGNEMENT
98,1200,RESTAURANT GROUPE SCOLAIRE MARIE CURIE - ALPHONSE DAUDET,SCO,SCOLAIRE,V,5ème catégorie,N,Restaurants et débits de boissons,2265,6,ALLEE DES SOPHORAS,,,VILLE,2016,2016 6,06,lourde,ENSEIGNEMENT
99,1204,ELEMENTAIRE MARIE CURIE,SCOE,SCOLAIRE ELEMENTAIRE,IV,4ème catégorie (effectif <= 300),R,Etab. d'enseignement sans hébergement,2265,6,ALLEE DES SOPHORAS,,,,2016,2016 6,07,complexe,ENSEIGNEMENT
100,1205,MATERNELLE ALPHONSE DAUDET,SCOM,SCOLAIRE MATERNELLE,IV,4ème catégorie (effectif <= 300),R,Etab. d'enseignement sans hébergement,2265,2,ALLEE DES SOPHORAS,,,,2016,2016 2,06,lourde,ENSEIGNEMENT
101,1210,MATERNELLE MARCEL PAGNOL,SCOM,SCOLAIRE MATERNELLE,IV,4ème catégorie (effectif <= 300),R,Etab. d'enseignement sans hébergement,4455,305,RUE GEORGES BRASSENS,,,,1140,1140 305,,,ENSEIGNEMENT
102,1211,ECOLE MATER. L. V. BEETHOVEN,,,V,5ème catégorie,R,Etab. d'enseignement sans hébergement,2577,381,CHEMIN DE POUTINGON,,,,1794,1794 381,,,
103,1218,ECOLE ELEMENTAIRE GARIBALDI,SCOE,SCOLAIRE ELEMENTAIRE,IV,4ème catégorie (effectif <= 300),R,Etab. d'enseignement sans hébergement,3043,2,PLACE DE FONTJUN,,,VILLE,1062,1062 2,06,lourde,ENSEIGNEMENT
104,1221,ECOLE MATERNELLE BERTIE ALBRECHT,SCOM,SCOLAIRE MATERNELLE,V,5ème catégorie,N,Restaurants et débits de boissons,3043,1,PLACE DE FONTJUN,,,VILLE,1062,1062 1,06,lourde,ENSEIGNEMENT
105,1227,ECOLE MATERNELLE VINCENT VAN GOGH,SCOM,SCOLAIRE MATERNELLE,IV,4ème catégorie (effectif <= 300),R,Etab. d'enseignement sans hébergement,3539,242,RUE D'OXFORD,,,VILLE,1633,1633 242,06,lourde,ENSEIGNEMENT
106,1230,ECOLE ELEMENTAIRE ROOSEVELT,SCOE,SCOLAIRE ELEMENTAIRE,IV,4ème catégorie (effectif <= 300),R,Etab. d'enseignement sans hébergement,3777,25,RUE DE LAUSANNE,,,VILLE,1359,1359 25,06,lourde,ENSEIGNEMENT
107,1240,ECOLE MATERNELLE PABLO PICASSO,SCOM,SCOLAIRE MATERNELLE,V,5ème catégorie,R,Etab. d'enseignement sans hébergement,2406,41,AV GUILHEM DE POITIERS,,,VILLE,1190,1190 41,06,lourde,ENSEIGNEMENT
108,1248,ECOLE MATERNELLE PAPE CARPENTIER,SCOM,SCOLAIRE MATERNELLE,IV,4ème catégorie (effectif <= 300),R,Etab. d'enseignement sans hébergement,3940,12,RUE DES ECOLES,,,VILLE,936,936 12,06,lourde,ENSEIGNEMENT
109,1256,ECOLE ELEMENTAIRE VICTOR SCHOELCHER,SCOE,SCOLAIRE ELEMENTAIRE,IV,4ème catégorie (effectif <= 300),R,Etab. d'enseignement sans hébergement,4867,65,RUE ROBESPIERRE,,,VILLE,1884,1884 65,,,ENSEIGNEMENT
110,1258,ECOLE MATERNELLE LILY BOULANGER,SCOM,SCOLAIRE MATERNELLE,IV,4ème catégorie (effectif <= 300),R,Etab. d'enseignement sans hébergement,4867,25,RUE ROBESPIERRE,,,VILLE,1884,1884 25,,,ENSEIGNEMENT
111,1261,ECOLE ELEMENTAIRE PAUL BERT,SCOE,SCOLAIRE ELEMENTAIRE,V,5ème catégorie,R,Etab. d'enseignement sans hébergement,4449,19,RUE GENERAL RIU,,,VILLE,1133,1133 19,06,lourde,ENSEIGNEMENT
112,1267,ECOLES MATERNELLE GENEVIEVE BON - ELEMENTAIRE LOUIS ARMSTRONG,SCO,SCOLAIRE,III,3ème catégorie (300 < effectif <= 700),R,Etab. d'enseignement sans hébergement,4771,971,RUE PAUL RIMBAUD,,,VILLE,1676,1676 971,05,simple,ENSEIGNEMENT
113,1270,ECOLE ELEMENTAIRE DIDEROT BATIMENT 1,SCOE,SCOLAIRE ELEMENTAIRE,IV,4ème catégorie (effectif <= 300),L,"Salles usage auditions, conférences, ...",3655,16,RUE DE LA BANDIDO,,,VILLE,541,541 16,06,lourde,ENSEIGNEMENT
114,1273,ECOLE MATERNELLE JEAN COCTEAU,SCOM,SCOLAIRE MATERNELLE,IV,4ème catégorie (effectif <= 300),R,Etab. d'enseignement sans hébergement,3655,16,RUE DE LA BANDIDO,,,VILLE,541,541 16,06,lourde,ENSEIGNEMENT
115,1277,ECOLE ELEMENTAIRE SEVIGNE,SCOE,SCOLAIRE ELEMENTAIRE,V,5ème catégorie,R,Etab. d'enseignement sans hébergement,3405,5,RUE BERNARD DE TREVIERS,,,VILLE,584,584 5,06,lourde,ENSEIGNEMENT
116,1281,ECOLE MATERNELLE MADELEINE RENAUD,SCOM,SCOLAIRE MATERNELLE,IV,4ème catégorie (effectif <= 300),R,Etab. d'enseignement sans hébergement,2436,360,AVENUE DE BARCELONE,,,VILLE,543,543 360,,,ENSEIGNEMENT
117,1283,ECOLE ELEMENTAIRE ANTOINE BALARD,SCOE,SCOLAIRE ELEMENTAIRE,IV,4ème catégorie (effectif <= 300),R,Etab. d'enseignement sans hébergement,3816,123,RUE DE SALAMANQUE,,,VILLE,1979,1979 123,,,ENSEIGNEMENT
118,1294,ECOLES MATERNELLE HELENE BOUCHER ET ELEMENTAIRE ALAIN SAVARY  (BATIMENT PRINCIPAL),SCO,SCOLAIRE,III,3ème catégorie (300 < effectif <= 700),R,Etab. d'enseignement sans hébergement,3245,240,QUAI FLORA TRISTAN,,,VILLE,2220,2220 240,06,lourde,ENSEIGNEMENT
119,1296,MATERNELLE HELENE BOUCHER,SCOM,SCOLAIRE MATERNELLE,III,3ème catégorie (300 < effectif <= 700),R,Etab. d'enseignement sans hébergement,3245,240,QUAI FLORA TRISTAN,,,,2220,2220 240,,,ENSEIGNEMENT
120,1298,ECOLE ELEMENTAIRE JULES FERRY,SCOE,SCOLAIRE ELEMENTAIRE,III,3ème catégorie (300 < effectif <= 700),R,Etab. d'enseignement sans hébergement,3250,88,R ANTOINE-LAURENT JUSSIEU,,,VILLE,2342,2342 88,05,simple,ENSEIGNEMENT
121,1300,ECOLE MATERNELLE TERESA,SCOM,SCOLAIRE MATERNELLE,IV,4ème catégorie (effectif <= 300),R,Etab. d'enseignement sans hébergement,3250,30,R ANTOINE-LAURENT JUSSIEU,,,VILLE,2342,2342 30,05,simple,ENSEIGNEMENT
122,1306,ELEMENTAIRE RONSARD,SCOE,SCOLAIRE ELEMENTAIRE,III,3ème catégorie (300 < effectif <= 700),R,Etab. d'enseignement sans hébergement,4522,700,RUE JACQUES BOUNIN,,,,1254,1254 700,,,ENSEIGNEMENT
123,1311,ECOLE ELEMENTAIRE VOLTAIRE,SCOE,SCOLAIRE ELEMENTAIRE,IV,4ème catégorie (effectif <= 300),R,Etab. d'enseignement sans hébergement,4506,157,RUE HENRI SELLIER,,,VILLE,1213,1213 157,06,lourde,ENSEIGNEMENT
124,1312,CLSH ASTERIX - DEPENDANCES CHATEAU GRAMMONT,,,IV,4ème catégorie (effectif <= 300),R,Etab. d'enseignement sans hébergement,2425,2733,AVENUE ALBERT EINSTEIN,,,INSTITUT BOUISSON BERTRAND,2324,2324 2733,,,
125,1315,GYMNASE ALAIN ACHILLE,EQUSP,EQUIPEMENT SPORTIFS,III,3ème catégorie (300 < effectif <= 700),X,Etablissements sportifs couverts,3165,1,PLACE MARCEL GODECHOT,,,UNIVERSITE MONTPELLIER 1,1440,1440 1,,,SPORTS
126,1318,SALLE DE SPORTS AMELIE BLANCHARD,EQUSP,EQUIPEMENT SPORTIFS,V,5ème catégorie,X,Etablissements sportifs couverts,3556,10,RUE DE BERCY,,,VILLE,580,580 10,,,SPORTS
127,1319,GYMNASE BERNARD JOUANIQUE,EQUSP,EQUIPEMENT SPORTIFS,III,3ème catégorie (300 < effectif <= 700),X,Etablissements sportifs couverts,3431,32,RUE CALVIN,,,VILLE,2197,2197 32,06,lourde,SPORTS
128,1321,GYMNASE JEAN BOUIN,EQUSP,EQUIPEMENT SPORTIFS,III,3ème catégorie (300 < effectif <= 700),X,Etablissements sportifs couverts,2466,70,AVENUE DU BITERROIS,,,VILLE,594,594 70,06,lourde,SPORTS
129,1324,GYMNASE JEAN RAMEL,EQUSP,EQUIPEMENT SPORTIFS,IV,4ème catégorie (effectif <= 300),X,Etablissements sportifs couverts,4583,10,RUE JOSE MARIA DE HEREDIA,,,VILLE,1315,1315 10,06,lourde,SPORTS
130,1326,GYMNASE LES ARTS,EQUSP,EQUIPEMENT SPORTIFS,III,3ème catégorie (300 < effectif <= 700),X,Etablissements sportifs couverts,3822,33,RUE DE SUBSTANTION,,,VILLE,2025,2025 33,06,lourde,SPORTS
131,1333,ECOLE ELEMENTAIRE DANTE ALIGHIERI,SCOE,SCOLAIRE ELEMENTAIRE,IV,4ème catégorie (effectif <= 300),R,Etab. d'enseignement sans hébergement,3512,759,RUE CROIX DE FIGUEROLLES,,,VILLE,864,864 759,05,simple,ENSEIGNEMENT
132,1336,ECOLE ELEMENTAIRE SUN YAT SEN,SCOE,SCOLAIRE ELEMENTAIRE,IV,4ème catégorie (effectif <= 300),R,Etab. d'enseignement sans hébergement,3512,803,RUE CROIX DE FIGUEROLLES,,,VILLE,864,864 803,,,ENSEIGNEMENT
133,1338,ECOLE MATERNELLE MARIA CALLAS,SCOM,SCOLAIRE MATERNELLE,III,3ème catégorie (300 < effectif <= 700),R,Etab. d'enseignement sans hébergement,3512,843,RUE CROIX DE FIGUEROLLES,,,VILLE,864,864 843,06,lourde,ENSEIGNEMENT
134,1343,GYMNASE LOUIS NEGRE,,,V,5ème catégorie,X,Etablissements sportifs couverts,4771,295,RUE PAUL RIMBAUD,,,VILLE,1676,1676 295,,,
135,1344,GYMNASE MARCEL CERDAN,EQUSP,EQUIPEMENT SPORTIFS,III,3ème catégorie (300 < effectif <= 700),X,Etablissements sportifs couverts,4491,20,RUE HEBERT,,,VILLE,1206,1206 20,07,complexe,SPORTS
136,1345,GYMNASE PAUL ROCCA,,,IV,4ème catégorie (effectif <= 300),X,Etablissements sportifs couverts,4771,1041,RUE PAUL RIMBAUD,,,,1676,1676 1041,,,
137,1346,HALTE GARDERIE LES CHATS BOTTES,HALTG,HALTE GARDERIE,V,5ème catégorie,R,Etab. d'enseignement sans hébergement,4572,24,RUE JEANNE DE CHARRIN,,,VILLE,2721,2721 24,,,PETITE ENFANCE
138,1348,HALTE GARDERIE PITCHOT NANET - TOURTERELLES,HALTG,HALTE GARDERIE,V,5ème catégorie,R,Etab. d'enseignement sans hébergement,4110,1,RUE DES TOURTERELLES,,,VILLE,2068,2068 1,,,PETITE ENFANCE
139,1349,HOTEL BASCHY DU CAYLA,DIVERS,MULTI - AFFECTATION,V,5ème catégorie,R,Etab. d'enseignement sans hébergement,4334,1,EMBOUQUE D'OR,,,VILLE,954,954 1,07,complexe,TOUT PUBLIC
140,1353,JARDIN D'ENFANTS BOUTONS D'OR,HALTG,HALTE GARDERIE,V,5ème catégorie,R,Etab. d'enseignement sans hébergement,2457,42,AVENUE SAINT LAZARE,,,,1948,1948 42,,,PETITE ENFANCE
141,1359,ENSEMBLE MAISON POUR TOUS ALBERT DUBOUT,DIVERS,MULTI - AFFECTATION,V,5ème catégorie,W,"Administrations, banques, bureaux",2407,1071,AV JUSTICE DE CASTELNAU,,,VILLE,1337,1337 1071,06,lourde,TOUT PUBLIC
142,1376,EGLISE NOTRE DAME DES TABLES,CULT,LOCAUX CULTUELS,III,3ème catégorie (300 < effectif <= 700),V,Etablissements de culte,3170,3,PLACE NOTRE DAME,,,VILLE,1605,1605 3,06,lourde,TOUT PUBLIC
143,1385,PALAIS DES SPORTS RENE BOUGNOL (PV DE TRANSFERT VILLE/CAM),EQUSP,EQUIPEMENT SPORTIFS,I,1ère catégorie (effectif > 1500),X,Etablissements sportifs couverts,2404,1000,AV DU VAL DE MONTFERRAND,,,VILLE,2093,2093 1000,,,SPORTS
144,1388,PALAIS DES SPORTS PIERRE DE COUBERTIN,EQUSP,EQUIPEMENT SPORTIFS,I,1ère catégorie (effectif > 1500),X,Etablissements sportifs couverts,3599,25,RUE DE GENES,,,VILLE,1135,1135 25,06,lourde,SPORTS
145,1390,PISCINE MAURIN - JEAN VIVES (PV DE TRANSFERT VILLE/CAM),EQUSP,EQUIPEMENT SPORTIFS,II,2ème catégorie (700 < effectif <= 1500),X,Etablissements sportifs couverts,2451,1933,AVENUE DE MAURIN,,,VILLE,1511,1511 1933,,,SPORTS
146,1391,PISCINE POMPIGNANE - JEAN TARIS (PV DE TRANSFERT VILLE/CAM),EQUSP,EQUIPEMENT SPORTIFS,IV,4ème catégorie (effectif <= 300),X,Etablissements sportifs couverts,4656,67,RUE LOUISE MICHEL,,,VILLE,1410,1410 67,,,SPORTS
147,1392,EGLISE SAINT DENIS,CULT,LOCAUX CULTUELS,V,5ème catégorie,V,Etablissements de culte,3194,1,PLACE SAINT DENIS,,,VILLE,1933,1933 1,05,simple,TOUT PUBLIC
148,1393,ENSEMBLE MAISON POUR TOUS ESCOUTAIRE,MPT,MAISON POUR TOUS,III,3ème catégorie (300 < effectif <= 700),L,"Salles usage auditions, conférences, ...",4075,67,RUE DES RAZETEURS,,,VILLE,1854,1854 67,05,simple,ASSOCIATIF
149,1395,EGLISE SAINT MATHIEU,CULT,LOCAUX CULTUELS,V,5ème catégorie,V,Etablissements de culte,4463,5,RUE GERMAIN,,,VILLE,1150,1150 5,,,TOUT PUBLIC
150,1396,EGLISE SAINT ROCH,CULT,LOCAUX CULTUELS,V,5ème catégorie,V,Etablissements de culte,3197,1,PLACE SAINT ROCH,,,VILLE,1963,1963 1,06,lourde,TOUT PUBLIC
151,1398,EGLISE SAINTE CROIX DE CELLENEUVE,CULT,LOCAUX CULTUELS,V,5ème catégorie,V,Etablissements de culte,4304,3,RUE DU TOUR DE L'EGLISE,,,VILLE,2063,2063 3,,,TOUT PUBLIC
152,1399,EGLISE SAINTE EULALIE,CULT,LOCAUX CULTUELS,V,5ème catégorie,V,Etablissements de culte,3724,12,RUE DE LA MERCI,,,VILLE,1520,1520 12,05,simple,TOUT PUBLIC
153,1402,SALLE DE SPORTS BABOTTE,EQUSP,EQUIPEMENT SPORTIFS,V,5ème catégorie,X,Etablissements sportifs couverts,4752,3,RUE PARLIER,,,VILLE,1652,1652 3,,,SPORTS
154,1405,CRECHE SOURIS VERTE - RESIDENCE SAINT PRIEST,ASSOS,ASSOCIATION,IV,4ème catégorie (effectif <= 300),R,Etab. d'enseignement sans hébergement,2464,655,AVENUE DES MOULINS,,,VILLE,1568,1568 655,,,ASSOCIATIF
155,1422,VESTIAIRES FOOT TRITONS MOSSON,,,V,5ème catégorie,L,"Salles usage auditions, conférences, ...",2181,300,ALL HAUTS DE MONTPELLIER,,,VILLE,1204,1204 300,,,
156,1443,CRECHE FRANCOISE DOLTO - RUE DU PERE CYPRIEN ROME,CRECHE,CRECHE,V,5ème catégorie,R,Etab. d'enseignement sans hébergement,4254,5,RUE DU PERE CYPRIEN ROME,,,VILLE,1695,1695 5,,,PETITE ENFANCE
157,1444,H. GARDERIE MARY POPPIN'S,HALTG,HALTE GARDERIE,V,5ème catégorie,R,Etab. d'enseignement sans hébergement,3020,82,PLACE CARDINAL VERDIER,,,VILLE,2690,2690 82,,,PETITE ENFANCE
158,1459,CLUB HOUSE RUGBY TASTAVIN JEAN MACE,EQUSP,EQUIPEMENT SPORTIFS,V,5ème catégorie,N,Restaurants et débits de boissons,2395,112,ALLEES MAURICE BONAFOS,,,VILLE,2480,2480 112,,,SPORTS
159,1468,ECOLE MATERNELLE JULES MICHELET,SCOM,SCOLAIRE MATERNELLE,III,3ème catégorie (300 < effectif <= 700),R,Etab. d'enseignement sans hébergement,3866,9999,RUE DES ARAUCARIAS,,,VILLE,493,493 9999,,,ENSEIGNEMENT
160,1471,ECOLES BLAISE PASCAL ET SARAH BERNHARDT,SCO,SCOLAIRE,III,3ème catégorie (300 < effectif <= 700),R,Etab. d'enseignement sans hébergement,4649,100,RUE LOUIS LEPINE,,,VILLE,2316,2316 100,06,lourde,ENSEIGNEMENT
161,1477,CLUB HOUSE TIR A L'ARC LA RAUZE,,,V,5ème catégorie,L,"Salles usage auditions, conférences, ...",2400,419,AVENUE DOCTEUR JACQUES FOURCADE,,,VILLE,2199,2199 419,,,
162,1483,VESTIAIRES TERRAIN DE FOOT DR FOURCADE,,,V,5ème catégorie,X,Etablissements sportifs couverts,3885,101,RUE DES BOUISSES,,,VILLE,617,617 101,,,
163,1486,HALTE GARDERIE LA COUPOLE - IMMEUBLE LA COUPOLE PAVILLON ZEUS (COPROPRIETE),HALTG,HALTE GARDERIE,V,5ème catégorie,R,Etab. d'enseignement sans hébergement,3211,45,PLACE ZEUS,,,VILLE,3246,3246 45,06,lourde,PETITE ENFANCE
164,1492,ENSEMBLE MAISON POUR TOUS GEORGES BRASSENS,DIVERS,MULTI - AFFECTATION,II,2ème catégorie (700 < effectif <= 1500),L,"Salles usage auditions, conférences, ...",3148,45,PLACE JACQUE BREL,,,VILLE,3056,3056 45,05,simple,TOUT PUBLIC
165,1494,ECOLE ELEMENTAIRE JOSEPH DELTEIL,SCOE,SCOLAIRE ELEMENTAIRE,III,3ème catégorie (300 < effectif <= 700),R,Etab. d'enseignement sans hébergement,3866,9999,RUE DES ARAUCARIAS,,,VILLE,493,493 9999,05,simple,ENSEIGNEMENT
166,1496,SALLE NOGARET,PROT,LOCAUX PROTOCOLE,III,3ème catégorie (300 < effectif <= 700),L,"Salles usage auditions, conférences, ...",4802,20,RUE PITOT,,,VILLE,1754,1754 20,05,simple,TOUT PUBLIC
167,1497,CRECHE PETIT PRINCE DE BOUTONNET - RUE EMILE LITTRE,CRECHE,CRECHE,IV,4ème catégorie (effectif <= 300),R,Etab. d'enseignement sans hébergement,4341,20,RUE EMILE LITTRE,,,VILLE,2773,2773 20,06,lourde,PETITE ENFANCE
168,1498,HALTE GARDERIE VILLENEUVE D'ANGOULEME,HALTG,HALTE GARDERIE,V,5ème catégorie,R,Etab. d'enseignement sans hébergement,4381,328,RUE FERNANDEL,,,VILLE,2697,2697 328,,,PETITE ENFANCE
169,1500,SALLE AVICENNE (BAIL EMPHYTHEOTIQUE VILLE/ASSO CONNAISSANCE DU CULTE MUSULMAN),CULT,LOCAUX CULTUELS,I,1ère catégorie (effectif > 1500),V,Etablissements de culte,2512,272,AVENUE PAUL BRINGUIER,,,VILLE,1666,1666 272,05,simple,TOUT PUBLIC
170,1506,GYMNASE GEORGES BUSNEL,EQUSP,EQUIPEMENT SPORTIFS,III,3ème catégorie (300 < effectif <= 700),X,Etablissements sportifs couverts,4075,67,RUE DES RAZETEURS,,,VILLE,1854,1854 67,06,lourde,SPORTS
171,1507,GYMNASE EMMANUEL GAMBARDELLA,EQUSP,EQUIPEMENT SPORTIFS,V,5ème catégorie,X,Etablissements sportifs couverts,3420,4,RUE BOURRELY,,,VILLE,622,622 4,,,SPORTS
172,1508,DOMAINE DE LA POMPIGNANE / RR 33,DOM,DOMAINE,III,3ème catégorie (300 < effectif <= 700),L,"Salles usage auditions, conférences, ...",3815,738,RUE DE SALAISON,,,VILLE DE MONTPELLIER,1978,1978 738,06,lourde,TOUT PUBLIC
173,1538,GYMNASE CLAPAS,,,I,1ère catégorie (effectif > 1500),X,Etablissements sportifs couverts,2441,645,AVENUE DE HEIDELBERG,,,VILLE,1208,1208 645,,,
174,1549,CLUB HOUSE FOOT GIL FAYARD,EQUSP,EQUIPEMENT SPORTIFS,V,5ème catégorie,L,"Salles usage auditions, conférences, ...",3421,150,RUE BOURVIL,,,VILLE,2548,2548 150,,,SPORTS
175,1550,CLUB HOUSE BOULODROME FIGUEROLLES,,,V,5ème catégorie,L,"Salles usage auditions, conférences, ...",3677,818,RUE DE LA COMMUNE CLOTURE,,,VILLE,818,818 818,,,
176,1551,CLUB HOUSE BOULODROME PAUL VALERY,,,V,5ème catégorie,L,"Salles usage auditions, conférences, ...",4491,20,RUE HEBERT,,,,1206,1206 20,,,
177,1564,ECOLE ELEMENTAIRE JULES VERNE,SCOE,SCOLAIRE ELEMENTAIRE,IV,4ème catégorie (effectif <= 300),R,Etab. d'enseignement sans hébergement,4988,127,RUE YEHUDI MENUHIN,,,VILLE,3157,3157 127,06,lourde,ENSEIGNEMENT
178,1567,BOULODROME BERNARD GASSET,EQUSP,EQUIPEMENT SPORTIFS,II,2ème catégorie (700 < effectif <= 1500),X,Etablissements sportifs couverts,2508,122,AVENUE MAURICE PLANES,,,VILLE,1512,1512 122,06,lourde,SPORTS
179,1571,ECOLE PRIMAIRE LA LIRONDE,SCO,SCOLAIRE,IV,4ème catégorie (effectif <= 300),R,Etab. d'enseignement sans hébergement,3301,380,ROUTE DE VAUGUIERES,,,VILLE,2103,2103 380,06,lourde,ENSEIGNEMENT
180,1572,GYMNASE MIREILLE BESSIERE,EQUSP,EQUIPEMENT SPORTIFS,IV,4ème catégorie (effectif <= 300),X,Etablissements sportifs couverts,4332,175,RUE EDOUARD VILLALONGA,,,VILLE,2938,2938 175,06,lourde,SPORTS
181,1584,MULTISPORTS SABINES,EQUSP,EQUIPEMENT SPORTIFS,V,5ème catégorie,PA,Etablissements de plein air,3264,115,R MICHEL COLUCCI (COLUCHE),,,,2461,2461 115,,,SPORTS
182,1587,MATERNELLE GENEVIEVE DE GAULLE ANTHONIOZ,SCOM,SCOLAIRE MATERNELLE,IV,4ème catégorie (effectif <= 300),R,Etab. d'enseignement sans hébergement,2578,10,CHEMIN DES BARQUES,,,VILLE,547,547 10,06,lourde,ENSEIGNEMENT
183,1588,ELEMENTAIRE JEAN JAURES,SCOE,SCOLAIRE ELEMENTAIRE,IV,4ème catégorie (effectif <= 300),R,Etab. d'enseignement sans hébergement,2578,12,CHEMIN DES BARQUES,,,VILLE,547,547 12,06,lourde,ENSEIGNEMENT
184,1594,CLUB HOUSE BOULODROME CLAPAS,EQUSP,EQUIPEMENT SPORTIFS,V,5ème catégorie,PA,Etablissements de plein air,3108,1,PLACE DU PERE LOUIS,,,VILLE,3019,3019 1,,,SPORTS
185,1597,GYMNASE ALAIN COLAS,EQUSP,EQUIPEMENT SPORTIFS,IV,4ème catégorie (effectif <= 300),X,Etablissements sportifs couverts,3624,227,RUE DE L'ARNEL,,,VILLE,505,505 227,06,lourde,SPORTS
186,1625,MULTI ACCUEIL ENFANCE ODYSSEUM,DIVERS,MULTI - AFFECTATION,IV,4ème catégorie (effectif <= 300),R,Etab. d'enseignement sans hébergement,2549,280,BOULEVARD PENELOPE,,,VILLE,3213,3213 280,,,TOUT PUBLIC
187,1631,GYMNASE BATTEUX,EQUSP,EQUIPEMENT SPORTIFS,IV,4ème catégorie (effectif <= 300),X,Etablissements sportifs couverts,3260,207,R FRANCOIS-JOSEPH GOSSEC,,,VILLE,401,401 207,,,SPORTS
188,1640,GYMNASE LE HETET-COMPLEXE LEON CAZAL,EQUSP,EQUIPEMENT SPORTIFS,III,3ème catégorie (300 < effectif <= 700),X,Etablissements sportifs couverts,3301,237,ROUTE DE VAUGUIERES,,,VILLE,2103,2103 237,06,lourde,SPORTS
189,1645,GYMNASE GARRIGUES,EQUSP,EQUIPEMENT SPORTIFS,III,3ème catégorie (300 < effectif <= 700),R,Etab. d'enseignement sans hébergement,2469,145,AVENUE DU COMTE DE NICE,,,VILLE,821,821 145,06,lourde,SPORTS
190,1659,TERRAIN FOOT CLAUDE BEAL HONNEUR,,,III,3ème catégorie (300 < effectif <= 700),X,Etablissements sportifs couverts,2400,419,AV DOCTEUR J. FOURCADE,,,,2199,2199 419,,,
191,1678,MOULIN DE L'EVEQUE,,,IV,4ème catégorie (effectif <= 300),T,Salles d'expo. (vocation commerciale),2483,78,AVENUE DU PIREE,,,VILLE,2379,2379 78,,,
192,1680,HOTEL DE SULLY MAISON DES RELATIONS INTERNATIONALES,DIVERS,MULTI - AFFECTATION,V,5ème catégorie,W,"Administrations, banques, bureaux",2631,14,DESCENTE EN BARRAT,,,VILLE,964,964 14,06,lourde,TOUT PUBLIC
193,1685,ENSEMBLE MAISON POUR TOUS LEO LAGRANGE,DIVERS,MULTI - AFFECTATION,V,5ème catégorie,W,"Administrations, banques, bureaux",3558,155,AVENUE DE BOLOGNE,,,VILLE,603,603 155,06,lourde,TOUT PUBLIC
194,1686,ENSEMBLE MAISON POUR TOUS MARIE CURIE,DIVERS,MULTI - AFFECTATION,III,3ème catégorie (300 < effectif <= 700),L,"Salles usage auditions, conférences, ...",2204,13,ALLEE ANTONIN CHAULIAC,,,VILLE,2563,2563 13,05,simple,TOUT PUBLIC
195,1687,LOCAL ASSOCIATIF LES RESTAURANTS ET RELAIS DU COEUR,ASSOS,ASSOCIATION,III,3ème catégorie (300 < effectif <= 700),L,"Salles usage auditions, conférences, ...",3850,4,RUE DES ACONITS,,,VILLE,415,415 4,,,ASSOCIATIF
196,1688,MAISON POUR TOUS FANFONNE GUILLERME,MPT,MAISON POUR TOUS,V,5ème catégorie,L,"Salles usage auditions, conférences, ...",3870,33,RUE DES AVANT-MONTS,,,VILLE,526,526 33,05,simple,ASSOCIATIF
197,1689,MAISON POUR TOUS JACQUES PREVERT,MPT,MAISON POUR TOUS,V,5ème catégorie,L,"Salles usage auditions, conférences, ...",4100,13,RUE DES SUREAUX,,,VILLE,2028,2028 13,06,lourde,ASSOCIATIF
198,1690,ENSEMBLE MPT ANDRE CHAMSON,DIVERS,MULTI - AFFECTATION,III,3ème catégorie (300 < effectif <= 700),L,"Salles usage auditions, conférences, ...",4485,105,RUE GUSTAVE EIFFEL,,,VILLE,2523,2523 105,05,simple,TOUT PUBLIC
199,1691,ENSEMBLE MAISON POUR TOUS MARCEL PAGNOL,DIVERS,MULTI - AFFECTATION,III,3ème catégorie (300 < effectif <= 700),L,"Salles usage auditions, conférences, ...",3298,64,ROUTE DE LAVERUNE,,,VILLE,1363,1363 64,06,lourde,TOUT PUBLIC
200,1692,MAISON POUR TOUS SAINT EXUPERY,MPT,MAISON POUR TOUS,IV,4ème catégorie (effectif <= 300),L,"Salles usage auditions, conférences, ...",2268,130,ALLEE DU BRIOL,,,VILLE,2259,2259 130,05,simple,ASSOCIATIF
201,1693,ENSEMBLE MAISON POUR TOUS ALBERT CAMUS,DIVERS,MULTI - AFFECTATION,IV,4ème catégorie (effectif <= 300),W,"Administrations, banques, bureaux",2395,118,ALLEE MAURICE BONAFOS,,,VILLE,2480,2480 118,06,lourde,TOUT PUBLIC
202,1695,MAISON DE QUARTIER JEAN-PIERRE CAILLENS,MPT,MAISON POUR TOUS,IV,4ème catégorie (effectif <= 300),L,"Salles usage auditions, conférences, ...",3070,7,PLACE DE TIBERIADE,,,VILLE,2189,2189 7,06,lourde,ASSOCIATIF
203,1696,MAISON POUR TOUS BORIS VIAN,MPT,MAISON POUR TOUS,IV,4ème catégorie (effectif <= 300),L,"Salles usage auditions, conférences, ...",3617,14,RUE DE L'AMETHYSTE,,,VILLE,470,470 14,06,lourde,ASSOCIATIF
204,1697,MAIRIE DE PROXIMITE AUBES POMPIGNANE,MAIR,MAIRIE ANNEXE,V,5ème catégorie,R,Etab. d'enseignement sans hébergement,3357,35,RUE ANDRE MALRAUX,,,VILLE,482,482 35,06,lourde,
205,1699,MAISON POUR TOUS JOSEPH RICOME,MPT,MAISON POUR TOUS,IV,4ème catégorie (effectif <= 300),L,"Salles usage auditions, conférences, ...",4749,7,RUE PAGES,,,VILLE,1634,1634 7,06,lourde,ASSOCIATIF
206,1700,ENSEMBLE MAISON POUR TOUS PAUL EMILE VICTOR,DIVERS,MULTI - AFFECTATION,II,2ème catégorie (700 < effectif <= 1500),L,"Salles usage auditions, conférences, ...",2412,1247,AV PROFESSEUR LOUIS RAVAZ,,,VILLE,1817,1817 1247,05,simple,TOUT PUBLIC
207,1701,BATIMENT 25 AVENUE ST ANDRE DE NOVIGENS,DIVERS,MULTI - AFFECTATION,V,5ème catégorie,P,Salles de danse et salles de jeux,2414,25,AVENUE SAINT ANDRE DE NOVIGENS,,,,1921,1921 25,,,TOUT PUBLIC
208,1702,MAISON POUR TOUS MICHEL COLUCCI,MPT,MAISON POUR TOUS,IV,4ème catégorie (effectif <= 300),L,"Salles usage auditions, conférences, ...",3573,205,RUE DU CHENG DU,,,VILLE,2165,2165 205,,,ASSOCIATIF
209,1703,MAISON POUR TOUS EMMA CALVE,MPT,MAISON POUR TOUS,V,5ème catégorie,L,"Salles usage auditions, conférences, ...",4065,4,RUE DES POIRIERS,,,VILLE,1772,1772 4,05,simple,ASSOCIATIF
210,1705,EX ENSEMBLE MPT FRANCOIS DE MALHERBE,DIVERS,MULTI - AFFECTATION,V,5ème catégorie,L,"Salles usage auditions, conférences, ...",4408,2,RUE FRANCOIS MALHERBE,,,ACM,1078,1078 2,06,lourde,TOUT PUBLIC
211,1707,ENSEMBLE MAISON POUR TOUS MELINA MERCOURI,DIVERS,MULTI - AFFECTATION,III,3ème catégorie (300 < effectif <= 700),L,"Salles usage auditions, conférences, ...",3774,842,RUE DE LA VIELLE POSTE,,,VILLE,2129,2129 842,06,lourde,TOUT PUBLIC
212,1708,MAISON DE QUARTIER JEAN-PIERRE CHABROL,MPT,MAISON POUR TOUS,V,5ème catégorie,L,"Salles usage auditions, conférences, ...",2412,949,AV PROFESSEUR LOUIS RAVAZ,,,VILLE,1817,1817 949,06,lourde,ASSOCIATIF
213,1709,ENSEMBLE MPT PAULINE LAFONT,DIVERS,MULTI - AFFECTATION,V,5ème catégorie,R,Etab. d'enseignement sans hébergement,4522,635,RUE JACQUE BOUNIN,,,VILLE,1254,1254 635,05,simple,TOUT PUBLIC
214,1712,LOCAUX ECHELLES DE LA VILLE (MISSION LOCALE D'INTERTION),ASSOS,ASSOCIATION,V,5ème catégorie,R,Etab. d'enseignement sans hébergement,3174,2,PLACE PAUL BEC,,,VILLE,2302,2302 2,,,ASSOCIATIF
215,1714,ENSEMBLE IMMOBILIER PROUDHON - ACIM - SYNAGOGUE,ASSOS,ASSOCIATION,V,5ème catégorie,L,"Salles usage auditions, conférences, ...",4828,45,RUE PROUDHON,,,VILLE,1823,1823 45,,,ASSOCIATIF
216,1719,MAIRIE ANNEXE MOSSON,MAIR,MAIRIE ANNEXE,V,5ème catégorie,W,"Administrations, banques, bureaux",3558,155,RUE DE BOLOGNE,,,,603,603 155,,,
217,1725,ASSO OFFICE DE TOURISME DE MONTPELLIER COMEDIE,ASSOS,ASSOCIATION,III,3ème catégorie (300 < effectif <= 700),L,"Salles usage auditions, conférences, ...",2175,30,ALLEE DE LATTRE DE TASSIGNY,,,,1281,1281 30,,,ASSOCIATIF
218,1726,COMMISSARIAT POLICE NATIONALE COMEDIE,,,V,5ème catégorie,W,"Administrations, banques, bureaux",2175,30,ALLEE DE LATTRE DE TASSIGNY,,,,1281,1281 30,,,
219,1735,CRECHE LA PETITE SIRENE - MALBOSC,CRECHE,CRECHE,V,5ème catégorie,R,Etab. d'enseignement sans hébergement,2438,115,AVENUE DE FES,,,VILLE,3260,3260 115,08,conforme,PETITE ENFANCE
220,1742,MAISON DE LA PREVENTION,ADM,LOCAUX ADMINISTRATIFS,V,5ème catégorie,W,"Administrations, banques, bureaux",3784,6,RUE DE MAGUELONE,,,VILLE,1426,1426 6,,,ADMINISTRATION
221,1752,SALLE POLYVALENTE ESPACE JACQUES 1ER D ARAGON,PROT,LOCAUX PROTOCOLE,II,2ème catégorie (700 < effectif <= 1500),L,"Salles usage auditions, conférences, ...",3953,117,RUE DES ETATS GENERAUX,,,VILLE,3167,3167 117,,,TOUT PUBLIC
222,1763,CARRE SAINTE ANNE GALERIE D ART (ANCIENNE EGLISE SAINTE ANNE),CULTURE,EQUIPEMENT CULTUREL,V,5ème catégorie,Y,Musées,4902,1,RUE SAINTE ANNE,,,VILLE,1968,1968 1,06,lourde,TOUT PUBLIC
223,1767,PARKING PITOT (DSP VILLE/SAPL)),PARKPUB,PARKING PUBLIC,V,5ème catégorie,PA,Etablissements de plein air,2700,7,IMPASSE CARRE DU ROI,,,VILLE,694,694 7,06,lourde,STATIONNEMENT
224,1768,MAISON DE LA JUSTICE ET DU DROIT - RESIDENCE ACM URANUS 66 RUE DE BARI,ADM,LOCAUX ADMINISTRATIFS,V,5ème catégorie,W,"Administrations, banques, bureaux",3553,66,RUE DE BARI,,,ACM,545,545 66,06,lourde,ADMINISTRATION
225,1771,BATIMENT 893 RUE D'ALCO (HERAULT HABITAT),,,V,5ème catégorie,L,"Salles usage auditions, conférences, ...",3522,893,RUE D ALCO,,,HERAULT HABITAT,448,448 893,,,
226,1784,CINEMA NESTOR BURMA,CULTURE,EQUIPEMENT CULTUREL,IV,4ème catégorie (effectif <= 300),L,"Salles usage auditions, conférences, ...",4674,2,RUE MARCELLIN ALBERT,,,VILLE,1443,1443 2,08,conforme,TOUT PUBLIC
227,1804,CCAS CLUB AGE D'OR LUIS MARIANO - PARC DE LA GUIRLANDE (EX LUDOTHEQUE),CCAS AO,CCAS CLUBS AGE D OR,V,5ème catégorie,L,"Salles usage auditions, conférences, ...",2999,2,PLACE AGRIPPA D AUBIGNE,,,VILLE,428,428 2,,,SENIORS
228,1815,CENTRE CULTUREL MONTPELLIERAIN,ASSOS,ASSOCIATION,III,3ème catégorie (300 < effectif <= 700),L,"Salles usage auditions, conférences, ...",2216,7,ALLEE DE BOSSERVILLE,,,VILLE,615,615 7,,,ASSOCIATIF
229,1947,ENSEMBLE  VOLTAIRE,DIVERS,MULTI - AFFECTATION,III,3ème catégorie (300 < effectif <= 700),L,"Salles usage auditions, conférences, ...",5026,1,SQUARE JEAN MONNET,,,VILLE,2381,2381 1,05,simple,TOUT PUBLIC
230,1971,BATIMENT INSTITUT DE RECHERCHE POUR LE DEVELOPPEMENT - AV. D'AGROPOLIS,,,V,5ème catégorie,R,Etab. d'enseignement sans hébergement,2423,911,AVENUE D AGROPOLIS,,,,2741,2741 911,,,
231,1998,CHAPELLE SAINT CHARLES - MAISON DES CHOEURS,CULTURE,EQUIPEMENT CULTUREL,IV,4ème catégorie (effectif <= 300),L,"Salles usage auditions, conférences, ...",3002,1,PLACE ALBERT 1ER,,,VILLE,442,442 1,06,lourde,TOUT PUBLIC
232,2000,CHAPELLE DE LA RESURRECTION CITEE GELY,CULTURE,EQUIPEMENT CULTUREL,III,3ème catégorie (300 < effectif <= 700),L,"Salles usage auditions, conférences, ...",4578,170,RUE JOACHIM DU BELLAY,,,VILLE,1308,1308 170,06,lourde,TOUT PUBLIC
233,2003,OPERA COMEDIE (PV DE TRANSFERT VILLE/CAM),CULTURE,EQUIPEMENT CULTUREL,I,1ère catégorie (effectif > 1500),L,"Salles usage auditions, conférences, ...",3054,1,PLACE DE LA COMEDIE,,,VILLE,815,815 1,,,TOUT PUBLIC
234,2046,MAISON DES SYNDICATS,ASSOS,ASSOCIATION,V,5ème catégorie,W,"Administrations, banques, bureaux",2182,474,ALLEE HENRI II DE MONTMORENCY,,,VILLE,1211,1211 474,06,lourde,ASSOCIATIF
235,2121,ENSEMBLE MAISON POUR TOUS FRANCOIS VILLON,DIVERS,MULTI - AFFECTATION,III,3ème catégorie (300 < effectif <= 700),L,"Salles usage auditions, conférences, ...",3866,1,RUE DES ARAUCARIAS,,,VILLE,493,493 1,06,lourde,TOUT PUBLIC
236,39044,HOTEL RICHER DE BELLEVAL,LIBRE,LOCAUX LIBRES,IV,4ème catégorie (effectif <= 300),W,"Administrations, banques, bureaux",3051,1,PLACE DE LA CANOURGUE,,,VILLE,673,673 1,,,
237,40830,BATIMENT HALLES CASTELLANE,,,II,2ème catégorie (700 < effectif <= 1500),M,"Magasins, centres commerciaux",3022,1,PLACE CASTELLANE,,,VILLE,699,699 1,,,
238,40831,HALLES CASTELLANE,LOCCOM,LOCAUX COMMERCIAUX,II,2ème catégorie (700 < effectif <= 1500),M,"Magasins, centres commerciaux",3022,1,PLACE CASTELLANE,,,VILLE,699,699 1,05,simple,
239,40832,HALLES DES 4 SAISONS,LOCCOM,LOCAUX COMMERCIAUX,II,2ème catégorie (700 < effectif <= 1500),M,"Magasins, centres commerciaux",2441,1321,AVENUE DE HEIDELBERG,,,VILLE,1208,1208 1321,05,simple,
240,40833,HALLES LAISSAC,LOCCOM,LOCAUX COMMERCIAUX,III,3ème catégorie (300 < effectif <= 700),M,"Magasins, centres commerciaux",3004,10,PLACE ALEXANDRE LAISSAC,,,VILLE,450,450 10,06,lourde,
241,40835,HALLES JACQUES COEUR BATIMENT FERME,LOCCOM,LOCAUX COMMERCIAUX,II,2ème catégorie (700 < effectif <= 1500),M,"Magasins, centres commerciaux",2534,515,BOULEVARD D'ANTIGONE,,,VILLE,2229,2229 515,05,simple,
242,40889,TOUR LE TRIANGLE (IGH),,,I,1ère catégorie (effectif > 1500),W,"Administrations, banques, bureaux",2342,26,ALLEE JULES MILHAU,,,,1331,1331 26,,,
243,40942,IMMEUBLE LA TOUR D ASSAS (COPROPRIETE),,,I,1ère catégorie (effectif > 1500),IGH,Immeubles de grande hauteur,2945,120,LE GRAND MAIL,,,,1170,1170 120,,,
244,41142,PARKING EUROPA,PARKPUB,PARKING PUBLIC,IV,4ème catégorie (effectif <= 300),PS,Parc de stationnement,3090,175,PLACE DIONYSOS,,,VILLE,2483,2483 175,05,simple,STATIONNEMENT
245,41143,PARKING GAMBETTA (DSP VILLE/TAM),PARKPUB,PARKING PUBLIC,IV,4ème catégorie (effectif <= 300),PS,Parc de stationnement,2630,69,BOULEVARD GAMBETTA,,,VILLE,1108,1108 69,06,lourde,STATIONNEMENT
246,41144,PARKING DU NOMBRE D'OR  (DSP VILLE/TAM),PARKPUB,PARKING PUBLIC,IV,4ème catégorie (effectif <= 300),PS,Parc de stationnement,2534,589,BOULEVARD D'ANTIGONE,,,VILLE,2229,2229 589,06,lourde,STATIONNEMENT
247,41145,PARKING ARCEAUX (DSP VILLE/TAM),PARKPUB,PARKING PUBLIC,IV,4ème catégorie (effectif <= 300),PS,Parc de stationnement,2538,5,BOULEVARD DES ARCEAUX,,,VILLE,497,497 5,,,STATIONNEMENT
248,41146,PARKING COMEDIE,PARKPUB,PARKING PUBLIC,IV,4ème catégorie (effectif <= 300),PS,Parc de stationnement,5039,10,TUNNEL DE LA COMEDIE,,,VILLE,2481,2481 10,,,STATIONNEMENT
249,41147,PARKING LAISSAC,PARKPUB,PARKING PUBLIC,IV,4ème catégorie (effectif <= 300),PS,Parc de stationnement,3004,10,PLACE ALEXANDRE LAISSAC,,,VILLE,450,450 10,07,complexe,STATIONNEMENT
250,41148,PARKING ARC DE TRIOMPHE,PARKPUB,PARKING PUBLIC,IV,4ème catégorie (effectif <= 300),PS,Parc de stationnement,4386,3,RUE FOCH,,,VILLE,1043,1043 3,06,lourde,STATIONNEMENT
251,41150,PARKING FOCH (MARCHE AUX FLEURS),PARKPUB,PARKING PUBLIC,IV,4ème catégorie (effectif <= 300),PS,Parc de stationnement,2995,1,PLACE MARTYRS RESISTANCE,,,VILLE,1472,1472 1,06,lourde,STATIONNEMENT
252,41151,PLACES PARKING DU POLYGONE (930 PLACES SUR 4 NIVEAUX),PARKPUB,PARKING PUBLIC,IV,4ème catégorie (effectif <= 300),PS,Parc de stationnement,2498,0,AVENUE HENRI FRENAY,,,VILLE,2387,2387 0,,,STATIONNEMENT
253,41153,ECOLE PRIMAIRE OLYMPE DE GOUGE,SCO,SCOLAIRE,IV,4ème catégorie (effectif <= 300),R,Etab. d'enseignement sans hébergement,3560,1371,RUE DE BUGAREL,,,VILLE,645,645 1371,06,lourde,ENSEIGNEMENT
254,41157,IMMEUBLE LE CAPOULIE 6 RUE MAGUELONE (COPROPRIETE),DIVERS,MULTI - AFFECTATION,V,5ème catégorie,W,"Administrations, banques, bureaux",3784,6,RUE DE MAGUELONE,,,,1426,1426 6,06,lourde,TOUT PUBLIC
255,41255,ENSEMBLE IMMOBILIER CRECHE/MAISON DES SENIORS RUE F.FABRE,DIVERS,MULTI - AFFECTATION,V,5ème catégorie,R,Etab. d'enseignement sans hébergement,4379,16,RUE FERDINAND FABRE,,,VILLE,1023,1023 16,06,lourde,TOUT PUBLIC
256,41263,IMMEUBLE LA COUPOLE - AILE NORD - PAVILLON ZEUS (COPROPRIETE),DIVERS,MULTI - AFFECTATION,II,2ème catégorie (700 < effectif <= 1500),W,"Administrations, banques, bureaux",4630,275,RUE LEON BLUM,,,,2228,2228 275,,,TOUT PUBLIC
257,41268,MEDIATHEQUE CENTRALE EMILE ZOLA (PV TRANSFERT VILLE/CAM),CULTURE,EQUIPEMENT CULTUREL,I,1ère catégorie (effectif > 1500),S,"Bibliothèques, centres de documentation",2525,218,BD AEROPORT INTERNATIONAL,,,VILLE,2230,2230 218,,,TOUT PUBLIC
258,41403,HALTE GARDERIE EUROPA ASSAS - RESIDENCE EUROPA (COPROPRIETE) - LOT N° 2 PAYS BAS,HALTG,HALTE GARDERIE,V,5ème catégorie,R,Etab. d'enseignement sans hébergement,4362,79,RUE EUGENE LABICHE,,,VILLE,2705,2705 79,,,PETITE ENFANCE
259,41408,HALTE GARDERIE / JARDIN D'ENFANTS 42 AV ST LAZARE,HALTG,HALTE GARDERIE,V,5ème catégorie,R,Etab. d'enseignement sans hébergement,2457,42,AVENUE DE SAINT LAZARE,,,VILLE,1948,1948 42,,,PETITE ENFANCE
260,41409,MAISON POUR TOUS ROSA LEE PARKS,MPT,MAISON POUR TOUS,II,2ème catégorie (700 < effectif <= 1500),L,"Salles usage auditions, conférences, ...",4411,10,RUE FRANCOIS HENRY D'HARCOURT,,,VILLE,3265,3265 10,,,ASSOCIATIF
261,41457,SALLE POLYVALENTE MPT PAUL EMILE VICTOR (CHAI),MPT,MAISON POUR TOUS,II,2ème catégorie (700 < effectif <= 1500),L,"Salles usage auditions, conférences, ...",2412,1247,AV PROFESSEUR LOUIS RAVAZ,,,VILLE,1817,1817 1247,,,ASSOCIATIF
262,41461,MAISON POUR TOUS GEORGES SAND,MPT,MAISON POUR TOUS,V,5ème catégorie,P,Salles de danse et salles de jeux,2414,25,AVENUE SAINT ANDRE DE NOVIGENS,,,VILLE,1921,1921 25,06,lourde,ASSOCIATIF
263,41502,LOCAUX MAISON POUR TOUS LEO LAGRANGE,MPT,MAISON POUR TOUS,III,3ème catégorie (300 < effectif <= 700),L,"Salles usage auditions, conférences, ...",3558,155,AVENUE DE BOLOGNE,,,,603,603 155,,,ASSOCIATIF
264,41503,THEATRE JEAN VILAR,CULTURE,EQUIPEMENT CULTUREL,III,3ème catégorie (300 < effectif <= 700),L,"Salles usage auditions, conférences, ...",3558,155,AVENUE DE BOLOGNE,,,,603,603 155,07,complexe,TOUT PUBLIC
265,41537,ROCKSTORE,CULTURE,EQUIPEMENT CULTUREL,II,2ème catégorie (700 < effectif <= 1500),P,Salles de danse et salles de jeux,3835,20,RUE DE VERDUN,,,VILLE,2110,2110 20,06,lourde,TOUT PUBLIC
266,41743,PAVILLON JUNON,,,II,2ème catégorie (700 < effectif <= 1500),W,"Administrations, banques, bureaux",4630,225,RUE LEON BLUM,,,,2228,2228 225,,,
267,41772,POSTE DE POLICE MUNICIPALE DE L'HOTEL DE VILLE - RESIDENCE ACM 789 CHEMIN DE MOULARES,POL,POSTE DE POLICE MUNICIPAL,V,5ème catégorie,W,"Administrations, banques, bureaux",2576,789,CHEMIN DE MOULARES,,,ACM,1560,1560 789,05,simple,ADMINISTRATION
268,41779,HOTEL DE VILLE - CONSULS DE MER (PLACE GEORGES FRECHE),ADM,LOCAUX ADMINISTRATIFS,I,1ère catégorie (effectif > 1500),W,"Administrations, banques, bureaux",5075,1,PL GEORGES FRECHE,,,VILLE,3476,3476 1,,,ADMINISTRATION
269,41780,PARVIS - RESIDENCE CENTRAL PARC,DIVERS,MULTI - AFFECTATION,IV,4ème catégorie (effectif <= 300),M,"Magasins, centres commerciaux",5075,1,PL GEORGES FRECHE,,,,3476,3476 1,,,TOUT PUBLIC
270,41781,PARKING ET TUNNELS DE L'HOTEL DE VILLE / VOLUMES 10 - 14 - 15,PARKPUB,PARKING PUBLIC,III,3ème catégorie (300 < effectif <= 700),PS,Parc de stationnement,5075,1,PL GEORGES FRECHE,,,VILLE,3476,3476 1,,,STATIONNEMENT
271,41782,CRECHE ADELAIDE CAMBON - RESIDENCE CENTRAL PARC (VOLUME 18),CRECHE,CRECHE,IV,4ème catégorie (effectif <= 300),R,Etab. d'enseignement sans hébergement,5075,1,PL GEORGES FRECHE,,,VILLE,3476,3476 1,08,conforme,PETITE ENFANCE
272,41809,CORUM (PV DE TRANSFERT VILLE/CAM-ENJOY),CULTURE,EQUIPEMENT CULTUREL,I,1ère catégorie (effectif > 1500),L,"Salles usage auditions, conférences, ...",2633,23,ESP CHARLES DE GAULLE,,,VILLE,745,745 23,,,TOUT PUBLIC
273,41811,CRECHE JOSEPHINE BAKER,CRECHE,CRECHE,IV,4ème catégorie (effectif <= 300),R,Etab. d'enseignement sans hébergement,2502,164,AVENUE JEAN PRAT,,,VILLE,3430,3430 164,08,conforme,PETITE ENFANCE
274,41833,ECOLES ELEMENTAIRE EMILE COMBES / MATERNELLE VICTOR DURUY,SCO,SCOLAIRE,IV,4ème catégorie (effectif <= 300),R,Etab. d'enseignement sans hébergement,4325,20,RUE EDMOND LAUTARD,,,VILLE,2651,2651 20,06,lourde,ENSEIGNEMENT
275,41953,ANCIENNE MAIRIE- PLACE FRANCIS PONGE,ADM,LOCAUX ADMINISTRATIFS,II,2ème catégorie (700 < effectif <= 1500),L,"Salles usage auditions, conférences, ...",3131,1,PLACE FRANCIS PONGE,,,VILLE,2456,2456 1,,,ADMINISTRATION
276,42049,MISSION GRAND COEUR,,,V,5ème catégorie,W,"Administrations, banques, bureaux",2540,17,BOULEVARD DU JEU DE PAUME,,,,1305,1305 17,,,
277,42067,ESPACE CLAUDE CHABROL (LOCAL CINEMA NESTOR BURMA),CULTURE,EQUIPEMENT CULTUREL,V,5ème catégorie,W,"Administrations, banques, bureaux",4674,4,RUE MARCELLIN ALBERT,,,MR AUBERT,1443,1443 4,,,TOUT PUBLIC
278,42142,THEATRE DES 13 VENTS - GRAMMONT (PV DE TRANSFERT VILLE/CAM),CULTURE,EQUIPEMENT CULTUREL,IV,4ème catégorie (effectif <= 300),L,"Salles usage auditions, conférences, ...",2425,2733,AVENUE ALBERT EINSTEIN,,,VILLE,2324,2324 2733,,,TOUT PUBLIC
279,42245,ENVELOPPE COMMERCES,,,V,5ème catégorie,M,"Magasins, centres commerciaux",2945,560,LE GRAND MAIL,,,,1170,1170 560,,,
280,42392,PAVILLON POPULAIRE (SALLE D'EXPOSITION),CULTURE,EQUIPEMENT CULTUREL,V,5ème catégorie,T,Salles d'expo. (vocation commerciale),2633,0,ESP CHARLES DE GAULLE,,,VILLE,745,745 0,,,TOUT PUBLIC
281,42480,COLLEGE JOFFRE,SCO,SCOLAIRE,II,2ème catégorie (700 < effectif <= 1500),R,Etab. d'enseignement sans hébergement,2182,0,ALL HENRI II MONTMORENCY,,,CONSEIL GENERAL DE L'HERAULT,1211,1211 0,05,simple,ENSEIGNEMENT
282,42482,COLLEGE CAMILLE CLAUDEL,SCO,SCOLAIRE,II,2ème catégorie (700 < effectif <= 1500),R,Etab. d'enseignement sans hébergement,4652,5,RUE LOUIS ROUMIEUX,,,CONSEIL GENERAL DE L'HERAULT,1407,1407 5,05,simple,ENSEIGNEMENT
283,42484,COLLEGE ARTHUR RIMBAUD,SCO,SCOLAIRE,II,2ème catégorie (700 < effectif <= 1500),R,Etab. d'enseignement sans hébergement,4690,2,RUE MARIUS PETIPA,,,CONSEIL GENERAL DE L'HERAULT,1454,1454 2,05,simple,ENSEIGNEMENT
284,42486,COLLEGE FONTCARRADE,SCO,SCOLAIRE,III,3ème catégorie (300 < effectif <= 700),R,Etab. d'enseignement sans hébergement,3591,633,RUE DE FONT CARRADE,,,CONSEIL GENERAL DE L'HERAULT,1044,1044 633,05,simple,ENSEIGNEMENT
285,42487,COLLEGE GERARD PHILIPPE,SCO,SCOLAIRE,III,3ème catégorie (300 < effectif <= 700),R,Etab. d'enseignement sans hébergement,4012,103,RUE DES MARRONNIERS,,,CONSEIL GENERAL DE L'HERAULT,1463,1463 103,05,simple,ENSEIGNEMENT
286,42489,COLLEGE LAS CAZES,SCO,SCOLAIRE,II,2ème catégorie (700 < effectif <= 1500),R,Etab. d'enseignement sans hébergement,3513,420,RUE CROIX DE LAS CAZES,,,CONSEIL GENERAL DE L'HERAULT,861,861 420,05,simple,ENSEIGNEMENT
287,42490,COLLEGE FRANCOIS RABELAIS,SCO,SCOLAIRE,II,2ème catégorie (700 < effectif <= 1500),R,Etab. d'enseignement sans hébergement,3786,200,RUE DE MALBOSC,,,CONSEIL GENERAL DE L'HERAULT,1431,1431 200,05,simple,ENSEIGNEMENT
288,42491,HOTEL DU DEPARTEMENT,ADM,LOCAUX ADMINISTRATIFS,I,1ère catégorie (effectif > 1500),W,"Administrations, banques, bureaux",3522,1000,RUE D'ALCO,,,CONSEIL GENERAL DE L'HERAULT,448,448 1000,06,lourde,ADMINISTRATION
289,42492,COLLEGE CLEMENCE ROYER,SCO,SCOLAIRE,III,3ème catégorie (300 < effectif <= 700),R,Etab. d'enseignement sans hébergement,2546,17,BOULEVARD PASTEUR,,,CONSEIL GENERAL DE L'HERAULT,1660,1660 17,06,lourde,ENSEIGNEMENT
290,42494,MAISON DU TOURISME,ADM,LOCAUX ADMINISTRATIFS,III,3ème catégorie (300 < effectif <= 700),L,"Salles usage auditions, conférences, ...",2464,10,AVENUE DES MOULINS,,,CONSEIL GENERAL DE L'HERAULT,1568,1568 10,06,lourde,ADMINISTRATION
291,42495,COLLEGE CROIX D'ARGENT,SCO,SCOLAIRE,II,2ème catégorie (700 < effectif <= 1500),R,Etab. d'enseignement sans hébergement,3624,361,RUE DE L'ARNEL,,,CONSEIL GENERAL DE L'HERAULT,505,505 361,06,lourde,ENSEIGNEMENT
292,42497,COLLEGE JEU DE MAIL,SCO,SCOLAIRE,III,3ème catégorie (300 < effectif <= 700),R,Etab. d'enseignement sans hébergement,2490,3,AVENUE EMILE BERTIN-SANS,,,CONSEIL GENERAL DE L'HERAULT,957,957 3,06,lourde,ENSEIGNEMENT
293,42498,COLLEGE LES AIGUERELLES,SCO,SCOLAIRE,II,2ème catégorie (700 < effectif <= 1500),R,Etab. d'enseignement sans hébergement,2485,686,AVENUE DU PONT TRINQUAT,,,CONSEIL GENERAL DE L'HERAULT,1784,1784 686,06,lourde,ENSEIGNEMENT
294,42500,COLLEGE MARCEL PAGNOL,SCO,SCOLAIRE,III,3ème catégorie (300 < effectif <= 700),R,Etab. d'enseignement sans hébergement,4948,95,RUE TOPAZE,,,CONSEIL GENERAL DE L'HERAULT,3108,3108 95,06,lourde,ENSEIGNEMENT
295,42501,DOMAINE CHATEAU D'O,,,III,3ème catégorie (300 < effectif <= 700),L,"Salles usage auditions, conférences, ...",4901,857,RUE SAINT-PRIEST,,,CONSEIL GENERAL DE L'HERAULT,1960,1960 857,06,lourde,
296,42509,COLLEGE LES ESCHOLIERS,SCO,SCOLAIRE,II,2ème catégorie (700 < effectif <= 1500),R,Etab. d'enseignement sans hébergement,2466,70,AVENUE DU BITERROIS,,,CONSEIL GENERAL DE L'HERAULT,594,594 70,08,conforme,ENSEIGNEMENT
