Dossier,Nom,NomCourt,Création,Date dom public,Surface_totale,CatÉgorie,Carroyage_Ville,Xcoord,Ycoord,Adresse,TramL1,Bus,Accessibilité handicapés,Circulations handicapés O_N,LibPropriété,LibFermeture
1,Esplanade Paul Valéry,Esplanade Valéry,01/01/1984,01/01/1984,11905,Parc,F7,"3,844234","43,598476",Rte de Lavérune,3 - Jules Guesde - 1444 m,15 - Collège Marcel Pagnol - 169 m,Oui,Non,Ville de Montpellier,Pas de fermeture
2,Pinède Mosson,Pinède Mosson,01/01/1978,01/01/1978,48860,Bois,B14,"3,817989","43,631078",Ave de bologne.,1 - Saint-Paul - 218 m,15 - Gémeaux - 397 m,Oui,Oui,Ville de Montpellier,Pas de fermeture
5,Berges du Lez Promenades,Lez Promenades,01/01/1985,01/01/1985,19670,Berges,N8,"3,896179","43,602089",Avenue de la mer,1 - Moularès - 177 m,9 - Saint-Michel - 492 m,Oui,Oui,Ville de Montpellier,Pas de fermeture
7,Petit bois de la Colline,Petit bois Colline,01/01/1983,01/01/1983,20810,Bois,F9,"3,840223","43,605293",Rue de la croix de Figuerolles,3 - Jules Guesde - 869 m,7 - Martellière - 263 m,Oui,Oui,Ville de Montpellier,Mixte
8,Parc Bonnier de la Mosson,Bonnier de la Mosson,01/01/1984,01/01/1984,161504,Parc,,"3,819571","43,612616","Route de Lodève, 80 Allée de la Mosson",,,Non,Non,Autre entité publique,Portail
9,Parc Sophie Desmarets,Mas de la Paillade,01/01/1978,01/01/1978,26289,Parc,B13,"3,816142","43,627859",1321 Avenue d'Heildelberg,1 - Halles de la Paillade - 146 m,15 - Halles de la Paillade - 101 m,Oui,Oui,Ville de Montpellier,Tourniquet handicapé
10,Lac des Garrigues,Lac des Garrigues,01/01/1962,01/01/1962,106008,Bois,B16,"3,816795","43,639565","Ave de Naples, ave Guilhem de Poitiers",1 - Hauts de Massane - 614 m,15 - Pierre Cardenal - 204 m,Oui,Non,Ville de Montpellier,Pas de fermeture
11,Parc Edith Piaf,Parc Edith Piaf,01/12/1988,01/12/1988,9313,Parc,M12,"3,888533","43,622331",Avenue St Lazare,2 - Jeu de Mail des Abbés - 427 m,14 - Boulevard des Sports - 327 m,Oui,Oui,Ville de Montpellier,Tourniquet handicapé
13,Parc de la Guirlande,Parc Guirlande,01/01/1850,01/01/1978,11620,Parc,i9,"3,860914","43,607575",2 pl Agrippa d' Aubinier - Rue Tour Gayraud,3 - Les Arceaux - 315 m,11 - Claret - 219 m,Oui,Oui,Ville de Montpellier,Portail
14,Parc Rimbaud,Parc Rimbaud,01/01/1880,01/01/1880,23517,Parc,N11,"3,894417","43,618053",64 Rue St André de Novigens,2 - Pompignane - 657 m,14 - Foyer des Aubes - 48 m,Oui,Oui,Ville de Montpellier,Portail
15,Bois de Montmaur,Bois de Montmaur,01/01/1910,01/01/1910,275900,Bois,j16,"3,869227","43,642402",Rue Arthur Young,1 - Université des sciences et lettres - 1593 m,13 - Campus Agropolis - 256 m,Oui,Oui,Ville de Montpellier,Portail
16,Parc Sainte Odile,Parc Ste Odile,,01/01/1977,10134,Parc,J12,"3,872119","43,624113",route de Mende,1 - Boutonnet - 359 m,5 - Sainte-Odile - 156 m,Oui,Oui,Ville de Montpellier,Portail
18,Esplanade Charles de Gaulle,Esplanade de Gaulle,01/01/1779,01/01/1779,24388,Parc,L10,"3,8809","43,610497",Bd Sarrail,1 - Comédie - 251 m,6 - Observatoire - 565 m,Oui,Oui,Ville de Montpellier,Pas de fermeture
19,Jardin du Champ de Mars,Jardin Champ de Mars,31/12/1899,31/12/1899,25680,Parc,L10,"3,882121","43,611295",Allée du 2ème Génie,1 et 2 - Corum - 345 m,14 - Ernest Renan - 528 m,Oui,Oui,Ville de Montpellier,Pas de fermeture
20,parc des pastourelles,Parc Pastourelles,01/01/1850,01/01/1984,10330,Parc,N12,"3,899439","43,620877",Rue Jules Isaac,2 - Charles de Gaulle - 926 m,9 - André Malraux - 168 m,Oui,Non,Ville de Montpellier,Tourniquet
21,Parc Tastavin,Parc Tastavin,01/01/1850,01/01/1979,4481,Parc,J7,"3,869188","43,596163",Ave Villeneuve d'Angoulême,2 - Mas Drevon - 127 m,6 - Guillaume Janvier - 408 m,Oui,Oui,Ville de Montpellier,Pas de fermeture
22,Parc de la Rauze,Parc la Rauze,01/01/1976,01/01/1976,24940,Parc,N6,"3,895816","43,590843",Rue du Dr Fourcarde,3 - La Rauze - 301 m,8 - La Rauze - 324 m,Oui,Non,Ville de Montpellier,Pas de fermeture
23,Jardin de la Pépinière,Jardin Pépinière,01/01/1983,01/01/1983,6582,Square,L7,"3,885068","43,595596","418, Rue de Centrayrargues",3 - Saint Martin - 505 m,10 - Razeteurs - 70 m,Oui,Oui,Ville de Montpellier,Portail
25,Square Saint Roch,Sq St Roch,01/01/1974,01/01/1974,837,Square,K9,"3,876113","43,608784",Place ST-Roch,1 - Comédie - 297 m,6 - Jeu de Paume - 218 m,Oui,Oui,Ville de Montpellier,Pas de fermeture
28,Square Planchon,Sq Planchon,01/01/1850,01/01/1850,3663,Square,L9,"3,879922","43,605465","Rue de la République, rue Pagézy, rue de Maguelone","1, 2 et 3 - Gares - 35 m",6 - Gare Saint-Roch - 34 m,Oui,Oui,Ville de Montpellier,Portail
29,Square de la Tour des pins,Tour des pins,01/01/1886,01/01/1886,2220,Square,K10,"3,873772","43,614029",12 Boulevard Henri IV,1 - Place Albert Premier - 270 m,7 - Saint-Jaumes - 260 m,Oui,Non,Ville de Montpellier,Portail
30,Parc Saint-Martin (ancien évéché),Parc St-Martin,01/01/1979,,4563,Square,L6,"3,884906","43,59201",3 Rue Jean Vacher,3 - Restanque - 179 m,15 - Saint-Martin - 35 m,Oui,Oui,Ville de Montpellier,Pas de fermeture
31,Mail Alain Bashung,Mail Bashung,01/01/1984,01/01/1984,6006,Square,L6,"3,883508","43,593924",Avenue du Maréchal Leclerc,3 - Saint Martin - 325 m,15 - La Crèche - 108 m,Oui,Oui,Ville de Montpellier,Portail
32,Esplanade de Celleneuve,Esplanade Celleneuve,01/01/1925,01/01/1925,2206,Square,D10,"3,830597","43,613768","Allée Antonin Chauliac, allée Pierre Carabasse",3 - Celleneuve - 442 m,15 - Marie Curie - 123 m,Oui,Oui,Ville de Montpellier,Pas de fermeture
35,Parc Georges Brassens,Parc Brassens,01/11/1991,01/11/1991,14910,Parc,A15,"3,812892","43,638472",Rue du Comté de Nice,1 - Hauts de Massane - 823 m,15 - Comté de Nice - 121 m,Oui,Oui,Ville de Montpellier,Pas de fermeture
36,Aire de jeux de Louisville,Jeux Louisville,01/01/1982,01/01/1982,4070,Square,B12,"3,814873","43,624569",Avenue de Louisville,1 - Halles de la Paillade - 339 m,15 - Louisville - 90 m,Oui,Oui,Ville de Montpellier,Pas de fermeture
38,Le petit Mail de la Mosson,Petit Mail,01/01/1969,01/01/1969,24671,Square,B12,"3,816309","43,622647",Avenue d'heidelberg,1 - Mosson - 139 m,15 - Trident - 116 m,Oui,Oui,Ville de Montpellier,Pas de fermeture
39,Square Pierre Causse,Sq P Causse,01/01/1974,01/01/1974,2500,Square,E10,"3,834625","43,610359",Rue Pierre Causse,3 - Tonnelles - 676 m,7 - Gustave Eiffel - 197 m,Non,Non,Ville de Montpellier,Pas de fermeture
47,Square François Dezeuze,Sq Dezeuze,01/01/1960,01/01/1960,2157,Square,F9,"3,840116","43,608241",Rue F. Dezeuze,3 - Tonnelles - 588 m,7 - Lycée Jules Ferry - 85 m,Oui,Oui,Ville de Montpellier,Portillon
48,Square Boussinesq,Sq Boussinesq,01/01/1967,01/01/1967,770,Square,H10,"3,85835","43,612008",Rue Boussinesq,3 - Astruc - 298 m,6 - Louvain - 153 m,Non,Non,Ville de Montpellier,Pas de fermeture
49,Square des Arceaux,Sq des Arceaux,01/01/1948,01/01/1948,697,Square,i10,"3,860921","43,611974",Bd des Arceaux,3 - Les Arceaux - 314 m,6 - Avenue de l'Agriculture - 30 m,Oui,Oui,Ville de Montpellier,Portail
50,Square Figuerolles,Sq Figuerolles,01/03/1992,01/03/1992,2970,Square,i9,"3,86159","43,606091",Faubourg Figuerolles,3 - Les Arceaux - 436 m,11 - Claret - 48 m,Oui,Non,Ville de Montpellier,Pas de fermeture
52,Square des Brusses,Sq des Brusses,01/01/1965,01/01/1965,2850,Square,H14,"3,859193","43,633592",Rue du Dauphiné,1 - Université des sciences et lettres - 526 m,13 - Gascogne - 109 m,Oui,Non,Ville de Montpellier,Pas de fermeture
54,Square Hildevert,Sq Hildevert,01/01/1984,01/01/1984,1981,Square,L7,"3,885449","43,59752",Rue Frédéric Fabrèges,3 - Saint Martin - 653 m,16 - Frédéric Fabrèges - 94 m,Oui,Oui,Ville de Montpellier,Tourniquet
55,Les Clolus 1,Les Clolus 1,01/01/1963,01/01/1963,641,Square,L14,"3,880417","43,629925",Rue des Alpilles,2 - Aiguelongue - 480 m,5 - Alpilles - 66 m,Oui,Non,Ville de Montpellier,Pas de fermeture
56,Square des Gélinottes,Les Clolus 2,01/01/1964,01/01/1964,1434,Square,L13,"3,879839","43,628562",Rue des Gélinottes,2 - Aiguelongue - 376 m,5 - Clolus - 101 m,Oui,Non,Ville de Montpellier,Pas de fermeture
57,Aire de jeux Clos des Orangers,Jeux Clos Orangers,01/01/1979,01/01/1979,1049,Square,H8,"3,853815","43,600366","29 rue de l'Escoutadou, 321 rue du Lavandin accès parking",3 - Astruc - 1110 m,11 - Cité Valette - 198 m,Oui,Oui,Ville de Montpellier,Pas de fermeture
62,Parc Enclava del lop,Parc Enclava del lop,01/01/1989,01/01/1989,2068,Square,G8,"3,846976","43,600751",Route de Laverune,3 - Jules Guesde - 1169 m,6 - Pas du Loup - 120 m,Oui,Oui,Ville de Montpellier,Portail
64,Parc des Sylvains,Parc des Sylvains,01/01/1983,01/01/1983,3393,Square,J6,"3,868212","43,590841",Ave Villeneuve d'Angoulême,2 - Croix d'Argent - 226 m,10 - Les Pins - 417 m,Oui,Oui,Ville de Montpellier,Tourniquet handicapé
65,Parc des Aiguerelles,Parc Aiguerelles,01/01/1850,01/01/1988,2376,Square,M7,"3,891126","43,598426","603, Avenue du pont Trinquat",1 - Moularès - 426 m,15 - Collège des Aiguerelles - 62 m,Oui,Oui,Ville de Montpellier,Portail
66,Mare écologique,Mare écologique,01/01/1550,01/01/1979,10032,Bois,R11,"3,924472","43,616157",Grammont,1 - Odysseum - 1417 m,9 - Grammont - 548 m,Non,Non,Ville de Montpellier,Pas de fermeture
67,Parc Magnol,Parc Magnol,01/01/1850,01/09/1987,3527,Square,i11,"3,863218","43,617316",Rue de las Sorbes,1 - Stade Philippides - 544 m,16 - Collège Camille Claudel - 133 m,Oui,Oui,Ville de Montpellier,Portail
69,Parc Azéma,Parc Azéma,01/01/1850,01/01/1988,6665,Square,D11,"3,828678","43,616023",Rue des communautés,3 - Celleneuve - 228 m,15 - Favre de Saint-Castor - 142 m,Oui,Oui,Ville de Montpellier,Pas de fermeture
72,Prairies Grammont,Prairies Grammont,01/01/1978,01/01/1978,24510,Parc,S11,"3,92686","43,616328",Avenue Albert Einstein,1 - Odysseum - 1483 m,9 - Grammont - 390 m,Oui,Oui,Ville de Montpellier,Pas de fermeture
74,Square des Terres Blanches,Sq Terres Blanches,01/01/1963,01/01/1963,2000,Square,F13,"3,844682","43,625207",Rue Joseph Roumanille,3 - Hôtel du Département - 894 m,16 - Sainte-Geneviève - 225 m,Oui,Non,Ville de Montpellier,Pas de fermeture
76,Square Jean Baumel,Sq Baumel,01/09/1988,01/09/1988,285,Square,H16,"3,858357","43,64037",Plan des 4 Seigneurs,1 - Occitanie - 1021 m,13 - Plan des 4 Seigneurs - 66 m,Oui,Oui,Ville de Montpellier,Portail
78,Berges Mosson (sud),Berges Mosson S,31/12/1899,01/01/1976,56610,Berges,B12,"3,813361","43,620187",Ave d'Heildelberg,1 - Mosson - 357 m,15 - Mosson - 272 m,Oui,Oui,Ville de Montpellier,Pas de fermeture
79,Jardin de la Canourgue,Jardin Canourgue,01/01/1650,01/01/1650,2511,Square,K10,"3,874458","43,611698",rue Sainte Croix,1 - Louis Blanc - 446 m,6 - Peyrou - 195 m,Oui,Oui,Ville de Montpellier,Pas de fermeture
83,Promenade du Peyrou,Promenade Peyrou,01/01/1774,01/01/1774,45350,Parc,J10,"3,869672","43,611213","Rue François Franque, rue de la Blottière, r Hilaire Ricard",3 - Plan Cabanes - 328 m,6 - Pitot - 105 m,Oui,Oui,Ville de Montpellier,Portail
84,Aire de jeux Villeneuve d'Angoulême,Jeux Villeneuve Ango,01/01/1958,01/01/1958,2897,Square,J7,"3,869017","43,596745",Rue Villeneuve d'Angoulême,2 - Mas Drevon - 159 m,6 - Guillaume Janvier - 376 m,Oui,Oui,Ville de Montpellier,Tourniquet
89,Les Clolus 3,Les Clolus 3,01/01/1965,01/01/1965,1715,Square,K14,"3,87633","43,629558",Rue Cyrano de Bergerac,2 - Aiguelongue - 655 m,5 - Alpilles - 240 m,Oui,Non,Ville de Montpellier,Pas de fermeture
95,Square des Près d'Arènes,Sq Près d'Arènes,01/01/1987,01/01/1987,1033,Square,M6,"3,889898","43,590884",Ave de Palavas,3 - Garcia Lorca - 206 m,16 - Garcia Lorca - 72 m,Oui,Oui,Ville de Montpellier,Portail
115,Parc de la Croix d'Argent,Parc Croix d'Argent,01/01/1989,01/01/1989,5130,Square,i5,"3,863873","43,587137",Ave Villeneuve d'Angoulême,2 - Villeneuve d'Angoulême - 242 m,10 - Mas de Bagnères - 413 m,Oui,Oui,Ville de Montpellier,Portail
143,Grand Mail,Grand Mail,01/01/1960,01/01/1960,13080,Square,B12,"3,816554","43,624711",Grand Mail,1 - Halles de la Paillade - 266 m,15 - Louisville - 93 m,Oui,Oui,Ville de Montpellier,Pas de fermeture
144,Square Maquis Bir-hakeim,Sq Bir-hakeim,01/01/1858,01/01/1858,10420,Parc,H10,"3,857879","43,610862",BLD BENJAMIN MILHAUD,3 - Astruc - 203 m,15 - Benjamin Milhaud - 54 m,Oui,Non,Ville de Montpellier,Portail
149,Mail du Mas de Perrette,Mail Mas Perrette,01/01/1987,01/01/1987,7938,Square,F7,"3,838762","43,598183", Route de Laverune,3 - Jules Guesde - 1606 m,10 - Les Bouisses - 285 m,Oui,Oui,Ville de Montpellier,Pas de fermeture
186,Terrasse des Arceaux,Terrasse Arceaux,01/01/1965,01/01/1998,1110,Square,J10,"3,868029","43,61134",Place des Arceaux,3 - Plan Cabanes - 324 m,6 - Arceaux - 114 m,Oui,Non,Ville de Montpellier,Portail
200,Square Jean Monnet,Sq Monnet,01/01/1988,01/01/1988,2779,Square,M8,"3,889181","43,604191",Avenue Albert Dubout,2 - Voltaire - 82 m,8 - Place Carnot - 418 m,Oui,Oui,Ville de Montpellier,Tourniquet handicapé
223,Square rue des scarabées,Sq Scarabées,01/01/1960,01/01/1960,340,Square,K13,"3,874127","43,626244",Rue des Scarabés,1 - Boutonnet - 617 m,10 - Major Flandre - 88 m,Oui,Non,Ville de Montpellier,Pas de fermeture
233,Berges Mosson (nord),Berges Mosson N,31/12/1899,01/01/1971,198000,Berges,B14,"3,814929","43,633237",Avenue d'heidelberg,1 - Saint-Paul - 541 m,15 - Mas de Bellevue - 432 m,Non,Non,Ville de Montpellier,Pas de fermeture
250,Square de la piscine Mosson,Sq Piscine Mosson,01/01/1976,01/01/1976,2900,Square,B12,"3,815369","43,620867","Avenue d'Heildelberg, n° 645",1 - Mosson - 178 m,15 - Mosson - 117 m,Oui,Oui,Ville de Montpellier,Pas de fermeture
251,Square des Escarcelliers,Sq Escarcelliers,01/01/1979,01/01/1979,600,Square,E10,"3,835096","43,611996",Rue des Corregiers,3 - Tonnelles - 575 m,15 - Petit Bard - 289 m,Oui,Non,Ville de Montpellier,Pas de fermeture
254,Parc Bel juel,Parc Bel juel,01/01/1965,01/01/1965,3874,Parc,D11,"3,831981","43,617889",Ave des Moulins,3 - Pilory - 136 m,6 - Campériols - 66 m,Oui,Non,Ville de Montpellier,Portail
261,Square Jouanique (Cévennes),Sq Jouanique,01/01/1982,01/01/1982,2610,Square,G12,"3,847238","43,620647",Impasse Auguste Mourgues,3 - Pergola - 697 m,16 - Las Rebes - 164 m,Oui,Oui,Ville de Montpellier,Portail
262,Square des Prunelliers,Sq Prunelliers,01/01/1960,01/01/1960,730,Square,E11,"3,833718","43,616273",Rue des Avellaniers,3 - Pilory - 363 m,6 - Paul Rimbaud - 129 m,Oui,Non,Ville de Montpellier,Portail
263,Square des Trolles (Petit Bard),Sq Trolles,01/01/1983,01/01/1983,200,Square,E11,"3,837444","43,617131",Rue des Trolles,3 - Pergola - 199 m,6 - Pergola - 104 m,Oui,Oui,Ville de Montpellier,Portail
268,Square Abbé Coursindel,Sq Coursindel,01/01/1995,01/01/1979,1173,Square,i9,"3,864089","43,607319",Rue Saint-Etienne,3 - Les Arceaux - 284 m,11 - Figuerolles - 102 m,Oui,Oui,Ville de Montpellier,Portillon
280,Parc de Bagatelle,Parc Bagatelle,01/01/1850,01/01/1989,12475,Parc,F6,"3,839502","43,594037",252 Rue de Cheng-du,2 - Sabines - 2015 m,10 - Rouget de l'Isle - 56 m,Oui,Oui,Ville de Montpellier,Tourniquet
288,Aire de jeux du Mas de Bagnères,Jeux Mas Bagnères,01/01/1989,01/01/1989,2591,Square,H4,"3,856974","43,584823",Rue Poutingon,2 - Sabines - 279 m,10 - Mas de Bagnères - 265 m,Oui,Non,Ville de Montpellier,Tourniquet
289,Square du Mas Drevon,Sq Mas Drevon,01/01/1979,01/01/1979,7749,Square,J6,"3,869679","43,591797",rue Henri Roseau,2 - Croix d'Argent - 267 m,15 - Les Pins - 315 m,Oui,Non,Ville de Montpellier,Mixte
294,Berges du Lez-cyprès,Berges Lez-cyprès,01/01/1982,01/01/1982,500,Berges,O7,"3,901502","43,595149",Rue des Acconiers,3 - Pablo Picasso - 390 m,8 - La Rauze - 413 m,Oui,Oui,Ville de Montpellier,Pas de fermeture
300,Jardin des Beaux Arts -  MPT Chopin,Jardin Beaux Arts,01/01/1850,01/01/1989,1670,Square,L11,"3,883848","43,615952","19 avenue de Nîmes, 3 rue du marché aux bestiaux",2 - Beaux Arts - 136 m,14 - Ernest Renan - 132 m,Oui,Non,Ville de Montpellier,Portail
303,Square des Améthystes,Sq  Améthystes,01/01/1989,01/01/1989,260,Square,M7,"3,890515","43,596472",Rue de l'Améthystes,3 - Garcia Lorca - 542 m,15 - Jean Mirailhet - 132 m,Oui,Non,Ville de Montpellier,Pas de fermeture
304,Square Saint-Cléophas,Sq St-Cléophas,01/01/1988,01/01/1988,222,Square,J8,"3,867575","43,600263",Route de Toulouse,2 - Mas Drevon - 535 m,6 - Place du 8 Mai - 57 m,Oui,Non,Ville de Montpellier,Pas de fermeture
305,Bois de la Chaumière,Bois de la Chaumière,01/01/1850,01/01/1980,39220,Bois,T11,"3,933162","43,615543",Avenue Albert Einstein,1 - Odysseum - 1656 m,9 - Cimetière Saint-Etienne - 207 m,Oui,Oui,Ville de Montpellier,Pas de fermeture
308,Parcours de santé,Parcours de santé,01/01/1981,01/01/1979,123700,Bois,S12,"3,926789","43,618535",Avenue Albert Einstein,1 - Odysseum - 1714 m,9 - Grammont - 579 m,Oui,Oui,Ville de Montpellier,Pas de fermeture
310,Parc du château de Grammont,Parc Grammont,01/01/1850,01/01/1978,21902,Parc,S11,"3,929567","43,615381",Ave Albert Einstein,1 - Odysseum - 1485 m,9 - Grammont - 168 m,Oui,Oui,Ville de Montpellier,Portail
315,Jardin Hôtel de Sully,Hôtel Sully,01/01/1890,01/01/1990,2200,Square,L10,"3,880707","43,613288",Descente En Barrat,1 et 2 - Corum - 176 m,14 - Ernest Renan - 445 m,Oui,Non,Ville de Montpellier,Pas de fermeture
334,Aire de jeux Vert-bois,Jeux Vert-bois,01/01/1985,01/01/1985,4720,Square,j16,"3,868067","43,638901",Rue Ali Ben Checal,1 - Université des sciences et lettres - 1200 m,13 - Lavalette - 167 m,Oui,Non,Ville de Montpellier,Tourniquet
375,Square rue des Loutres,Sq Loutres,01/01/1990,01/01/1990,126,Square,K12,"3,876857","43,624003",rue des Loutres,2 - Aiguelongue - 512 m,10 - Tourterelles - 237 m,Oui,Non,Ville de Montpellier,Pas de fermeture
406,Square de Diane,Sq de Diane,01/01/1990,01/01/1990,1490,Square,i7,"3,860248","43,599892",rue des chasseurs,2 - Mas Drevon - 790 m,7 - Gouara - 395 m,Oui,Non,Ville de Montpellier,Pas de fermeture
435,Square rue des Castors,Sq Castors,01/01/1990,01/01/1990,1065,Square,K12,"3,876339","43,623366",rue des Castors,2 - Aiguelongue - 580 m,5 - Sainte-Odile - 280 m,Oui,Non,Ville de Montpellier,Pas de fermeture
439,Esplanade de l'Europe,Esplanade Europe,01/10/1990,01/10/1990,17170,Parc,N9,"3,895145","43,607246",Esplanade de l'Europe,1 et 2 - Place de l'Europe - 105 m,9 - Place de l'Europe - 99 m,Oui,Oui,Ville de Montpellier,Pas de fermeture
457,Square Charles Flahaut,Sq Flahaut,01/01/1850,07/06/1991,766,Square,K11,"3,878625","43,617099",Rue Ferdinand Fabre,1 - Louis Blanc - 270 m,5 - Marie Caizergues - 479 m,Oui,Oui,Ville de Montpellier,Portail
458,Square Docteur Fourcade,Sq Dr Fourcade,15/12/1993,15/12/1993,4108,Square,N5,"3,894632","43,589113",Avenue Dr Jacques Fourcade/ Métairie de Saysset,3 - Garcia Lorca - 376 m,16 - Garcia Lorca - 364 m,Oui,Non,Ville de Montpellier,Pas de fermeture
460,Parc Chico Mendes,Parc Mendez,01/07/1991,01/07/1991,1870,Parc,C14,"3,82306","43,631986",Rue de l'Agenais,1 - Saint-Paul - 252 m,15 - Gémeaux - 59 m,Oui,Non,Ville de Montpellier,Pas de fermeture
461,Parc Jacques Roseau,Parc J Roseau,01/09/1993,01/09/1993,33670,Square,E7,"3,834862","43,596968",CD 5 route de Laverune,3 - Jules Guesde - 1873 m,10 - Les Bouisses - 203 m,Oui,Non,Ville de Montpellier,Pas de fermeture
462,Square Louis Carles (ZAC la Fontaine),Sq Carles,01/03/1992,01/03/1992,358,Square,D10,"3,827612","43,613442",Rue des Ecoles,3 - Celleneuve - 302 m,15 - Renaudel - 140 m,Oui,Non,Ville de Montpellier,Pas de fermeture
476,Espace des Pertuisanes,Chiens Echelles,01/01/1989,01/01/1989,881,Square,M9,"3,886152","43,607739",Ave Henri Frenay,1 - Antigone - 124 m,14 - Léon Blum - 379 m,Oui,Non,Ville de Montpellier,Pas de fermeture
512,Square du cadran solaire,Boulodrome Pompignan,01/01/1989,01/01/1989,1730,Square,O12,"3,900464","43,619666",rue Louise Michel,2 - Pompignane - 952 m,9 - André Malraux - 22 m,Non,Non,Ville de Montpellier,Pas de fermeture
525,Bassin de rétention Colombière,Bassin Colombière,01/01/1995,01/10/1998,20710,Berges,H13,"3,853679","43,626001",Avenue du père Soulas,1 - Hôpital Lapeyronie - 580 m,7 - Gardioles - 197 m,Non,Non,Ville de Montpellier,Pas de fermeture
527,Parc Georges Charpak (ex Marianne),Parc Charpak,01/01/1997,01/06/2000,48500,Parc,O8,"3,903623","43,600904",Ave de la mer,3 - Pablo Picasso - 281 m,10 - Millénaire - 464 m,Oui,Non,Ville de Montpellier,Pas de fermeture
529,Jardin archéologique des potiers,Jardin archéologique,01/06/1993,01/06/1993,2604,Square,L10,"3,881236","43,613881",rue du faubourg de Nîmes,1 et 2 - Corum - 99 m,14 - Ernest Renan - 371 m,Oui,Oui,Ville de Montpellier,Pas de fermeture
530,Domaine de Méric,Domaine Méric,01/01/1862,01/01/1992,99400,Parc,M14,"3,891686","43,630881","634 Rue de Ferran, rue de la Draye",2 - Saint-Lazare - 578 m,10 - Maurice Chevalier - 437 m,Oui,Oui,Ville de Montpellier,Portail
531,Parc du Mas Prunet,Parc Mas Prunet,01/01/1750,01/01/1992,6839,Square,E7,"3,832395","43,59859",Place de Lascaux,3 - Tonnelles - 1810 m,10 - Les Bouisses - 231 m,Oui,Oui,Ville de Montpellier,Tourniquet
536,Parc Rachel,Parc Rachel,01/01/1750,01/01/1996,6800,Square,H14,"3,856302","43,633926",Impasse ville Hardouin,1 - Hôpital Lapeyronie - 392 m,13 - Gascogne - 300 m,Oui,Non,Ville de Montpellier,Portail
538,Parc de l'Aiguelongue,Parc Aiguelongue,01/01/1960,01/01/1995,9682,Parc,K14,"3,873363","43,629492",Rue Major Flandre,1 - Saint-Eloi - 676 m,10 - Major Flandre - 284 m,Oui,Non,Ville de Montpellier,Portail
543,Cannalette,Cannalette,01/01/1960,01/01/1960,74780,Bois,B15,"3,815633","43,636677","Rue de Tipasa, Berges de la Mosson",1 - Hauts de Massane - 557 m,15 - Pierre de Coubertin - 124 m,Non,Non,Ville de Montpellier,Pas de fermeture
544,Allée Gaby Hobt (Promenade pinède),Allée Hobt,01/01/1960,01/01/1960,4807,Parc,B14,"3,81884","43,63097","Rue de Bologne, Eglise Saint Paul",1 - Saint-Paul - 149 m,15 - Gémeaux - 339 m,Oui,Non,Ville de Montpellier,Pas de fermeture
554,Square des hibiscus,Sq Hibiscus,15/06/1995,15/06/1995,1470,Square,H6,"3,857323","43,592579",rue des hibiscus,2 - Croix d'Argent - 739 m,6 - Avenue de Toulouse - 113 m,Oui,Oui,Ville de Montpellier,Tourniquet
562,Square Bernard Chely,Sq Chely,01/08/1970,01/08/1970,914,Square,H7,"3,856554","43,597413",rue de Font-Couverte,2 - Mas Drevon - 942 m,6 - Ronceray - 503 m,Oui,Non,Ville de Montpellier,Pas de fermeture
575,Square Fabre de Morlhon,Sq Morlhon,01/01/1991,01/01/1991,2440,Square,K6,"3,877923","43,594247",rue Fabre de Morlhon,3 - Saint Martin - 151 m,15 - Saint-Cléophas - 158 m,Oui,Non,Ville de Montpellier,Tourniquet
589,Square de la Providence,Sq Providence,01/07/1992,01/07/1992,314,Square,K10,"3,875396","43,613855",rue de la Providence,1 - Louis Blanc - 237 m,6 - Peyrou - 379 m,Oui,Oui,Ville de Montpellier,Pas de fermeture
626,Parc la Carriera,Parc Carriera,15/02/1992,15/02/1992,8940,Parc,B16,"3,817654","43,641358",Rue Louis Pergaud,1 - Hauts de Massane - 724 m,15 - Place d'Italie - 55 m,Oui,Oui,Ville de Montpellier,Pas de fermeture
629,Parc zoologique de Lunaret,Parc Lunaret,01/01/1963,01/01/1963,711000,Bois,K16,"3,875434","43,642334",50 Avenue val d'Agropolis,1 - Université des sciences et lettres - 1836 m,13 - Zoo - 316 m,Oui,Oui,Ville de Montpellier,Portail
630,Jardin des plantes,Jardin des plantes,01/01/1593,01/01/1593,46790,Parc,,"3,871952","43,614345",Boulevard Henri IV,,,Non,Non,Autre entité publique,Pas de fermeture
635,Square Albert Camus,Sq Camus,15/12/1991,15/12/1991,4792,Square,J7,"3,869822","43,596661",Avenue Villeneuve d'Angoulême,2 - Mas Drevon - 202 m,6 - Place du 8 Mai - 415 m,Oui,Oui,Ville de Montpellier,Pas de fermeture
636,Allée Bonafos,Allée Bonafos,15/12/1991,15/12/1991,2501,Square,J7,"3,87077","43,597466",Avenue Villeneuve d'Angoulême,2 - Mas Drevon - 319 m,6 - Place du 8 Mai - 410 m,Oui,Oui,Ville de Montpellier,Pas de fermeture
637,Placette Le Moulin,Placette Le Moulin,05/03/1992,05/03/1992,1113,Square,N10,"3,896096","43,6103",Rue du Moulin de Semalen,2 - Pompignane - 237 m,9 - Paul Painlevé - 210 m,Oui,Oui,Ville de Montpellier,Pas de fermeture
644,Quai Louis Le Vau (place ANPE),Quai Le Vau,01/03/1991,01/03/1991,292,Square,C10,"3,822887","43,614464","Quai Louis Le Vau, ZAC de la Fontaine",1 et 3 - Mosson - 257 m,15 - Route de Lodève - 109 m,Oui,Oui,Ville de Montpellier,Pas de fermeture
650,Square de l'Intendance du Languedoc,Sq Intendance,01/05/2004,,420,Square,K10,"3,875964","43,612308",entre le 6 et le 8 rue d'Aigrefeuille,1 - Louis Blanc - 319 m,6 - Peyrou - 327 m,Oui,Oui,Ville de Montpellier,Pas de fermeture
659,Parc Richter,Parc Richter,15/09/1994,15/09/1994,20540,Parc,N8,"3,896685","43,601835",Rond-point C. Colomb,1 - Moularès - 166 m,9 - Saint-Michel - 510 m,Oui,Oui,Ville de Montpellier,Pas de fermeture
666,Espaces verts Rabelais,EV Rabelais,01/04/1993,01/04/1993,1752,Square,M9,"3,89016","43,605882",rue de Montréal/ place Acadie / rue Cavelier de la Salle,2 - Voltaire - 246 m,9 - Place de l'Europe - 373 m,Oui,Oui,Ville de Montpellier,Pas de fermeture
668,Abords tennis Montpellier-Village,Tennis Montp-village,01/01/1993,01/01/1993,5778,Square,E7,"3,838377","43,597282",route de Laverune,3 - Jules Guesde - 1710 m,10 - Paul Fajon - 228 m,Non,Non,Ville de Montpellier,Pas de fermeture
676,Parc de la grande Lironde,Parc Grande Lironde,01/01/1850,01/01/1995,44660,Parc,P9,"3,907254","43,608162",Ave Albert Einstein,1 - Millénaire - 581 m,10 - Parc Lironde - 73 m,Oui,Oui,Ville de Montpellier,Pas de fermeture
679,Esplanade Pierre Paraf,Esplanade Paraf,01/05/1993,01/05/1993,5529,Square,G6,"3,845951","43,595247",Avenue Maurice Planès,2 - Croix d'Argent - 1684 m,10 - Bagatelle - 138 m,Oui,Non,Ville de Montpellier,Tourniquet handicapé
684,Plan Cavaillé Coll,Plan Cavaillé Coll,01/01/1994,01/01/1994,330,Square,K10,"3,878492","43,613524",rue de la verrerie basse,1 - Louis Blanc - 137 m,6 - Peyrou - 564 m,Oui,Oui,Ville de Montpellier,Tourniquet handicapé
693,Place de Sparte,Place de Sparte,01/02/1993,01/02/1993,952,Square,M9,"3,889407","43,608524",Rue Léon Blum,1 - Léon Blum - 129 m,14 - Léon Blum - 133 m,Oui,Oui,Ville de Montpellier,Pas de fermeture
709,Square Joseph Delteil,Sq Delteil,15/10/1994,15/10/1994,3014,Square,E11,"3,83854","43,616111",Rue des araucarias / rue du Lyciet,3 - Pergola - 172 m,6 - Paul Bringuier - 163 m,Oui,Oui,Ville de Montpellier,Pas de fermeture
724,Square Ferdinand de Lesseps,Sq de Lesseps,15/02/1995,15/02/1995,725,Square,K6,"3,878603","43,59333",rue Ferdinand de Lesseps,3 - Saint Martin - 77 m,15 - Saint-Cléophas - 262 m,Oui,Non,Ville de Montpellier,Portail
725,Parc du Mas de Costebelle,Parc Costebelle,01/01/1750,03/05/1994,2115,Square,O10,"3,901878","43,610562",rue des frères Lumière/ rue Henri Pequet,2 - Pompignane - 599 m,9 - Vieille Poste - 126 m,Oui,Non,Ville de Montpellier,Portail
749,Square d' Ajaccio et extension,Sq d' Ajaccio,03/06/1994,03/06/1994,13180,Parc,A15,"3,812045","43,636634","rues Comté de Nice, de Corse et d'Ajaccio",1 - Hauts de Massane - 842 m,15 - Mas de Bellevue - 47 m,Oui,Non,Ville de Montpellier,Portillon
756,Square d'Arsonval,Sq d'Arsonval,15/09/1994,15/09/1994,1886,Square,i6,"3,864194","43,594786",193 rue Georges Brassens,2 - Mas Drevon - 312 m,6 - Georges Brassens - 173 m,Oui,Non,Ville de Montpellier,Portail
761,Berges du Rieutord,Berges Rieutord,11/10/1994,11/10/1994,7127,Berges,C12,"3,819244","43,62159",Avenue de l'Europe,1 - Mosson - 152 m,15 - Mosson - 238 m,Non,Non,Ville de Montpellier,Pas de fermeture
773,Maison du Lez,Maison du Lez,01/04/1995,01/04/1995,3257,Berges,N10,"3,896768","43,610076",Avenue du Pirée,2 - Pompignane - 284 m,9 - Paul Painlevé - 161 m,Oui,Oui,Ville de Montpellier,Pas de fermeture
774,Square du chai Molière,Sq chai Molière,17/05/1995,17/05/1995,381,Square,H6,"3,854947","43,591956",rue des hibiscus,2 - Croix d'Argent - 931 m,10 - Le Grand M - 105 m,Oui,Oui,Ville de Montpellier,Pas de fermeture
778,Square G.S. Blaise Pascal,Sq Pascal,16/06/1996,16/06/1996,325,Square,P10,"3,908153","43,611967",Rue Louis Lépine,1 - Millénaire - 970 m,10 - Lagoya - 178 m,Oui,Oui,Ville de Montpellier,Pas de fermeture
782,Domaine de la Pompignane,Domaine Pompignane,01/08/1996,01/08/1995,11260,Parc,P12,"3,907373","43,620402",Rue du Salaison,2 - Charles de Gaulle - 1201 m,10 - La Pompignane / Sémard - 264 m,Oui,Non,Ville de Montpellier,Pas de fermeture
783,Square Camille Ernst (ex J-S Bach),Square Jean-Sébastie,01/07/1870,01/07/1985,1397,Square,K11,"3,878576","43,618551",Avenue de Castelnau,1 - Place Albert Premier - 428 m,5 - Marie Caizergues - 339 m,Oui,Non,Ville de Montpellier,Pas de fermeture
788,Aqueduc Saint-Clément park Clémentville,Aqueduc St-Clément 1,15/06/1996,15/06/1996,5558,Berges,G11,"3,849322","43,615519","461 rue de la croix de las Cazes, 1000 rue de las Sorbes",3 - Jules Guesde - 500 m,6 - Espérance - 134 m,Non,Non,Ville de Montpellier,Pas de fermeture
792,Parc du Mas Vanneau,Parc Mas Vanneau,01/01/1750,15/06/1996,2060,Square,F12,"3,843194","43,623748",Avenue du prof. Louis Ravaz,3 - Hôtel du Département - 723 m,16 - Sainte-Geneviève - 101 m,Oui,Non,Ville de Montpellier,Portail
794,Jardin des Amandiers,Jardin des Amandiers,15/03/1997,15/03/1997,1810,Square,D9,"3,831971","43,607234",Rue des bouisses,3 - Tonnelles - 1056 m,7 - Gustave Eiffel - 218 m,Oui,Non,Ville de Montpellier,Pas de fermeture
821,Couverture ruisseau des  Aiguerelles,Ruisseau Aiguerelles,01/01/1975,01/01/1975,1569,Berges,M8,"3,887307","43,602173",Boulevard d'Orient,2 - Voltaire - 269 m,15 - Soleiado - 180 m,Non,Non,Ville de Montpellier,Pas de fermeture
823,Aqueduc St-Clément r  M. Teule-av Rimbaud,Aqueduc St-Clément 2,,01/04/1997,5376,Berges,F12,"3,841382","43,620605",Allée de l'Aqueduc,3 - Pergola - 386 m,16 - Sainte-Geneviève - 366 m,Oui,Oui,Ville de Montpellier,Pas de fermeture
831,Réserve Naturelle  du Lez,Réserve Naturelle,01/01/1960,01/01/1960,143700,Berges,M16,"3,887968","43,642826",50 Avenue val d'Agropolis,2 - Charles de Gaulle - 1745 m,5 - Aiguelongue / Jussieu - 618 m,Non,Non,Ville de Montpellier,Pas de fermeture
836,Parc Georges Clemenceau,Parc Clemenceau,01/01/1950,,10500,Square,J8,"3,871904","43,603957",22 Avenue Georges Clemenceau,3 - Saint Denis - 241 m,6 - Lycée Georges Clemenceau - 102 m,Oui,Oui,Ville de Montpellier,Pas de fermeture
838,Bassin d'orage Alco,Bassin d'Alco,20/10/1997,01/01/1999,3561,Berges,F12,"3,84241","43,624154",Avenue Louis Ravaz,3 - Hôtel du Département - 682 m,16 - Sainte-Geneviève - 185 m,Non,Non,Ville de Montpellier,Pas de fermeture
842,Square des Cétoines,Sq Cétoines,24/02/1998,24/02/1998,1478,Square,K13,"3,873836","43,628163",Rue des Cétoines,1 - Saint-Eloi - 676 m,10 - Major Flandre - 146 m,Oui,Non,Ville de Montpellier,Pas de fermeture
844,Bassin Jacques Coeur,Bassin J Coeur,01/12/1998,01/12/1998,39940,Berges,O8,"3,900093","43,600044",Avenue de la mer,1 et 3 - Port-Marianne - 182 m,8 - La Rauze - 592 m,Oui,Oui,Ville de Montpellier,Tourniquet handicapé
849,Parc Malbosc,Parc Malbosc,01/01/1999,,281647,Parc,D14,"3,829475","43,630595",Rue de,1 - Malbosc - 587 m,6 - Les Hirondelles (dépôt) - 332 m,Oui,Non,Ville de Montpellier,Pas de fermeture
850,Source du Lez,Source du Lez,,25/06/1998,130000,Berges,,0,0,Les Matelles,,,Non,Non,Ville de Montpellier,Pas de fermeture
853,Square André Gabriel Vedel,Sq Vedel,06/07/1998,06/07/1998,568,Square,Q11,"3,913285","43,615627",Rue Hippolyte Fizeau,1 - Place de France - 1328 m,9 - Louis Lépine - 130 m,Oui,Oui,Ville de Montpellier,Pas de fermeture
857,Parc Mas de Neuville,Parc Mas Neuville,25/11/1998,25/11/1998,6050,Square,F13,"3,841274","43,626373",Avenue du château d'Ô,3 - Hôtel du Département - 736 m,16 - Alco - 123 m,Oui,Oui,Ville de Montpellier,Chicane anticyclos
860,Square Adamantios Korais,Sq Korais,26/02/1999,26/02/1999,2295,Square,M9,"3,887021","43,60754",Allée du nouveau monde,1 - Antigone - 134 m,14 - Léon Blum - 338 m,Oui,Non,Ville de Montpellier,Pas de fermeture
865,Ruisseau Rieucoulon,Rieucoulon,31/12/1998,31/12/1998,1077,Berges,D8,"3,831248","43,604169",Rue Brillat-Savarin,3 - Tonnelles - 1333 m,7 - Ormeaux - 200 m,Non,Non,Ville de Montpellier,Pas de fermeture
873,Parc Edouard André,Parc E  André,18/08/1999,01/05/2000,8000,Square,C10,"3,823083","43,613456",rue André Le Nôtre,3 - Celleneuve - 340 m,15 - La Fontaine - 187 m,Oui,Oui,Ville de Montpellier,Pas de fermeture
875,Jardin de la résidence le grand parc,Rés Grand Parc,,,3577,Square,,"3,835013","43,621129",Ave des moulins,,,Non,Non,Privé ouvert au public,Pas de fermeture
877,Les jardins d'Alco,Les jardins d'Alco,,,38220,Parc,,"3,839197","43,62345",,,,Non,Non,Autre entité publique,Pas de fermeture
882,Boisement du Château d'O,Bois Château d'O,01/12/1999,01/12/1999,24500,Bois,E14,"3,838546","43,631347",Route de grabels,1 - Château d'O - 499 m,16 - Château d'O - 327 m,Non,Non,Ville de Montpellier,Pas de fermeture
891,Square du Soleil Levant,Sq Soleil Levant,22/05/2000,22/05/2000,4150,Square,A16,"3,81284","43,640933",Ave du Comté de Nice,1 - Hauts de Massane - 954 m,15 - Corse - 128 m,Oui,Non,Ville de Montpellier,Pas de fermeture
892,Square bd Paul Valéry,Sq bd Valéry,13/06/2000,13/06/2000,995,Square,G7,"3,849923","43,595719",Bd P Valéry,2 - Croix d'Argent - 1385 m,6 - Véga - 23 m,Oui,Oui,Ville de Montpellier,Portillon
894,Place Rosa Parks,Pl R Parks,20/06/2000,20/06/2000,354,Square,L13,"3,880913","43,628059",rue de Montasinos,2 - Aiguelongue - 282 m,5 - Clolus - 56 m,Oui,Non,Ville de Montpellier,Pas de fermeture
896,Jardin de la Reine,Jardin de la Reine,,,4401,Bois,J10,"3,870261","43,613423",rue du jardin de la Reine,1 - Place Albert Premier - 462 m,7 - Saint-Jaumes - 51 m,Non,Non,Autre entité publique,Pas de fermeture
914,Parc du château d'Ô,Parc du château d'Ô,,,78860,Parc,,"3,839679","43,63281",Avenue des Moulins,,,Oui,Oui,Autre entité publique,Portail
942,Château de Flaugergues,Chât Flaugergues,,,420000,Parc,,"3,919396","43,61018",Avenue Albert Einstein,,,Oui,Non,Privé ouvert au public,Pas de fermeture
945,Esplanade Gabriel Michel,Esplanade Michel,,01/01/2002,8151,Square,P10,"3,908617","43,613841","842, rue de la vieille poste",2 - Pompignane - 1130 m,9 - Pinville - 202 m,Oui,Oui,Ville de Montpellier,Pas de fermeture
950,Square Louis Boffet,Sq Boffet,26/11/2001,26/11/2001,840,Square,K10,"3,874881","43,613681",rue Lallemand,1 - Louis Blanc - 285 m,6 - Peyrou - 334 m,Oui,Oui,Ville de Montpellier,Portail
965,Parc Dioscoride,Parc Dioscoride,15/02/2003,01/03/2003,6860,Parc,D10,"3,831804","43,613149",Esplanade de Celleneuve - Allée de Paris,3 - Celleneuve - 565 m,15 - Marie Curie - 194 m,Oui,Oui,Ville de Montpellier,Portillon
967,Parc Emmanuel Roblès,Parc Roblès,01/03/1954,01/03/2004,3443,Square,K9,"3,878754","43,605965",13 Rue de la République,3 - Observatoire - 112 m,16 - Gare Saint-Roch - 59 m,Oui,Oui,Ville de Montpellier,Chicane anticyclos
969,Transparence Lez-Lironde,Transp Lez-Lironde,01/03/2003,01/03/2003,25000,Berges,P7,"3,907759","43,59629","Route de Boirargues, avenue de la mer",3 - Pablo Picasso - 440 m,10 - Millénaire - 712 m,Non,Non,Ville de Montpellier,Pas de fermeture
971,Parc Bartolomé de Las Casas,Parc de Las Casas,07/05/2003,07/05/2003,4367,Parc,F11,"3,844979","43,616982",Avenue Saint-Clément,3 - Pergola - 412 m,6 - Saint-Clément - 87 m,Oui,Oui,Ville de Montpellier,Pas de fermeture
972,Bassin de rétention de la Mogère,Bassin Mogère,27/05/2003,,37860,Berges,R8,"3,923914","43,601402",route de Vauguière,1 - Odysseum - 384 m,9 - Place de Lisbonne - 505 m,Non,Non,Ville de Montpellier,Pas de fermeture
988,Jardins Familaux de Malbosc,J Familiaux Malbosc,01/09/2004,01/09/2004,8600,Jard Fam,D13,"3,827986","43,629033",,1 - Saint-Paul - 621 m,6 - Les Hirondelles (dépôt) - 219 m,Non,Non,Ville de Montpellier,Pas de fermeture
995,Jardins de la Lironde,Jardins la Lironde,26/04/2006,27/04/2007,20570,Parc,P9,"3,909887","43,607349","324, Rue du Mas de Carbonnier",1 - Millénaire - 434 m,9 - Samuel Morse - 281 m,Oui,Oui,Ville de Montpellier,Pas de fermeture
997,Parc du Mas de Nouguier,Parc Mas Nouguier,01/04/2007,,208300,Parc,H4,"3,852835","43,581873",Chemin des comportes,2 - Les Grisettes - 486 m,10 - Sabines - 631 m,Oui,Non,Ville de Montpellier,Pas de fermeture
1007,Berges du Lez - Domaine de Lavalette,Lez - Lavalette,08/04/2005,,68860,Berges,K17,"3,873769","43,648107",avenue Agropolis,1 - Université des sciences et lettres - 2322 m,13 - Agropolis - 450 m,Non,Non,Ville de Montpellier,Pas de fermeture
1010,Aire de jeux des Papyrus,Jeux Papyrus,01/10/2005,01/10/2005,1133,Square,G12,"3,850352","43,620735",Rue des papyrus,3 - Pergola - 924 m,16 - Las Rebes - 87 m,Oui,Oui,Ville de Montpellier,Portillon
1011,Aqueduc St-Clément - section Malbosc,Aqueduc St-Clément 3,07/10/2005,07/10/2005,4327,Berges,E14,"3,839159","43,630566",Entre Zac Malbosc et Avenue des Moulins,1 - Château d'O - 520 m,7 - Château d'O - 307 m,Non,Non,Ville de Montpellier,Pas de fermeture
1025,Parc de Font Colombe (Château Bon),Parc Font Colombe,,01/01/2006,52740,Parc,D7,"3,830354","43,597855",Rue de Château Bon,3 - Tonnelles - 1955 m,10 - Les Bouisses - 408 m,Oui,Non,Ville de Montpellier,Pas de fermeture
1029,Jardins Familiaux Les Grands Grès,J Familiaux Gds Grès,22/02/2006,,14590,Jard Fam,T10,"3,936522","43,609429","Rue de la Plauchude, 3132 ave Albert Einstein",1 - Odysseum - 1435 m,9 - Albert Einstein - 425 m,Non,Non,Ville de Montpellier,Pas de fermeture
1030,Berges du Lez - Pain levé,Lez - Pain levé,,01/01/2006,2638,Berges,N10,"3,897659","43,610304",Passerelle du Moulin de l'Evêque,2 - Pompignane - 314 m,9 - Paul Painlevé - 86 m,Non,Non,Ville de Montpellier,Pas de fermeture
1032,Aire de jeux rue Vien,Jeux rue Vien,15/08/2006,15/08/2006,36,Square,K9,"3,873973","43,609282",5 rue Vien,3 - Saint Denis - 382 m,6 - Saint-Guilhem - 103 m,Oui,Non,Ville de Montpellier,Pas de fermeture
1034,Square Angelo Bramante (ZAC Malbosc),Sq Bramante,01/09/2006,01/09/2006,1410,Square,E14,"3,835841","43,631277",Rue Semiramis,1 - Malbosc - 530 m,16 - Château d'O - 541 m,Oui,Oui,Ville de Montpellier,Pas de fermeture
1037,Bassin de rétention Malbosc,Bassin Malbosc,16/08/2006,,6227,Berges,E14,"3,834732","43,633459",Rue E. Hemingway,1 - Malbosc - 278 m,16 - Appel du 18 Juin - 458 m,Non,Non,Ville de Montpellier,Pas de fermeture
1038,Parc Saint-Fiacre (ZAC Malbosc),Parc St-Fiacre,16/08/2006,,18370,Parc,D14,"3,832323","43,633079",Rue Aglaë Adamson,1 - Malbosc - 256 m,16 - Appel du 18 Juin - 383 m,Oui,Non,Ville de Montpellier,Pas de fermeture
1056,Square Théophraste Renaudot,Sq Renaudot,27/06/2008,27/06/2008,467,Square,K11,"3,875765","43,614981",12 bd Pasteur,1 - Louis Blanc - 194 m,7 - Saint-Jaumes - 440 m,Oui,Non,Ville de Montpellier,Portillon
1069,Parc du Belvédère,Parc du Belvédère,18/03/2008,18/03/2008,9746,Parc,G5,"3,846323","43,589936",rue de Bugarel,2 - Sabines - 1316 m,10 - Cheng-Du - 416 m,Oui,Oui,Ville de Montpellier,Pas de fermeture
1076,Berges du Rieucoulon,Berges Rieucoulon,16/04/2008,16/04/2008,21630,Berges,E6,"3,836829","43,594775",Rue Rouget de Lisle,3 - Jules Guesde - 2015 m,10 - Paul Fajon - 74 m,Non,Non,Ville de Montpellier,Pas de fermeture
1105,Square Billie Holiday,Sq B Holiday,01/01/2001,01/01/2001,1252,Square,E15,"3,83538","43,637901",rue Billie Holiday,1 - Malbosc - 362 m,16 - Apothicaires - 393 m,Oui,Oui,Ville de Montpellier,Pas de fermeture
1106,Square des sculpteurs,Sq Sculpteurs,01/01/2001,01/01/2001,5263,Square,E15,"3,835328","43,63855",,1 - Malbosc - 423 m,16 - Apothicaires - 316 m,Oui,Non,Ville de Montpellier,Pas de fermeture
1107,Jardin Demain,Jardin Demain,09/10/2010,09/10/2010,938,Square,K6,"3,873474","43,592871",rue d'Ampurias,2 - Lemasson - 87 m,15 - Les Pins - 212 m,Oui,Non,Ville de Montpellier,Pas de fermeture
1111,Aqueduc de la Lyre,Aqueduc Lyre,25/10/2010,,5035,Berges,F16,"3,843107","43,639668",,1 - Château d'O - 612 m,16 - Route de Ganges - 394 m,Non,Non,Ville de Montpellier,Pas de fermeture
1112,Square du Père Bonnet,Sq Père Bonnet,01/02/2011,01/06/2011,326,Square,J9,"3,86618","43,606855",2 rue du Père Bonnet,3 - Plan Cabanes - 245 m,11 - Renouvier - 48 m,Oui,Non,Ville de Montpellier,Portail
1114,Parc Montcalm,Parc Montcalm,,01/01/2011,117504,Parc,i7,"3,86074","43,597261",Rue des chasseurs,2 - Mas Drevon - 614 m,6 - Georges Brassens - 214 m,Non,Non,Ville de Montpellier,Pas de fermeture
1115,Pont de la Concorde,Pont de la Concorde,15/02/2011,15/02/2011,2384,Berges,N13,"3,894389","43,628308",Rue du pont de Castelnau,2 - Charles de Gaulle - 365 m,10 - Charles de Gaulle - 170 m,Oui,Non,Ville de Montpellier,Pas de fermeture
1117,Square Ligorio,Sq Ligorio,17/06/2011,17/06/2011,1810,Square,E14,"3,833013","43,63118",268 Avenue des frères Bulher,1 - Malbosc - 469 m,16 - Appel du 18 Juin - 601 m,Oui,Non,Ville de Montpellier,Pas de fermeture
1118,Jardins familiaux du Rieucoulon,JF Rieucoulon,01/08/2011,01/08/2011,8131,Jard Fam,E6,"3,837242","43,594709",Rue Rouget de l'Isle,3 - Jules Guesde - 2012 m,10 - Paul Fajon - 69 m,Non,Non,Ville de Montpellier,Pas de fermeture
1119,Parc du Rieucoulon,Parc Rieucoulon,01/04/2011,01/04/2011,36180,Berges,F6,"3,841245","43,590968",Chemin de Bugarel,,,Oui,Oui,Ville de Montpellier,Pas de fermeture
1120,Verger partagé de Malbosc,JP Malbosc,01/03/2010,01/03/2010,2153,Jard Part,D14,"3,830241","43,630596",,,,Oui,Non,Ville de Montpellier,Pas de fermeture
1124,Jardin partagé Clemenceau,JP Clemenceau,01/01/2005,,274,Jard Part,J8,"3,871297","43,604694",Rue Balard,,,Non,Non,Ville de Montpellier,Pas de fermeture
1125,Jardin partagé de la Cavalerie,JP Cavalerie,01/01/2007,,400,Jard Part,L11,"3,881617","43,617008",Rue de la Cavalerie,,,Non,Non,Ville de Montpellier,Pas de fermeture
1126,Jardin partagé de Bagatelle,JP Bagatelle,01/01/2006,,240,Jard Part,F6,"3,839816","43,593222",IMP DES NUMIDES,,,Non,Non,Ville de Montpellier,Pas de fermeture
1127,Jardin partagé de Rimbaud,JP Rimbaud,01/01/2007,,230,Jard Part,N11,"3,895658","43,618959",AV SAINT ANDRÉ DE NOVIGENS,,,Non,Non,Ville de Montpellier,Pas de fermeture
1128,Jardin partagé Saint-Martin,JP Saint-Martin,01/01/2006,,218,Jard Part,L6,"3,882741","43,593355",RUE JEAN VACHET,,,Non,Non,Ville de Montpellier,Pas de fermeture
1129,Jardin partagé La Carriera,JP La Carriera,01/01/2006,,1160,Jard Part,B16,"3,817838","43,640494",AV GUILHEM DE POITIERS,,,Non,Non,Ville de Montpellier,Pas de fermeture
1130,Jardin partagé La Pompignane,JP La Pompignane,01/01/2005,,800,Jard Part,O12,"3,902334","43,62089",RUE LOUISE MICHEL,,,Non,Non,Ville de Montpellier,Pas de fermeture
1131,Jardin partagé Mélina Mercouri,JP Mélina Mercouri,01/01/2006,,700,Jard Part,P10,"3,908776","43,613703",842 rue de la Vieille Poste,,,Non,Non,Ville de Montpellier,Pas de fermeture
1132,Jardin partagé du Lemasson,JP du Lemasson,01/10/2010,,427,Jard Part,K6,"3,873373","43,592772",RUE D'AMPURIAS,,,Non,Non,Ville de Montpellier,Pas de fermeture
1133,Jardin partagé La roseraie Sainte-Odile,JP Roseraie,01/04/2011,,260,Jard Part,K12,"3,874181","43,622598",16 Rue Saint-Vincent de Paul,,,Non,Non,Privé ouvert au public,Pas de fermeture
1134,Jardin partagé Magnol,JP Magnol,01/11/2011,,120,Jard Part,i11,"3,863301","43,617555",Rue de las Sorbes,,,Non,Non,Ville de Montpellier,Pas de fermeture
1135,Jardin partagé Jupiter,JP Jupiter,01/06/2009,,260,Jard Part,B13,"3,819113","43,624992",Square Jupiter,,,Non,Non,Privé ouvert au public,Pas de fermeture
1137,Aqueduc St Clément (St priest-Croix Lavit),Aqueduc St Clément,,30/08/2012,2460,Berges,F15,"3,841335","43,638153",Rue Ada,,,Non,Non,Ville de Montpellier,Pas de fermeture
1140,Square Brongniart,Sq Brongniart,08/11/2012,01/12/2012,1919,Square,D14,"3,828339","43,633859",rue Achille Dûchéne,1 - Arrêt Malbosc,,Non,Non,Ville de Montpellier,Pas de fermeture
