Exercice;I_F;D_R;Nature;SousFonction;BP;Libellé fonction
2013;F;D;23;;17545630,88;
2013;F;D;6042;20;420000;ADMINISTRATION GENERALE DE LA COLLECTIVITE
2013;F;D;6042;211;0;ECOLES MATERNELLES
2013;F;D;6042;212;0;ECOLES PRIMAIRES
2013;F;D;6042;40;629665;SERVICES COMMUNS
2013;F;D;6042;421;300000;CENTRES DE LOISIRS
2013;F;D;6042;422;50000;AUTRES ACTIVITES POUR LES JEUNES
2013;F;D;6042;64;2186000;CRECHES ET GARDERIES
2013;F;D;60611;20;854350;ADMINISTRATION GENERALE DE LA COLLECTIVITE
2013;F;D;60611;26;18050;CIMETIERES ET POMPES FUNEBRES
2013;F;D;60611;412;18200;STADES
2013;F;D;60611;813;110000;PROPRETE URBAINE
2013;F;D;60611;816;170000;AUTRES RESEAUX ET SERVICES DIVERS
2013;F;D;60611;823;535000;ESPACES VERTS URBAINS
2013;F;D;60612;20;887500;ADMINISTRATION GENERALE DE LA COLLECTIVITE
2013;F;D;60612;24;1730;FETES ET CEREMONIES
2013;F;D;60612;25;0;AIDES AUX ASSOCIATIONS (NON CLASSEES AILLEURS)
2013;F;D;60612;26;8600;CIMETIERES ET POMPES FUNEBRES
2013;F;D;60612;211;1119000;ECOLES MATERNELLES
2013;F;D;60612;251;108200;HEBERGEMENT ET RESTAURATION SCOLAIRE
2013;F;D;60612;30;171900;SERVICES COMMUNS
2013;F;D;60612;412;593000;STADES
2013;F;D;60612;422;389100;AUTRES ACTIVITES POUR LES JEUNES
2013;F;D;60612;64;188300;CRECHES ET GARDERIES
2013;F;D;60612;814;2062000;ECLAIRAGE PUBLIC
2013;F;D;60612;816;5000;AUTRES RESEAUX ET SERVICES DIVERS
2013;F;D;60612;821;196000;EQUIPEMENTS DE VOIRIE
2013;F;D;60612;822;5000;VOIRIE COMMUNALE ET ROUTES
2013;F;D;60612;823;173700;ESPACES VERTS URBAINS
2013;F;D;60612;91;103800;FOIRES ET MARCHES
2013;F;D;60613;211;14300;ECOLES MATERNELLES
2013;F;D;60613;412;11500;STADES
2013;F;D;60621;20;132800;ADMINISTRATION GENERALE DE LA COLLECTIVITE
2013;F;D;60621;26;11000;CIMETIERES ET POMPES FUNEBRES
2013;F;D;60622;20;645000;ADMINISTRATION GENERALE DE LA COLLECTIVITE
2013;F;D;60622;26;100;CIMETIERES ET POMPES FUNEBRES
2013;F;D;60622;40;450;SERVICES COMMUNS
2013;F;D;60622;823;22500;ESPACES VERTS URBAINS
2013;F;D;60623;20;10700;ADMINISTRATION GENERALE DE LA COLLECTIVITE
2013;F;D;60623;24;68200;FETES ET CEREMONIES
2013;F;D;60623;48;10000;AUTRES ACTIONS DE COOPERATION DECENTRALISEE
2013;F;D;60623;112;10700;POLICE MUNICIPALE
2013;F;D;60623;251;2675000;HEBERGEMENT ET RESTAURATION SCOLAIRE
2013;F;D;60623;30;0;SERVICES COMMUNS
2013;F;D;60623;313;2500;THEATRES
2013;F;D;60623;314;5000;CINEMAS ET AUTRES SALLES DE SPECTACLES
2013;F;D;60623;322;12000;MUSEES
2013;F;D;60623;421;48500;CENTRES DE LOISIRS
2013;F;D;60623;422;95936;AUTRES ACTIVITES POUR LES JEUNES
2013;F;D;60623;520;150;SERVICES COMMUNS
2013;F;D;60623;64;515000;CRECHES ET GARDERIES
2013;F;D;60623;823;300400;ESPACES VERTS URBAINS
2013;F;D;60624;20;1200;ADMINISTRATION GENERALE DE LA COLLECTIVITE
2013;F;D;60624;22;100;ADMINISTRATION GENERALE DE L'ETAT
2013;F;D;60624;12;1200;HYGIENE ET SALUBRITE PUBLIQUE
2013;F;D;60624;323;68;ARCHIVES
2013;F;D;60624;422;5000;AUTRES ACTIVITES POUR LES JEUNES
2013;F;D;60624;821;0;EQUIPEMENTS DE VOIRIE
2013;F;D;60624;822;1500;VOIRIE COMMUNALE ET ROUTES
2013;F;D;60624;823;30000;ESPACES VERTS URBAINS
2013;F;D;60628;20;293927;ADMINISTRATION GENERALE DE LA COLLECTIVITE
2013;F;D;60628;22;600;ADMINISTRATION GENERALE DE L'ETAT
2013;F;D;60628;24;39254;FETES ET CEREMONIES
2013;F;D;60628;25;200;AIDES AUX ASSOCIATIONS (NON CLASSEES AILLEURS)
2013;F;D;60628;26;3000;CIMETIERES ET POMPES FUNEBRES
2013;F;D;60628;48;2925;AUTRES ACTIONS DE COOPERATION DECENTRALISEE
2013;F;D;60628;112;8000;POLICE MUNICIPALE
2013;F;D;60628;12;15400;HYGIENE ET SALUBRITE PUBLIQUE
2013;F;D;60628;211;73425;ECOLES MATERNELLES
2013;F;D;60628;212;60000;ECOLES PRIMAIRES
2013;F;D;60628;251;279300;HEBERGEMENT ET RESTAURATION SCOLAIRE
2013;F;D;60628;30;16000;SERVICES COMMUNS
2013;F;D;60628;313;1500;THEATRES
2013;F;D;60628;314;8000;CINEMAS ET AUTRES SALLES DE SPECTACLES
2013;F;D;60628;322;10000;MUSEES
2013;F;D;60628;323;340;ARCHIVES
2013;F;D;60628;411;59000;SALLES DE SPORT, GYMNASES
2013;F;D;60628;412;36500;STADES
2013;F;D;60628;415;3180;MANIFESTATIONS SPORTIVES
2013;F;D;60628;421;57000;CENTRES DE LOISIRS
2013;F;D;60628;422;22502;AUTRES ACTIVITES POUR LES JEUNES
2013;F;D;60628;520;5000;SERVICES COMMUNS
2013;F;D;60628;64;28500;CRECHES ET GARDERIES
2013;F;D;60628;814;177000;ECLAIRAGE PUBLIC
2013;F;D;60628;816;150;AUTRES RESEAUX ET SERVICES DIVERS
2013;F;D;60628;820;1453;SERVICES COMMUNS
2013;F;D;60628;821;7460;EQUIPEMENTS DE VOIRIE
2013;F;D;60628;822;22150;VOIRIE COMMUNALE ET ROUTES
2013;F;D;60628;823;190000;ESPACES VERTS URBAINS
2013;F;D;60628;91;15000;FOIRES ET MARCHES
2013;F;D;60631;20;420789;ADMINISTRATION GENERALE DE LA COLLECTIVITE
2013;F;D;60631;22;250;ADMINISTRATION GENERALE DE L'ETAT
2013;F;D;60631;24;3135;FETES ET CEREMONIES
2013;F;D;60631;26;700;CIMETIERES ET POMPES FUNEBRES
2013;F;D;60631;48;1170;AUTRES ACTIONS DE COOPERATION DECENTRALISEE
2013;F;D;60631;112;500;POLICE MUNICIPALE
2013;F;D;60631;12;2200;HYGIENE ET SALUBRITE PUBLIQUE
2013;F;D;60631;211;48000;ECOLES MATERNELLES
2013;F;D;60631;212;55000;ECOLES PRIMAIRES
2013;F;D;60631;251;103000;HEBERGEMENT ET RESTAURATION SCOLAIRE
2013;F;D;60631;30;300;SERVICES COMMUNS
2013;F;D;60631;313;3000;THEATRES
2013;F;D;60631;322;2000;MUSEES
2013;F;D;60631;323;330;ARCHIVES
2013;F;D;60631;411;21800;SALLES DE SPORT, GYMNASES
2013;F;D;60631;412;25700;STADES
2013;F;D;60631;421;6000;CENTRES DE LOISIRS
2013;F;D;60631;422;36047;AUTRES ACTIVITES POUR LES JEUNES
2013;F;D;60631;64;47500;CRECHES ET GARDERIES
2013;F;D;60631;813;2500;PROPRETE URBAINE
2013;F;D;60631;814;450;ECLAIRAGE PUBLIC
2013;F;D;60631;816;100;AUTRES RESEAUX ET SERVICES DIVERS
2013;F;D;60631;821;2000;EQUIPEMENTS DE VOIRIE
2013;F;D;60631;822;6650;VOIRIE COMMUNALE ET ROUTES
2013;F;D;60631;823;29100;ESPACES VERTS URBAINS
2013;F;D;60631;824;0;AUTRES OPERATIONS D'AMENAGEMENT URBAIN
2013;F;D;60631;91;750;FOIRES ET MARCHES
2013;F;D;60632;20;522259;ADMINISTRATION GENERALE DE LA COLLECTIVITE
2013;F;D;60632;22;400;ADMINISTRATION GENERALE DE L'ETAT
2013;F;D;60632;24;39254;FETES ET CEREMONIES
2013;F;D;60632;26;1000;CIMETIERES ET POMPES FUNEBRES
2013;F;D;60632;48;2500;AUTRES ACTIONS DE COOPERATION DECENTRALISEE
2013;F;D;60632;112;11000;POLICE MUNICIPALE
2013;F;D;60632;12;200;HYGIENE ET SALUBRITE PUBLIQUE
2013;F;D;60632;211;90772;ECOLES MATERNELLES
2013;F;D;60632;212;60500;ECOLES PRIMAIRES
2013;F;D;60632;251;45800;HEBERGEMENT ET RESTAURATION SCOLAIRE
2013;F;D;60632;30;38190;SERVICES COMMUNS
2013;F;D;60632;313;15000;THEATRES
2013;F;D;60632;314;5000;CINEMAS ET AUTRES SALLES DE SPECTACLES
2013;F;D;60632;322;10000;MUSEES
2013;F;D;60632;323;4290;ARCHIVES
2013;F;D;60632;411;49300;SALLES DE SPORT, GYMNASES
2013;F;D;60632;412;15080;STADES
2013;F;D;60632;415;9080;MANIFESTATIONS SPORTIVES
2013;F;D;60632;421;48000;CENTRES DE LOISIRS
2013;F;D;60632;422;54581;AUTRES ACTIVITES POUR LES JEUNES
2013;F;D;60632;520;0;SERVICES COMMUNS
2013;F;D;60632;64;75000;CRECHES ET GARDERIES
2013;F;D;60632;810;1000;SERVICES COMMUNS
2013;F;D;60632;813;1500;PROPRETE URBAINE
2013;F;D;60632;814;149000;ECLAIRAGE PUBLIC
2013;F;D;60632;816;900;AUTRES RESEAUX ET SERVICES DIVERS
2013;F;D;60632;821;43500;EQUIPEMENTS DE VOIRIE
2013;F;D;60632;822;24250;VOIRIE COMMUNALE ET ROUTES
2013;F;D;60632;823;235000;ESPACES VERTS URBAINS
2013;F;D;60632;824;100;AUTRES OPERATIONS D'AMENAGEMENT URBAIN
2013;F;D;60632;91;5000;FOIRES ET MARCHES
2013;F;D;60633;40;1800;SERVICES COMMUNS
2013;F;D;60633;821;450;EQUIPEMENTS DE VOIRIE
2013;F;D;60633;822;26000;VOIRIE COMMUNALE ET ROUTES
2013;F;D;60633;823;10000;ESPACES VERTS URBAINS
2013;F;D;60636;20;55788;ADMINISTRATION GENERALE DE LA COLLECTIVITE
2013;F;D;60636;24;14825;FETES ET CEREMONIES
2013;F;D;60636;26;11000;CIMETIERES ET POMPES FUNEBRES
2013;F;D;60636;48;900;AUTRES ACTIONS DE COOPERATION DECENTRALISEE
2013;F;D;60636;112;100000;POLICE MUNICIPALE
2013;F;D;60636;12;1600;HYGIENE ET SALUBRITE PUBLIQUE
2013;F;D;60636;213;67000;CLASSES REGROUPEES
2013;F;D;60636;251;20500;HEBERGEMENT ET RESTAURATION SCOLAIRE
2013;F;D;60636;30;2000;SERVICES COMMUNS
2013;F;D;60636;323;480;ARCHIVES
2013;F;D;60636;40;10000;SERVICES COMMUNS
2013;F;D;60636;415;9080;MANIFESTATIONS SPORTIVES
2013;F;D;60636;421;1000;CENTRES DE LOISIRS
2013;F;D;60636;422;2000;AUTRES ACTIVITES POUR LES JEUNES
2013;F;D;60636;64;21000;CRECHES ET GARDERIES
2013;F;D;60636;810;700;SERVICES COMMUNS
2013;F;D;60636;813;4500;PROPRETE URBAINE
2013;F;D;60636;814;6500;ECLAIRAGE PUBLIC
2013;F;D;60636;816;300;AUTRES RESEAUX ET SERVICES DIVERS
2013;F;D;60636;821;7000;EQUIPEMENTS DE VOIRIE
2013;F;D;60636;822;1000;VOIRIE COMMUNALE ET ROUTES
2013;F;D;60636;823;50000;ESPACES VERTS URBAINS
2013;F;D;60636;91;1000;FOIRES ET MARCHES
2013;F;D;6064;20;578499;ADMINISTRATION GENERALE DE LA COLLECTIVITE
2013;F;D;6064;22;28100;ADMINISTRATION GENERALE DE L'ETAT
2013;F;D;6064;24;4300;FETES ET CEREMONIES
2013;F;D;6064;26;2500;CIMETIERES ET POMPES FUNEBRES
2013;F;D;6064;48;1275;AUTRES ACTIONS DE COOPERATION DECENTRALISEE
2013;F;D;6064;112;10500;POLICE MUNICIPALE
2013;F;D;6064;12;5800;HYGIENE ET SALUBRITE PUBLIQUE
2013;F;D;6064;212;430550;ECOLES PRIMAIRES
2013;F;D;6064;213;7000;CLASSES REGROUPEES
2013;F;D;6064;251;47140;HEBERGEMENT ET RESTAURATION SCOLAIRE
2013;F;D;6064;30;3109;SERVICES COMMUNS
2013;F;D;6064;313;5850;THEATRES
2013;F;D;6064;314;2000;CINEMAS ET AUTRES SALLES DE SPECTACLES
2013;F;D;6064;322;5000;MUSEES
2013;F;D;6064;323;32605;ARCHIVES
2013;F;D;6064;40;8200;SERVICES COMMUNS
2013;F;D;6064;421;35000;CENTRES DE LOISIRS
2013;F;D;6064;422;20584;AUTRES ACTIVITES POUR LES JEUNES
2013;F;D;6064;64;15000;CRECHES ET GARDERIES
2013;F;D;6064;810;11200;SERVICES COMMUNS
2013;F;D;6064;814;2600;ECLAIRAGE PUBLIC
2013;F;D;6064;816;3500;AUTRES RESEAUX ET SERVICES DIVERS
2013;F;D;6064;820;23677;SERVICES COMMUNS
2013;F;D;6064;821;4000;EQUIPEMENTS DE VOIRIE
2013;F;D;6064;822;12750;VOIRIE COMMUNALE ET ROUTES
2013;F;D;6064;823;10000;ESPACES VERTS URBAINS
2013;F;D;6064;824;1000;AUTRES OPERATIONS D'AMENAGEMENT URBAIN
2013;F;D;6065;20;2000;ADMINISTRATION GENERALE DE LA COLLECTIVITE
2013;F;D;6065;48;190;AUTRES ACTIONS DE COOPERATION DECENTRALISEE
2013;F;D;6065;211;17000;ECOLES MATERNELLES
2013;F;D;6065;212;27000;ECOLES PRIMAIRES
2013;F;D;6065;251;7500;HEBERGEMENT ET RESTAURATION SCOLAIRE
2013;F;D;6065;30;30000;SERVICES COMMUNS
2013;F;D;6065;313;1400;THEATRES
2013;F;D;6065;322;60000;MUSEES
2013;F;D;6065;323;1430;ARCHIVES
2013;F;D;6065;421;15000;CENTRES DE LOISIRS
2013;F;D;6067;211;327890;ECOLES MATERNELLES
2013;F;D;6067;422;25000;AUTRES ACTIVITES POUR LES JEUNES
2013;F;D;6068;422;6900;AUTRES ACTIVITES POUR LES JEUNES
2013;F;D;611;20;693245;ADMINISTRATION GENERALE DE LA COLLECTIVITE
2013;F;D;611;24;0;FETES ET CEREMONIES
2013;F;D;611;25;2500;AIDES AUX ASSOCIATIONS (NON CLASSEES AILLEURS)
2013;F;D;611;26;1000;CIMETIERES ET POMPES FUNEBRES
2013;F;D;611;112;118500;POLICE MUNICIPALE
2013;F;D;611;12;102000;HYGIENE ET SALUBRITE PUBLIQUE
2013;F;D;611;212;27027;ECOLES PRIMAIRES
2013;F;D;611;251;4200;HEBERGEMENT ET RESTAURATION SCOLAIRE
2013;F;D;611;30;19500;SERVICES COMMUNS
2013;F;D;611;323;25739;ARCHIVES
2013;F;D;611;415;9070;MANIFESTATIONS SPORTIVES
2013;F;D;611;421;130000;CENTRES DE LOISIRS
2013;F;D;611;520;160200;SERVICES COMMUNS
2013;F;D;611;813;19669725;PROPRETE URBAINE
2013;F;D;611;814;5000;ECLAIRAGE PUBLIC
2013;F;D;611;816;20000;AUTRES RESEAUX ET SERVICES DIVERS
2013;F;D;611;822;1208500;VOIRIE COMMUNALE ET ROUTES
2013;F;D;611;823;10000;ESPACES VERTS URBAINS
2013;F;D;611;824;2500;AUTRES OPERATIONS D'AMENAGEMENT URBAIN
2013;F;D;611;91;15000;FOIRES ET MARCHES
2013;F;D;6132;20;1986735;ADMINISTRATION GENERALE DE LA COLLECTIVITE
2013;F;D;6132;112;0;POLICE MUNICIPALE
2013;F;D;6132;30;0;SERVICES COMMUNS
2013;F;D;6132;40;45400;SERVICES COMMUNS
2013;F;D;6132;421;0;CENTRES DE LOISIRS
2013;F;D;6132;422;10000;AUTRES ACTIVITES POUR LES JEUNES
2013;F;D;6132;90;531000;INTERVENTIONS ECONOMIQUES
2013;F;D;6135;20;30210;ADMINISTRATION GENERALE DE LA COLLECTIVITE
2013;F;D;6135;23;20000;INFORMATION, COMMUNICATION, PUBLICITE
2013;F;D;6135;24;12420;FETES ET CEREMONIES
2013;F;D;6135;25;41500;AIDES AUX ASSOCIATIONS (NON CLASSEES AILLEURS)
2013;F;D;6135;26;0;CIMETIERES ET POMPES FUNEBRES
2013;F;D;6135;48;10000;AUTRES ACTIONS DE COOPERATION DECENTRALISEE
2013;F;D;6135;112;4000;POLICE MUNICIPALE
2013;F;D;6135;211;62107;ECOLES MATERNELLES
2013;F;D;6135;212;160524;ECOLES PRIMAIRES
2013;F;D;6135;251;48000;HEBERGEMENT ET RESTAURATION SCOLAIRE
2013;F;D;6135;30;131200;SERVICES COMMUNS
2013;F;D;6135;313;19500;THEATRES
2013;F;D;6135;314;40000;CINEMAS ET AUTRES SALLES DE SPECTACLES
2013;F;D;6135;322;12000;MUSEES
2013;F;D;6135;40;86720;SERVICES COMMUNS
2013;F;D;6135;415;45380;MANIFESTATIONS SPORTIVES
2013;F;D;6135;421;0;CENTRES DE LOISIRS
2013;F;D;6135;422;19000;AUTRES ACTIVITES POUR LES JEUNES
2013;F;D;6135;520;30000;SERVICES COMMUNS
2013;F;D;6135;813;40000;PROPRETE URBAINE
2013;F;D;6135;814;0;ECLAIRAGE PUBLIC
2013;F;D;6135;823;5000;ESPACES VERTS URBAINS
2013;F;D;6135;90;44600;INTERVENTIONS ECONOMIQUES
2013;F;D;6135;91;420000;FOIRES ET MARCHES
2013;F;D;614;20;1328827;ADMINISTRATION GENERALE DE LA COLLECTIVITE
2013;F;D;614;12;580;HYGIENE ET SALUBRITE PUBLIQUE
2013;F;D;614;411;13600;SALLES DE SPORT, GYMNASES
2013;F;D;61521;20;35600;ADMINISTRATION GENERALE DE LA COLLECTIVITE
2013;F;D;61521;26;16000;CIMETIERES ET POMPES FUNEBRES
2013;F;D;61521;211;43000;ECOLES MATERNELLES
2013;F;D;61521;212;41760;ECOLES PRIMAIRES
2013;F;D;61521;30;3000;SERVICES COMMUNS
2013;F;D;61521;412;129800;STADES
2013;F;D;61521;415;631000;MANIFESTATIONS SPORTIVES
2013;F;D;61521;422;2000;AUTRES ACTIVITES POUR LES JEUNES
2013;F;D;61521;64;0;CRECHES ET GARDERIES
2013;F;D;61521;823;2381500;ESPACES VERTS URBAINS
2013;F;D;61521;824;0;AUTRES OPERATIONS D'AMENAGEMENT URBAIN
2013;F;D;61522;20;426079;ADMINISTRATION GENERALE DE LA COLLECTIVITE
2013;F;D;61522;26;700;CIMETIERES ET POMPES FUNEBRES
2013;F;D;61522;48;14000;AUTRES ACTIONS DE COOPERATION DECENTRALISEE
2013;F;D;61522;211;294450;ECOLES MATERNELLES
2013;F;D;61522;212;334500;ECOLES PRIMAIRES
2013;F;D;61522;213;146660;CLASSES REGROUPEES
2013;F;D;61522;251;17000;HEBERGEMENT ET RESTAURATION SCOLAIRE
2013;F;D;61522;30;128000;SERVICES COMMUNS
2013;F;D;61522;411;124300;SALLES DE SPORT, GYMNASES
2013;F;D;61522;421;8180;CENTRES DE LOISIRS
2013;F;D;61522;422;101679;AUTRES ACTIVITES POUR LES JEUNES
2013;F;D;61522;64;180000;CRECHES ET GARDERIES
2013;F;D;61522;813;0;PROPRETE URBAINE
2013;F;D;61522;814;0;ECLAIRAGE PUBLIC
2013;F;D;61522;820;24000;SERVICES COMMUNS
2013;F;D;61522;822;11000;VOIRIE COMMUNALE ET ROUTES
2013;F;D;61522;823;90000;ESPACES VERTS URBAINS
2013;F;D;61522;824;50000;AUTRES OPERATIONS D'AMENAGEMENT URBAIN
2013;F;D;61522;91;10000;FOIRES ET MARCHES
2013;F;D;61523;20;54400;ADMINISTRATION GENERALE DE LA COLLECTIVITE
2013;F;D;61523;26;424703;CIMETIERES ET POMPES FUNEBRES
2013;F;D;61523;211;4587;ECOLES MATERNELLES
2013;F;D;61523;212;13377;ECOLES PRIMAIRES
2013;F;D;61523;251;3000;HEBERGEMENT ET RESTAURATION SCOLAIRE
2013;F;D;61523;30;0;SERVICES COMMUNS
2013;F;D;61523;412;4530;STADES
2013;F;D;61523;422;5000;AUTRES ACTIVITES POUR LES JEUNES
2013;F;D;61523;520;0;SERVICES COMMUNS
2013;F;D;61523;64;4000;CRECHES ET GARDERIES
2013;F;D;61523;814;220000;ECLAIRAGE PUBLIC
2013;F;D;61523;816;565000;AUTRES RESEAUX ET SERVICES DIVERS
2013;F;D;61523;821;128000;EQUIPEMENTS DE VOIRIE
2013;F;D;61523;822;1155000;VOIRIE COMMUNALE ET ROUTES
2013;F;D;61523;823;42000;ESPACES VERTS URBAINS
2013;F;D;61523;824;0;AUTRES OPERATIONS D'AMENAGEMENT URBAIN
2013;F;D;61523;91;10000;FOIRES ET MARCHES
2013;F;D;61524;823;100000;ESPACES VERTS URBAINS
2013;F;D;61551;20;174544;ADMINISTRATION GENERALE DE LA COLLECTIVITE
2013;F;D;61551;112;1000;POLICE MUNICIPALE
2013;F;D;61551;251;23000;HEBERGEMENT ET RESTAURATION SCOLAIRE
2013;F;D;61551;412;2730;STADES
2013;F;D;61551;821;400;EQUIPEMENTS DE VOIRIE
2013;F;D;61551;822;1000;VOIRIE COMMUNALE ET ROUTES
2013;F;D;61551;823;55000;ESPACES VERTS URBAINS
2013;F;D;61558;20;31888;ADMINISTRATION GENERALE DE LA COLLECTIVITE
2013;F;D;61558;24;12000;FETES ET CEREMONIES
2013;F;D;61558;48;1550;AUTRES ACTIONS DE COOPERATION DECENTRALISEE
2013;F;D;61558;112;4000;POLICE MUNICIPALE
2013;F;D;61558;211;5750;ECOLES MATERNELLES
2013;F;D;61558;212;4583;ECOLES PRIMAIRES
2013;F;D;61558;251;41000;HEBERGEMENT ET RESTAURATION SCOLAIRE
2013;F;D;61558;313;1500;THEATRES
2013;F;D;61558;322;0;MUSEES
2013;F;D;61558;40;8200;SERVICES COMMUNS
2013;F;D;61558;415;1820;MANIFESTATIONS SPORTIVES
2013;F;D;61558;422;6500;AUTRES ACTIVITES POUR LES JEUNES
2013;F;D;61558;64;22000;CRECHES ET GARDERIES
2013;F;D;61558;814;400;ECLAIRAGE PUBLIC
2013;F;D;61558;816;26000;AUTRES RESEAUX ET SERVICES DIVERS
2013;F;D;61558;821;375;EQUIPEMENTS DE VOIRIE
2013;F;D;61558;822;5000;VOIRIE COMMUNALE ET ROUTES
2013;F;D;61558;823;11000;ESPACES VERTS URBAINS
2013;F;D;6156;20;1440457;ADMINISTRATION GENERALE DE LA COLLECTIVITE
2013;F;D;6156;22;10700;ADMINISTRATION GENERALE DE L'ETAT
2013;F;D;6156;24;2300;FETES ET CEREMONIES
2013;F;D;6156;26;8300;CIMETIERES ET POMPES FUNEBRES
2013;F;D;6156;48;13000;AUTRES ACTIONS DE COOPERATION DECENTRALISEE
2013;F;D;6156;112;322600;POLICE MUNICIPALE
2013;F;D;6156;12;19900;HYGIENE ET SALUBRITE PUBLIQUE
2013;F;D;6156;211;109018;ECOLES MATERNELLES
2013;F;D;6156;212;136130;ECOLES PRIMAIRES
2013;F;D;6156;213;8000;CLASSES REGROUPEES
2013;F;D;6156;251;64000;HEBERGEMENT ET RESTAURATION SCOLAIRE
2013;F;D;6156;30;20000;SERVICES COMMUNS
2013;F;D;6156;313;5000;THEATRES
2013;F;D;6156;314;0;CINEMAS ET AUTRES SALLES DE SPECTACLES
2013;F;D;6156;322;3000;MUSEES
2013;F;D;6156;323;3415;ARCHIVES
2013;F;D;6156;411;22700;SALLES DE SPORT, GYMNASES
2013;F;D;6156;422;47323;AUTRES ACTIVITES POUR LES JEUNES
2013;F;D;6156;520;9100;SERVICES COMMUNS
2013;F;D;6156;64;149780;CRECHES ET GARDERIES
2013;F;D;6156;813;33000;PROPRETE URBAINE
2013;F;D;6156;814;0;ECLAIRAGE PUBLIC
2013;F;D;6156;816;22000;AUTRES RESEAUX ET SERVICES DIVERS
2013;F;D;6156;820;41932;SERVICES COMMUNS
2013;F;D;6156;821;877000;EQUIPEMENTS DE VOIRIE
2013;F;D;6156;822;139500;VOIRIE COMMUNALE ET ROUTES
2013;F;D;6156;823;54000;ESPACES VERTS URBAINS
2013;F;D;6156;824;2000;AUTRES OPERATIONS D'AMENAGEMENT URBAIN
2013;F;D;6156;90;4700;INTERVENTIONS ECONOMIQUES
2013;F;D;6156;91;65300;FOIRES ET MARCHES
2013;F;D;616;20;1007050;ADMINISTRATION GENERALE DE LA COLLECTIVITE
2013;F;D;617;20;375750;ADMINISTRATION GENERALE DE LA COLLECTIVITE
2013;F;D;617;26;0;CIMETIERES ET POMPES FUNEBRES
2013;F;D;617;112;52000;POLICE MUNICIPALE
2013;F;D;617;211;900;ECOLES MATERNELLES
2013;F;D;617;212;4070;ECOLES PRIMAIRES
2013;F;D;617;251;21000;HEBERGEMENT ET RESTAURATION SCOLAIRE
2013;F;D;617;323;4777;ARCHIVES
2013;F;D;617;40;900;SERVICES COMMUNS
2013;F;D;617;520;18275;SERVICES COMMUNS
2013;F;D;617;810;25000;SERVICES COMMUNS
2013;F;D;617;814;120000;ECLAIRAGE PUBLIC
2013;F;D;617;816;0;AUTRES RESEAUX ET SERVICES DIVERS
2013;F;D;617;820;30000;SERVICES COMMUNS
2013;F;D;617;821;0;EQUIPEMENTS DE VOIRIE
2013;F;D;617;823;0;ESPACES VERTS URBAINS
2013;F;D;617;824;95000;AUTRES OPERATIONS D'AMENAGEMENT URBAIN
2013;F;D;617;91;67000;FOIRES ET MARCHES
2013;F;D;6182;20;113200;ADMINISTRATION GENERALE DE LA COLLECTIVITE
2013;F;D;6182;23;5300;INFORMATION, COMMUNICATION, PUBLICITE
2013;F;D;6182;48;470;AUTRES ACTIONS DE COOPERATION DECENTRALISEE
2013;F;D;6182;212;1400;ECOLES PRIMAIRES
2013;F;D;6182;251;1500;HEBERGEMENT ET RESTAURATION SCOLAIRE
2013;F;D;6182;30;1750;SERVICES COMMUNS
2013;F;D;6182;313;2400;THEATRES
2013;F;D;6182;322;25000;MUSEES
2013;F;D;6182;323;478;ARCHIVES
2013;F;D;6182;422;9049;AUTRES ACTIVITES POUR LES JEUNES
2013;F;D;6182;520;1500;SERVICES COMMUNS
2013;F;D;6182;816;1200;AUTRES RESEAUX ET SERVICES DIVERS
2013;F;D;6182;824;0;AUTRES OPERATIONS D'AMENAGEMENT URBAIN
2013;F;D;6184;20;541600;ADMINISTRATION GENERALE DE LA COLLECTIVITE
2013;F;D;6184;25;48800;AIDES AUX ASSOCIATIONS (NON CLASSEES AILLEURS)
2013;F;D;6184;251;0;HEBERGEMENT ET RESTAURATION SCOLAIRE
2013;F;D;6185;20;3900;ADMINISTRATION GENERALE DE LA COLLECTIVITE
2013;F;D;6185;48;12000;AUTRES ACTIONS DE COOPERATION DECENTRALISEE
2013;F;D;6185;422;2000;AUTRES ACTIVITES POUR LES JEUNES
2013;F;D;6188;20;464573;ADMINISTRATION GENERALE DE LA COLLECTIVITE
2013;F;D;6188;22;0;ADMINISTRATION GENERALE DE L'ETAT
2013;F;D;6188;23;333750;INFORMATION, COMMUNICATION, PUBLICITE
2013;F;D;6188;24;28400;FETES ET CEREMONIES
2013;F;D;6188;25;20000;AIDES AUX ASSOCIATIONS (NON CLASSEES AILLEURS)
2013;F;D;6188;26;2500;CIMETIERES ET POMPES FUNEBRES
2013;F;D;6188;48;30000;AUTRES ACTIONS DE COOPERATION DECENTRALISEE
2013;F;D;6188;211;5557;ECOLES MATERNELLES
2013;F;D;6188;212;15797;ECOLES PRIMAIRES
2013;F;D;6188;30;216000;SERVICES COMMUNS
2013;F;D;6188;40;41000;SERVICES COMMUNS
2013;F;D;6188;411;0;SALLES DE SPORT, GYMNASES
2013;F;D;6188;415;76400;MANIFESTATIONS SPORTIVES
2013;F;D;6188;422;12000;AUTRES ACTIVITES POUR LES JEUNES
2013;F;D;6188;520;238750;SERVICES COMMUNS
2013;F;D;6188;64;5000;CRECHES ET GARDERIES
2013;F;D;6188;814;150000;ECLAIRAGE PUBLIC
2013;F;D;6188;821;25000;EQUIPEMENTS DE VOIRIE
2013;F;D;6188;822;1000;VOIRIE COMMUNALE ET ROUTES
2013;F;D;6188;823;60000;ESPACES VERTS URBAINS
2013;F;D;6188;824;1000;AUTRES OPERATIONS D'AMENAGEMENT URBAIN
2013;F;D;6188;90;321200;INTERVENTIONS ECONOMIQUES
2013;F;D;6188;91;150000;FOIRES ET MARCHES
2013;F;D;6218;20;30000;ADMINISTRATION GENERALE DE LA COLLECTIVITE
2013;F;D;6218;112;0;POLICE MUNICIPALE
2013;F;D;6218;30;6000;SERVICES COMMUNS
2013;F;D;6218;313;60000;THEATRES
2013;F;D;6218;322;25000;MUSEES
2013;F;D;6218;323;2925;ARCHIVES
2013;F;D;6218;422;60000;AUTRES ACTIVITES POUR LES JEUNES
2013;F;D;6218;823;0;ESPACES VERTS URBAINS
2013;F;D;6218;91;0;FOIRES ET MARCHES
2013;F;D;6225;20;20000;ADMINISTRATION GENERALE DE LA COLLECTIVITE
2013;F;D;6226;20;41400;ADMINISTRATION GENERALE DE LA COLLECTIVITE
2013;F;D;6226;22;0;ADMINISTRATION GENERALE DE L'ETAT
2013;F;D;6226;48;15000;AUTRES ACTIONS DE COOPERATION DECENTRALISEE
2013;F;D;6226;12;7500;HYGIENE ET SALUBRITE PUBLIQUE
2013;F;D;6226;251;20000;HEBERGEMENT ET RESTAURATION SCOLAIRE
2013;F;D;6226;520;73900;SERVICES COMMUNS
2013;F;D;6226;64;0;CRECHES ET GARDERIES
2013;F;D;6226;820;31525;SERVICES COMMUNS
2013;F;D;6226;822;10000;VOIRIE COMMUNALE ET ROUTES
2013;F;D;6226;823;22000;ESPACES VERTS URBAINS
2013;F;D;6226;824;2000;AUTRES OPERATIONS D'AMENAGEMENT URBAIN
2013;F;D;6227;20;300828;ADMINISTRATION GENERALE DE LA COLLECTIVITE
2013;F;D;6227;48;382;AUTRES ACTIONS DE COOPERATION DECENTRALISEE
2013;F;D;6227;212;1820;ECOLES PRIMAIRES
2013;F;D;6227;422;1000;AUTRES ACTIVITES POUR LES JEUNES
2013;F;D;6227;64;0;CRECHES ET GARDERIES
2013;F;D;6227;820;29905;SERVICES COMMUNS
2013;F;D;6227;91;1500;FOIRES ET MARCHES
2013;F;D;6228;422;4130;AUTRES ACTIVITES POUR LES JEUNES
2013;F;D;6228;520;0;SERVICES COMMUNS
2013;F;D;6228;64;10000;CRECHES ET GARDERIES
2013;F;D;6228;816;4000;AUTRES RESEAUX ET SERVICES DIVERS
2013;F;D;6228;823;25750;ESPACES VERTS URBAINS
2013;F;D;6231;20;247304;ADMINISTRATION GENERALE DE LA COLLECTIVITE
2013;F;D;6231;23;103000;INFORMATION, COMMUNICATION, PUBLICITE
2013;F;D;6231;26;3200;CIMETIERES ET POMPES FUNEBRES
2013;F;D;6231;48;2000;AUTRES ACTIONS DE COOPERATION DECENTRALISEE
2013;F;D;6231;112;4000;POLICE MUNICIPALE
2013;F;D;6231;12;1700;HYGIENE ET SALUBRITE PUBLIQUE
2013;F;D;6231;212;900;ECOLES PRIMAIRES
2013;F;D;6231;251;5000;HEBERGEMENT ET RESTAURATION SCOLAIRE
2013;F;D;6231;30;19500;SERVICES COMMUNS
2013;F;D;6231;322;8000;MUSEES
2013;F;D;6231;40;4500;SERVICES COMMUNS
2013;F;D;6231;422;4300;AUTRES ACTIVITES POUR LES JEUNES
2013;F;D;6231;64;2000;CRECHES ET GARDERIES
2013;F;D;6231;816;1500;AUTRES RESEAUX ET SERVICES DIVERS
2013;F;D;6231;820;26453;SERVICES COMMUNS
2013;F;D;6231;821;1900;EQUIPEMENTS DE VOIRIE
2013;F;D;6231;822;2300;VOIRIE COMMUNALE ET ROUTES
2013;F;D;6231;823;6500;ESPACES VERTS URBAINS
2013;F;D;6231;91;15000;FOIRES ET MARCHES
2013;F;D;6232;20;197150;ADMINISTRATION GENERALE DE LA COLLECTIVITE
2013;F;D;6232;22;8000;ADMINISTRATION GENERALE DE L'ETAT
2013;F;D;6232;23;60000;INFORMATION, COMMUNICATION, PUBLICITE
2013;F;D;6232;24;59886;FETES ET CEREMONIES
2013;F;D;6232;25;4000;AIDES AUX ASSOCIATIONS (NON CLASSEES AILLEURS)
2013;F;D;6232;48;26000;AUTRES ACTIONS DE COOPERATION DECENTRALISEE
2013;F;D;6232;212;900;ECOLES PRIMAIRES
2013;F;D;6232;251;4000;HEBERGEMENT ET RESTAURATION SCOLAIRE
2013;F;D;6232;30;227781;SERVICES COMMUNS
2013;F;D;6232;40;27348;SERVICES COMMUNS
2013;F;D;6232;415;64020;MANIFESTATIONS SPORTIVES
2013;F;D;6232;421;0;CENTRES DE LOISIRS
2013;F;D;6232;422;10000;AUTRES ACTIVITES POUR LES JEUNES
2013;F;D;6232;520;300;SERVICES COMMUNS
2013;F;D;6232;90;113225;INTERVENTIONS ECONOMIQUES
2013;F;D;6232;91;3500;FOIRES ET MARCHES
2013;F;D;6233;20;10000;ADMINISTRATION GENERALE DE LA COLLECTIVITE
2013;F;D;6233;23;160000;INFORMATION, COMMUNICATION, PUBLICITE
2013;F;D;6233;48;5000;AUTRES ACTIONS DE COOPERATION DECENTRALISEE
2013;F;D;6233;212;11000;ECOLES PRIMAIRES
2013;F;D;6233;30;218500;SERVICES COMMUNS
2013;F;D;6233;323;19000;ARCHIVES
2013;F;D;6233;40;34000;SERVICES COMMUNS
2013;F;D;6233;520;350725;SERVICES COMMUNS
2013;F;D;6233;823;60000;ESPACES VERTS URBAINS
2013;F;D;6233;824;30000;AUTRES OPERATIONS D'AMENAGEMENT URBAIN
2013;F;D;6233;90;133000;INTERVENTIONS ECONOMIQUES
2013;F;D;6233;91;184000;FOIRES ET MARCHES
2013;F;D;6236;20;52850;ADMINISTRATION GENERALE DE LA COLLECTIVITE
2013;F;D;6236;23;91000;INFORMATION, COMMUNICATION, PUBLICITE
2013;F;D;6236;48;195;AUTRES ACTIONS DE COOPERATION DECENTRALISEE
2013;F;D;6236;112;30000;POLICE MUNICIPALE
2013;F;D;6236;211;4200;ECOLES MATERNELLES
2013;F;D;6236;212;31000;ECOLES PRIMAIRES
2013;F;D;6236;251;6000;HEBERGEMENT ET RESTAURATION SCOLAIRE
2013;F;D;6236;30;160000;SERVICES COMMUNS
2013;F;D;6236;314;0;CINEMAS ET AUTRES SALLES DE SPECTACLES
2013;F;D;6236;323;9750;ARCHIVES
2013;F;D;6236;40;10900;SERVICES COMMUNS
2013;F;D;6236;415;9070;MANIFESTATIONS SPORTIVES
2013;F;D;6236;421;2800;CENTRES DE LOISIRS
2013;F;D;6236;422;33150;AUTRES ACTIVITES POUR LES JEUNES
2013;F;D;6236;520;156000;SERVICES COMMUNS
2013;F;D;6236;64;1500;CRECHES ET GARDERIES
2013;F;D;6236;820;20000;SERVICES COMMUNS
2013;F;D;6236;821;700;EQUIPEMENTS DE VOIRIE
2013;F;D;6236;822;500;VOIRIE COMMUNALE ET ROUTES
2013;F;D;6236;823;19500;ESPACES VERTS URBAINS
2013;F;D;6236;824;2000;AUTRES OPERATIONS D'AMENAGEMENT URBAIN
2013;F;D;6236;90;14000;INTERVENTIONS ECONOMIQUES
2013;F;D;6237;20;22500;ADMINISTRATION GENERALE DE LA COLLECTIVITE
2013;F;D;6237;23;282100;INFORMATION, COMMUNICATION, PUBLICITE
2013;F;D;6237;48;5000;AUTRES ACTIONS DE COOPERATION DECENTRALISEE
2013;F;D;6237;30;22000;SERVICES COMMUNS
2013;F;D;6237;40;203000;SERVICES COMMUNS
2013;F;D;6237;823;0;ESPACES VERTS URBAINS
2013;F;D;6237;824;3000;AUTRES OPERATIONS D'AMENAGEMENT URBAIN
2013;F;D;6238;20;283718;ADMINISTRATION GENERALE DE LA COLLECTIVITE
2013;F;D;6238;23;7000;INFORMATION, COMMUNICATION, PUBLICITE
2013;F;D;6238;25;10000;AIDES AUX ASSOCIATIONS (NON CLASSEES AILLEURS)
2013;F;D;6238;26;2700;CIMETIERES ET POMPES FUNEBRES
2013;F;D;6238;48;25000;AUTRES ACTIONS DE COOPERATION DECENTRALISEE
2013;F;D;6238;212;16400;ECOLES PRIMAIRES
2013;F;D;6238;251;40500;HEBERGEMENT ET RESTAURATION SCOLAIRE
2013;F;D;6238;30;1080000;SERVICES COMMUNS
2013;F;D;6238;313;370900;THEATRES
2013;F;D;6238;314;45000;CINEMAS ET AUTRES SALLES DE SPECTACLES
2013;F;D;6238;322;680000;MUSEES
2013;F;D;6238;40;2770;SERVICES COMMUNS
2013;F;D;6238;415;13600;MANIFESTATIONS SPORTIVES
2013;F;D;6238;421;258000;CENTRES DE LOISIRS
2013;F;D;6238;422;227619;AUTRES ACTIVITES POUR LES JEUNES
2013;F;D;6238;520;31843;SERVICES COMMUNS
2013;F;D;6238;64;11500;CRECHES ET GARDERIES
2013;F;D;6238;822;1000;VOIRIE COMMUNALE ET ROUTES
2013;F;D;6238;823;56500;ESPACES VERTS URBAINS
2013;F;D;6238;824;5000;AUTRES OPERATIONS D'AMENAGEMENT URBAIN
2013;F;D;6238;91;435000;FOIRES ET MARCHES
2013;F;D;6241;20;51000;ADMINISTRATION GENERALE DE LA COLLECTIVITE
2013;F;D;6241;48;2000;AUTRES ACTIONS DE COOPERATION DECENTRALISEE
2013;F;D;6241;211;4777;ECOLES MATERNELLES
2013;F;D;6241;212;4778;ECOLES PRIMAIRES
2013;F;D;6241;30;80000;SERVICES COMMUNS
2013;F;D;6241;313;200;THEATRES
2013;F;D;6241;314;15000;CINEMAS ET AUTRES SALLES DE SPECTACLES
2013;F;D;6241;322;3000;MUSEES
2013;F;D;6241;823;27500;ESPACES VERTS URBAINS
2013;F;D;6244;20;33000;ADMINISTRATION GENERALE DE LA COLLECTIVITE
2013;F;D;6244;48;300;AUTRES ACTIONS DE COOPERATION DECENTRALISEE
2013;F;D;6244;422;0;AUTRES ACTIVITES POUR LES JEUNES
2013;F;D;6244;820;100;SERVICES COMMUNS
2013;F;D;6244;823;100;ESPACES VERTS URBAINS
2013;F;D;6244;824;300;AUTRES OPERATIONS D'AMENAGEMENT URBAIN
2013;F;D;6247;20;0;ADMINISTRATION GENERALE DE LA COLLECTIVITE
2013;F;D;6247;48;8000;AUTRES ACTIONS DE COOPERATION DECENTRALISEE
2013;F;D;6247;211;2350;ECOLES MATERNELLES
2013;F;D;6247;212;27300;ECOLES PRIMAIRES
2013;F;D;6247;251;950;HEBERGEMENT ET RESTAURATION SCOLAIRE
2013;F;D;6247;415;22680;MANIFESTATIONS SPORTIVES
2013;F;D;6247;421;173000;CENTRES DE LOISIRS
2013;F;D;6247;422;27000;AUTRES ACTIVITES POUR LES JEUNES
2013;F;D;6251;20;25000;ADMINISTRATION GENERALE DE LA COLLECTIVITE
2013;F;D;6251;48;16400;AUTRES ACTIONS DE COOPERATION DECENTRALISEE
2013;F;D;6251;422;0;AUTRES ACTIVITES POUR LES JEUNES
2013;F;D;6251;520;1000;SERVICES COMMUNS
2013;F;D;6251;91;3000;FOIRES ET MARCHES
2013;F;D;6255;20;31990;ADMINISTRATION GENERALE DE LA COLLECTIVITE
2013;F;D;6256;20;104404;ADMINISTRATION GENERALE DE LA COLLECTIVITE
2013;F;D;6256;48;20000;AUTRES ACTIONS DE COOPERATION DECENTRALISEE
2013;F;D;6256;422;3000;AUTRES ACTIVITES POUR LES JEUNES
2013;F;D;6256;823;3000;ESPACES VERTS URBAINS
2013;F;D;6257;20;13000;ADMINISTRATION GENERALE DE LA COLLECTIVITE
2013;F;D;6257;23;0;INFORMATION, COMMUNICATION, PUBLICITE
2013;F;D;6257;25;10000;AIDES AUX ASSOCIATIONS (NON CLASSEES AILLEURS)
2013;F;D;6257;48;3000;AUTRES ACTIONS DE COOPERATION DECENTRALISEE
2013;F;D;6257;213;300;CLASSES REGROUPEES
2013;F;D;6257;30;70000;SERVICES COMMUNS
2013;F;D;6257;313;15000;THEATRES
2013;F;D;6257;314;10000;CINEMAS ET AUTRES SALLES DE SPECTACLES
2013;F;D;6257;322;100000;MUSEES
2013;F;D;6257;422;14000;AUTRES ACTIVITES POUR LES JEUNES
2013;F;D;6257;520;0;SERVICES COMMUNS
2013;F;D;6261;20;420260;ADMINISTRATION GENERALE DE LA COLLECTIVITE
2013;F;D;6261;22;1000;ADMINISTRATION GENERALE DE L'ETAT
2013;F;D;6261;48;400;AUTRES ACTIONS DE COOPERATION DECENTRALISEE
2013;F;D;6261;820;0;SERVICES COMMUNS
2013;F;D;6261;823;100;ESPACES VERTS URBAINS
2013;F;D;6262;20;392000;ADMINISTRATION GENERALE DE LA COLLECTIVITE
2013;F;D;6262;48;130;AUTRES ACTIONS DE COOPERATION DECENTRALISEE
2013;F;D;6262;112;90000;POLICE MUNICIPALE
2013;F;D;6262;213;30000;CLASSES REGROUPEES
2013;F;D;6262;33;6000;ACTION CULTURELLE
2013;F;D;6262;422;70000;AUTRES ACTIVITES POUR LES JEUNES
2013;F;D;6262;64;28000;CRECHES ET GARDERIES
2013;F;D;627;20;500;ADMINISTRATION GENERALE DE LA COLLECTIVITE
2013;F;D;627;26;200;CIMETIERES ET POMPES FUNEBRES
2013;F;D;627;48;50;AUTRES ACTIONS DE COOPERATION DECENTRALISEE
2013;F;D;627;112;20400;POLICE MUNICIPALE
2013;F;D;627;251;8000;HEBERGEMENT ET RESTAURATION SCOLAIRE
2013;F;D;627;30;80;SERVICES COMMUNS
2013;F;D;627;313;150;THEATRES
2013;F;D;627;421;200;CENTRES DE LOISIRS
2013;F;D;627;422;300;AUTRES ACTIVITES POUR LES JEUNES
2013;F;D;627;64;8000;CRECHES ET GARDERIES
2013;F;D;627;823;3500;ESPACES VERTS URBAINS
2013;F;D;6281;20;88290;ADMINISTRATION GENERALE DE LA COLLECTIVITE
2013;F;D;6281;48;23840;AUTRES ACTIONS DE COOPERATION DECENTRALISEE
2013;F;D;6281;112;8506;POLICE MUNICIPALE
2013;F;D;6281;12;1167;HYGIENE ET SALUBRITE PUBLIQUE
2013;F;D;6281;211;715;ECOLES MATERNELLES
2013;F;D;6281;30;1575;SERVICES COMMUNS
2013;F;D;6281;314;0;CINEMAS ET AUTRES SALLES DE SPECTACLES
2013;F;D;6281;323;320;ARCHIVES
2013;F;D;6281;520;62450;SERVICES COMMUNS
2013;F;D;6281;813;2100;PROPRETE URBAINE
2013;F;D;6281;816;240;AUTRES RESEAUX ET SERVICES DIVERS
2013;F;D;6281;823;39126;ESPACES VERTS URBAINS
2013;F;D;6281;824;5300;AUTRES OPERATIONS D'AMENAGEMENT URBAIN
2013;F;D;6281;832;16832;ACTIONS SPECIFIQUES DE LUTTE CONTRE LA POLLUTION
2013;F;D;6282;20;412850;ADMINISTRATION GENERALE DE LA COLLECTIVITE
2013;F;D;6282;24;52600;FETES ET CEREMONIES
2013;F;D;6282;26;200;CIMETIERES ET POMPES FUNEBRES
2013;F;D;6282;48;6000;AUTRES ACTIONS DE COOPERATION DECENTRALISEE
2013;F;D;6282;112;9000;POLICE MUNICIPALE
2013;F;D;6282;211;32487;ECOLES MATERNELLES
2013;F;D;6282;212;23887;ECOLES PRIMAIRES
2013;F;D;6282;251;400;HEBERGEMENT ET RESTAURATION SCOLAIRE
2013;F;D;6282;30;300000;SERVICES COMMUNS
2013;F;D;6282;313;19000;THEATRES
2013;F;D;6282;322;0;MUSEES
2013;F;D;6282;323;480;ARCHIVES
2013;F;D;6282;411;10850;SALLES DE SPORT, GYMNASES
2013;F;D;6282;421;250;CENTRES DE LOISIRS
2013;F;D;6282;422;26185;AUTRES ACTIVITES POUR LES JEUNES
2013;F;D;6282;520;0;SERVICES COMMUNS
2013;F;D;6282;64;13000;CRECHES ET GARDERIES
2013;F;D;6282;814;0;ECLAIRAGE PUBLIC
2013;F;D;6282;823;205000;ESPACES VERTS URBAINS
2013;F;D;6282;824;300;AUTRES OPERATIONS D'AMENAGEMENT URBAIN
2013;F;D;6282;90;7354;INTERVENTIONS ECONOMIQUES
2013;F;D;6282;91;220000;FOIRES ET MARCHES
2013;F;D;6283;20;170120;ADMINISTRATION GENERALE DE LA COLLECTIVITE
2013;F;D;6283;48;3000;AUTRES ACTIONS DE COOPERATION DECENTRALISEE
2013;F;D;6283;211;4777;ECOLES MATERNELLES
2013;F;D;6283;212;4778;ECOLES PRIMAIRES
2013;F;D;6283;251;6100;HEBERGEMENT ET RESTAURATION SCOLAIRE
2013;F;D;6283;30;7000;SERVICES COMMUNS
2013;F;D;6283;421;0;CENTRES DE LOISIRS
2013;F;D;6283;422;12100;AUTRES ACTIVITES POUR LES JEUNES
2013;F;D;6283;91;50000;FOIRES ET MARCHES
2013;F;D;6284;212;0;ECOLES PRIMAIRES
2013;F;D;6284;813;562000;PROPRETE URBAINE
2013;F;D;62878;20;23000;ADMINISTRATION GENERALE DE LA COLLECTIVITE
2013;F;D;62878;26;98000;CIMETIERES ET POMPES FUNEBRES
2013;F;D;62878;30;185000;SERVICES COMMUNS
2013;F;D;62878;313;50;THEATRES
2013;F;D;62878;323;73125;ARCHIVES
2013;F;D;62878;64;0;CRECHES ET GARDERIES
2013;F;D;62878;823;0;ESPACES VERTS URBAINS
2013;F;D;6288;20;48500;ADMINISTRATION GENERALE DE LA COLLECTIVITE
2013;F;D;6288;26;0;CIMETIERES ET POMPES FUNEBRES
2013;F;D;6288;415;900;MANIFESTATIONS SPORTIVES
2013;F;D;6288;823;5000;ESPACES VERTS URBAINS
2013;F;D;6331;20;259875;ADMINISTRATION GENERALE DE LA COLLECTIVITE
2013;F;D;6331;21;15122;ASSEMBLEE LOCALE
2013;F;D;6331;22;48362;ADMINISTRATION GENERALE DE L'ETAT
2013;F;D;6331;23;24665;INFORMATION, COMMUNICATION, PUBLICITE
2013;F;D;6331;24;10457;FETES ET CEREMONIES
2013;F;D;6331;48;6075;AUTRES ACTIONS DE COOPERATION DECENTRALISEE
2013;F;D;6331;112;75351;POLICE MUNICIPALE
2013;F;D;6331;12;11456;HYGIENE ET SALUBRITE PUBLIQUE
2013;F;D;6331;211;116329;ECOLES MATERNELLES
2013;F;D;6331;212;343088;ECOLES PRIMAIRES
2013;F;D;6331;251;36911;HEBERGEMENT ET RESTAURATION SCOLAIRE
2013;F;D;6331;30;16577;SERVICES COMMUNS
2013;F;D;6331;312;8851;ARTS PLASTIQUES ET AUTRES ACTIVITES ARTISTIQUES
2013;F;D;6331;313;7000;THEATRES
2013;F;D;6331;323;9439;ARCHIVES
2013;F;D;6331;40;3856;SERVICES COMMUNS
2013;F;D;6331;411;20552;SALLES DE SPORT, GYMNASES
2013;F;D;6331;412;31661;STADES
2013;F;D;6331;421;2908;CENTRES DE LOISIRS
2013;F;D;6331;422;93869;AUTRES ACTIVITES POUR LES JEUNES
2013;F;D;6331;64;248255;CRECHES ET GARDERIES
2013;F;D;6331;810;5524;SERVICES COMMUNS
2013;F;D;6331;814;10932;ECLAIRAGE PUBLIC
2013;F;D;6331;816;5927;AUTRES RESEAUX ET SERVICES DIVERS
2013;F;D;6331;820;35798;SERVICES COMMUNS
2013;F;D;6331;821;15934;EQUIPEMENTS DE VOIRIE
2013;F;D;6331;822;84233;VOIRIE COMMUNALE ET ROUTES
2013;F;D;6331;823;107310;ESPACES VERTS URBAINS
2013;F;D;6331;824;4154;AUTRES OPERATIONS D'AMENAGEMENT URBAIN
2013;F;D;6331;91;12017;FOIRES ET MARCHES
2013;F;D;6336;20;840186;ADMINISTRATION GENERALE DE LA COLLECTIVITE
2013;F;D;63512;20;996100;ADMINISTRATION GENERALE DE LA COLLECTIVITE
2013;F;D;6355;20;18620;ADMINISTRATION GENERALE DE LA COLLECTIVITE
2013;F;D;6355;422;500;AUTRES ACTIVITES POUR LES JEUNES
2013;F;D;637;;102275;
2013;F;D;637;20;15000;ADMINISTRATION GENERALE DE LA COLLECTIVITE
2013;F;D;637;22;100;ADMINISTRATION GENERALE DE L'ETAT
2013;F;D;637;23;5000;INFORMATION, COMMUNICATION, PUBLICITE
2013;F;D;637;25;0;AIDES AUX ASSOCIATIONS (NON CLASSEES AILLEURS)
2013;F;D;637;211;100;ECOLES MATERNELLES
2013;F;D;637;30;20000;SERVICES COMMUNS
2013;F;D;637;313;39000;THEATRES
2013;F;D;637;314;20000;CINEMAS ET AUTRES SALLES DE SPECTACLES
2013;F;D;637;322;45000;MUSEES
2013;F;D;637;40;1800;SERVICES COMMUNS
2013;F;D;637;422;950;AUTRES ACTIVITES POUR LES JEUNES
2013;F;D;637;821;50;EQUIPEMENTS DE VOIRIE
2013;F;D;637;823;100;ESPACES VERTS URBAINS
2013;F;D;64111;20;11375777;ADMINISTRATION GENERALE DE LA COLLECTIVITE
2013;F;D;64111;21;698059;ASSEMBLEE LOCALE
2013;F;D;64111;22;2265922;ADMINISTRATION GENERALE DE L'ETAT
2013;F;D;64111;23;646508;INFORMATION, COMMUNICATION, PUBLICITE
2013;F;D;64111;24;513038;FETES ET CEREMONIES
2013;F;D;64111;48;167090;AUTRES ACTIONS DE COOPERATION DECENTRALISEE
2013;F;D;64111;112;3680369;POLICE MUNICIPALE
2013;F;D;64111;12;483473;HYGIENE ET SALUBRITE PUBLIQUE
2013;F;D;64111;211;6017318;ECOLES MATERNELLES
2013;F;D;64111;212;15933034;ECOLES PRIMAIRES
2013;F;D;64111;251;1631885;HEBERGEMENT ET RESTAURATION SCOLAIRE
2013;F;D;64111;30;683050;SERVICES COMMUNS
2013;F;D;64111;312;395332;ARTS PLASTIQUES ET AUTRES ACTIVITES ARTISTIQUES
2013;F;D;64111;313;105000;THEATRES
2013;F;D;64111;323;480732;ARCHIVES
2013;F;D;64111;40;126015;SERVICES COMMUNS
2013;F;D;64111;411;990685;SALLES DE SPORT, GYMNASES
2013;F;D;64111;412;1552999;STADES
2013;F;D;64111;421;132916;CENTRES DE LOISIRS
2013;F;D;64111;422;3021484;AUTRES ACTIVITES POUR LES JEUNES
2013;F;D;64111;520;0;SERVICES COMMUNS
2013;F;D;64111;64;9962193;CRECHES ET GARDERIES
2013;F;D;64111;810;190772;SERVICES COMMUNS
2013;F;D;64111;814;526664;ECLAIRAGE PUBLIC
2013;F;D;64111;816;296786;AUTRES RESEAUX ET SERVICES DIVERS
2013;F;D;64111;820;1575667;SERVICES COMMUNS
2013;F;D;64111;821;777292;EQUIPEMENTS DE VOIRIE
2013;F;D;64111;822;4229972;VOIRIE COMMUNALE ET ROUTES
2013;F;D;64111;823;5204193;ESPACES VERTS URBAINS
2013;F;D;64111;824;167359;AUTRES OPERATIONS D'AMENAGEMENT URBAIN
2013;F;D;64111;91;583198;FOIRES ET MARCHES
2013;F;D;64112;20;373394;ADMINISTRATION GENERALE DE LA COLLECTIVITE
2013;F;D;64112;21;14400;ASSEMBLEE LOCALE
2013;F;D;64112;22;114501;ADMINISTRATION GENERALE DE L'ETAT
2013;F;D;64112;23;19303;INFORMATION, COMMUNICATION, PUBLICITE
2013;F;D;64112;24;17819;FETES ET CEREMONIES
2013;F;D;64112;48;7375;AUTRES ACTIONS DE COOPERATION DECENTRALISEE
2013;F;D;64112;112;214232;POLICE MUNICIPALE
2013;F;D;64112;12;14878;HYGIENE ET SALUBRITE PUBLIQUE
2013;F;D;64112;211;212364;ECOLES MATERNELLES
2013;F;D;64112;212;528710;ECOLES PRIMAIRES
2013;F;D;64112;251;62330;HEBERGEMENT ET RESTAURATION SCOLAIRE
2013;F;D;64112;30;12239;SERVICES COMMUNS
2013;F;D;64112;312;9287;ARTS PLASTIQUES ET AUTRES ACTIVITES ARTISTIQUES
2013;F;D;64112;313;5000;THEATRES
2013;F;D;64112;323;10705;ARCHIVES
2013;F;D;64112;40;7516;SERVICES COMMUNS
2013;F;D;64112;411;39202;SALLES DE SPORT, GYMNASES
2013;F;D;64112;412;64868;STADES
2013;F;D;64112;421;2310;CENTRES DE LOISIRS
2013;F;D;64112;422;92919;AUTRES ACTIVITES POUR LES JEUNES
2013;F;D;64112;64;310119;CRECHES ET GARDERIES
2013;F;D;64112;810;7142;SERVICES COMMUNS
2013;F;D;64112;814;9292;ECLAIRAGE PUBLIC
2013;F;D;64112;816;10193;AUTRES RESEAUX ET SERVICES DIVERS
2013;F;D;64112;820;27814;SERVICES COMMUNS
2013;F;D;64112;821;26595;EQUIPEMENTS DE VOIRIE
2013;F;D;64112;822;185985;VOIRIE COMMUNALE ET ROUTES
2013;F;D;64112;823;184191;ESPACES VERTS URBAINS
2013;F;D;64112;824;2554;AUTRES OPERATIONS D'AMENAGEMENT URBAIN
2013;F;D;64112;91;33015;FOIRES ET MARCHES
2013;F;D;64118;20;3850072;ADMINISTRATION GENERALE DE LA COLLECTIVITE
2013;F;D;64118;21;267975;ASSEMBLEE LOCALE
2013;F;D;64118;22;533542;ADMINISTRATION GENERALE DE L'ETAT
2013;F;D;64118;23;243860;INFORMATION, COMMUNICATION, PUBLICITE
2013;F;D;64118;24;390258;FETES ET CEREMONIES
2013;F;D;64118;48;79500;AUTRES ACTIONS DE COOPERATION DECENTRALISEE
2013;F;D;64118;112;1682731;POLICE MUNICIPALE
2013;F;D;64118;12;178238;HYGIENE ET SALUBRITE PUBLIQUE
2013;F;D;64118;211;1203347;ECOLES MATERNELLES
2013;F;D;64118;212;3062494;ECOLES PRIMAIRES
2013;F;D;64118;251;343483;HEBERGEMENT ET RESTAURATION SCOLAIRE
2013;F;D;64118;30;146829;SERVICES COMMUNS
2013;F;D;64118;312;195081;ARTS PLASTIQUES ET AUTRES ACTIVITES ARTISTIQUES
2013;F;D;64118;313;50000;THEATRES
2013;F;D;64118;323;109676;ARCHIVES
2013;F;D;64118;40;33762;SERVICES COMMUNS
2013;F;D;64118;411;241437;SALLES DE SPORT, GYMNASES
2013;F;D;64118;412;408136;STADES
2013;F;D;64118;421;28820;CENTRES DE LOISIRS
2013;F;D;64118;422;789235;AUTRES ACTIVITES POUR LES JEUNES
2013;F;D;64118;520;0;SERVICES COMMUNS
2013;F;D;64118;64;2206384;CRECHES ET GARDERIES
2013;F;D;64118;810;66554;SERVICES COMMUNS
2013;F;D;64118;814;248456;ECLAIRAGE PUBLIC
2013;F;D;64118;816;108944;AUTRES RESEAUX ET SERVICES DIVERS
2013;F;D;64118;820;503403;SERVICES COMMUNS
2013;F;D;64118;821;448400;EQUIPEMENTS DE VOIRIE
2013;F;D;64118;822;1305028;VOIRIE COMMUNALE ET ROUTES
2013;F;D;64118;823;1555135;ESPACES VERTS URBAINS
2013;F;D;64118;824;38060;AUTRES OPERATIONS D'AMENAGEMENT URBAIN
2013;F;D;64118;91;288786;FOIRES ET MARCHES
2013;F;D;64131;20;2184683;ADMINISTRATION GENERALE DE LA COLLECTIVITE
2013;F;D;64131;21;65825;ASSEMBLEE LOCALE
2013;F;D;64131;22;201514;ADMINISTRATION GENERALE DE L'ETAT
2013;F;D;64131;23;607735;INFORMATION, COMMUNICATION, PUBLICITE
2013;F;D;64131;24;50160;FETES ET CEREMONIES
2013;F;D;64131;48;168438;AUTRES ACTIONS DE COOPERATION DECENTRALISEE
2013;F;D;64131;112;124074;POLICE MUNICIPALE
2013;F;D;64131;12;70407;HYGIENE ET SALUBRITE PUBLIQUE
2013;F;D;64131;211;30462;ECOLES MATERNELLES
2013;F;D;64131;212;3140446;ECOLES PRIMAIRES
2013;F;D;64131;251;249644;HEBERGEMENT ET RESTAURATION SCOLAIRE
2013;F;D;64131;30;506377;SERVICES COMMUNS
2013;F;D;64131;312;53023;ARTS PLASTIQUES ET AUTRES ACTIVITES ARTISTIQUES
2013;F;D;64131;313;105000;THEATRES
2013;F;D;64131;323;21297;ARCHIVES
2013;F;D;64131;40;33177;SERVICES COMMUNS
2013;F;D;64131;411;40836;SALLES DE SPORT, GYMNASES
2013;F;D;64131;412;16769;STADES
2013;F;D;64131;421;9129;CENTRES DE LOISIRS
2013;F;D;64131;422;1702176;AUTRES ACTIVITES POUR LES JEUNES
2013;F;D;64131;64;2997092;CRECHES ET GARDERIES
2013;F;D;64131;810;80429;SERVICES COMMUNS
2013;F;D;64131;814;41969;ECLAIRAGE PUBLIC
2013;F;D;64131;816;0;AUTRES RESEAUX ET SERVICES DIVERS
2013;F;D;64131;820;212751;SERVICES COMMUNS
2013;F;D;64131;821;68938;EQUIPEMENTS DE VOIRIE
2013;F;D;64131;822;88795;VOIRIE COMMUNALE ET ROUTES
2013;F;D;64131;823;584615;ESPACES VERTS URBAINS
2013;F;D;64131;824;1005;AUTRES OPERATIONS D'AMENAGEMENT URBAIN
2013;F;D;64131;91;20516;FOIRES ET MARCHES
2013;F;D;64162;211;0;ECOLES MATERNELLES
2013;F;D;6451;20;2696964;ADMINISTRATION GENERALE DE LA COLLECTIVITE
2013;F;D;6451;21;148158;ASSEMBLEE LOCALE
2013;F;D;6451;22;479517;ADMINISTRATION GENERALE DE L'ETAT
2013;F;D;6451;23;302103;INFORMATION, COMMUNICATION, PUBLICITE
2013;F;D;6451;24;103584;FETES ET CEREMONIES
2013;F;D;6451;48;74001;AUTRES ACTIONS DE COOPERATION DECENTRALISEE
2013;F;D;6451;112;721647;POLICE MUNICIPALE
2013;F;D;6451;12;111681;HYGIENE ET SALUBRITE PUBLIQUE
2013;F;D;6451;211;1097324;ECOLES MATERNELLES
2013;F;D;6451;212;3579355;ECOLES PRIMAIRES
2013;F;D;6451;251;379845;HEBERGEMENT ET RESTAURATION SCOLAIRE
2013;F;D;6451;30;222448;SERVICES COMMUNS
2013;F;D;6451;312;89460;ARTS PLASTIQUES ET AUTRES ACTIVITES ARTISTIQUES
2013;F;D;6451;313;60000;THEATRES
2013;F;D;6451;323;92053;ARCHIVES
2013;F;D;6451;40;34319;SERVICES COMMUNS
2013;F;D;6451;411;195174;SALLES DE SPORT, GYMNASES
2013;F;D;6451;412;292378;STADES
2013;F;D;6451;421;27399;CENTRES DE LOISIRS
2013;F;D;6451;422;1145420;AUTRES ACTIVITES POUR LES JEUNES
2013;F;D;6451;520;0;SERVICES COMMUNS
2013;F;D;6451;64;2711375;CRECHES ET GARDERIES
2013;F;D;6451;810;62183;SERVICES COMMUNS
2013;F;D;6451;814;108933;ECLAIRAGE PUBLIC
2013;F;D;6451;816;54731;AUTRES RESEAUX ET SERVICES DIVERS
2013;F;D;6451;820;356011;SERVICES COMMUNS
2013;F;D;6451;821;156543;EQUIPEMENTS DE VOIRIE
2013;F;D;6451;822;800621;VOIRIE COMMUNALE ET ROUTES
2013;F;D;6451;823;1075474;ESPACES VERTS URBAINS
2013;F;D;6451;824;30881;AUTRES OPERATIONS D'AMENAGEMENT URBAIN
2013;F;D;6451;91;112993;FOIRES ET MARCHES
2013;F;D;6453;20;3306987;ADMINISTRATION GENERALE DE LA COLLECTIVITE
2013;F;D;6453;21;197776;ASSEMBLEE LOCALE
2013;F;D;6453;22;650425;ADMINISTRATION GENERALE DE L'ETAT
2013;F;D;6453;23;207137;INFORMATION, COMMUNICATION, PUBLICITE
2013;F;D;6453;24;140762;FETES ET CEREMONIES
2013;F;D;6453;48;52439;AUTRES ACTIONS DE COOPERATION DECENTRALISEE
2013;F;D;6453;112;1081264;POLICE MUNICIPALE
2013;F;D;6453;12;137607;HYGIENE ET SALUBRITE PUBLIQUE
2013;F;D;6453;211;1756900;ECOLES MATERNELLES
2013;F;D;6453;212;4398280;ECOLES PRIMAIRES
2013;F;D;6453;251;468146;HEBERGEMENT ET RESTAURATION SCOLAIRE
2013;F;D;6453;30;167408;SERVICES COMMUNS
2013;F;D;6453;312;112383;ARTS PLASTIQUES ET AUTRES ACTIVITES ARTISTIQUES
2013;F;D;6453;313;40000;THEATRES
2013;F;D;6453;323;138440;ARCHIVES
2013;F;D;6453;40;36629;SERVICES COMMUNS
2013;F;D;6453;411;279416;SALLES DE SPORT, GYMNASES
2013;F;D;6453;412;451417;STADES
2013;F;D;6453;421;37403;CENTRES DE LOISIRS
2013;F;D;6453;422;876091;AUTRES ACTIVITES POUR LES JEUNES
2013;F;D;6453;520;0;SERVICES COMMUNS
2013;F;D;6453;64;2817713;CRECHES ET GARDERIES
2013;F;D;6453;810;60121;SERVICES COMMUNS
2013;F;D;6453;814;147157;ECLAIRAGE PUBLIC
2013;F;D;6453;816;83335;AUTRES RESEAUX ET SERVICES DIVERS
2013;F;D;6453;820;470676;SERVICES COMMUNS
2013;F;D;6453;821;214965;EQUIPEMENTS DE VOIRIE
2013;F;D;6453;822;1195455;VOIRIE COMMUNALE ET ROUTES
2013;F;D;6453;823;1433353;ESPACES VERTS URBAINS
2013;F;D;6453;824;47121;AUTRES OPERATIONS D'AMENAGEMENT URBAIN
2013;F;D;6453;91;162421;FOIRES ET MARCHES
2013;F;D;6456;20;105428;ADMINISTRATION GENERALE DE LA COLLECTIVITE
2013;F;D;64731;20;98077;ADMINISTRATION GENERALE DE LA COLLECTIVITE
2013;F;D;64731;21;0;ASSEMBLEE LOCALE
2013;F;D;64731;22;5800;ADMINISTRATION GENERALE DE L'ETAT
2013;F;D;64731;23;23500;INFORMATION, COMMUNICATION, PUBLICITE
2013;F;D;64731;48;37100;AUTRES ACTIONS DE COOPERATION DECENTRALISEE
2013;F;D;64731;112;0;POLICE MUNICIPALE
2013;F;D;64731;12;11500;HYGIENE ET SALUBRITE PUBLIQUE
2013;F;D;64731;211;0;ECOLES MATERNELLES
2013;F;D;64731;212;174000;ECOLES PRIMAIRES
2013;F;D;64731;251;12000;HEBERGEMENT ET RESTAURATION SCOLAIRE
2013;F;D;64731;30;2000;SERVICES COMMUNS
2013;F;D;64731;312;2000;ARTS PLASTIQUES ET AUTRES ACTIVITES ARTISTIQUES
2013;F;D;64731;313;1000;THEATRES
2013;F;D;64731;323;30500;ARCHIVES
2013;F;D;64731;411;0;SALLES DE SPORT, GYMNASES
2013;F;D;64731;412;0;STADES
2013;F;D;64731;421;0;CENTRES DE LOISIRS
2013;F;D;64731;422;0;AUTRES ACTIVITES POUR LES JEUNES
2013;F;D;64731;64;50000;CRECHES ET GARDERIES
2013;F;D;64731;820;0;SERVICES COMMUNS
2013;F;D;64731;822;0;VOIRIE COMMUNALE ET ROUTES
2013;F;D;64731;823;24555;ESPACES VERTS URBAINS
2013;F;D;64731;91;0;FOIRES ET MARCHES
2013;F;D;6475;20;358770;ADMINISTRATION GENERALE DE LA COLLECTIVITE
2013;F;D;64831;20;0;ADMINISTRATION GENERALE DE LA COLLECTIVITE
2013;F;D;64831;21;0;ASSEMBLEE LOCALE
2013;F;D;64831;22;0;ADMINISTRATION GENERALE DE L'ETAT
2013;F;D;64831;211;0;ECOLES MATERNELLES
2013;F;D;64831;40;0;SERVICES COMMUNS
2013;F;D;64831;64;0;CRECHES ET GARDERIES
2013;F;D;64831;816;0;AUTRES RESEAUX ET SERVICES DIVERS
2013;F;D;64831;822;0;VOIRIE COMMUNALE ET ROUTES
2013;F;D;64831;91;0;FOIRES ET MARCHES
2013;F;D;6488;20;766378;ADMINISTRATION GENERALE DE LA COLLECTIVITE
2013;F;D;6488;21;52879;ASSEMBLEE LOCALE
2013;F;D;6488;22;152751;ADMINISTRATION GENERALE DE L'ETAT
2013;F;D;6488;23;49847;INFORMATION, COMMUNICATION, PUBLICITE
2013;F;D;6488;24;26036;FETES ET CEREMONIES
2013;F;D;6488;48;8493;AUTRES ACTIONS DE COOPERATION DECENTRALISEE
2013;F;D;6488;112;233019;POLICE MUNICIPALE
2013;F;D;6488;12;27589;HYGIENE ET SALUBRITE PUBLIQUE
2013;F;D;6488;211;22401;ECOLES MATERNELLES
2013;F;D;6488;212;410549;ECOLES PRIMAIRES
2013;F;D;6488;251;449;HEBERGEMENT ET RESTAURATION SCOLAIRE
2013;F;D;6488;30;38617;SERVICES COMMUNS
2013;F;D;6488;312;27766;ARTS PLASTIQUES ET AUTRES ACTIVITES ARTISTIQUES
2013;F;D;6488;313;15000;THEATRES
2013;F;D;6488;323;30742;ARCHIVES
2013;F;D;6488;40;7142;SERVICES COMMUNS
2013;F;D;6488;411;73730;SALLES DE SPORT, GYMNASES
2013;F;D;6488;412;92878;STADES
2013;F;D;6488;421;4804;CENTRES DE LOISIRS
2013;F;D;6488;422;235946;AUTRES ACTIVITES POUR LES JEUNES
2013;F;D;6488;520;0;SERVICES COMMUNS
2013;F;D;6488;64;783446;CRECHES ET GARDERIES
2013;F;D;6488;810;13360;SERVICES COMMUNS
2013;F;D;6488;814;32137;ECLAIRAGE PUBLIC
2013;F;D;6488;816;12492;AUTRES RESEAUX ET SERVICES DIVERS
2013;F;D;6488;820;85575;SERVICES COMMUNS
2013;F;D;6488;821;43135;EQUIPEMENTS DE VOIRIE
2013;F;D;6488;822;255350;VOIRIE COMMUNALE ET ROUTES
2013;F;D;6488;823;313069;ESPACES VERTS URBAINS
2013;F;D;6488;824;8522;AUTRES OPERATIONS D'AMENAGEMENT URBAIN
2013;F;D;6488;91;33672;FOIRES ET MARCHES
2013;F;D;6531;21;1060955;ASSEMBLEE LOCALE
2013;F;D;6532;21;35000;ASSEMBLEE LOCALE
2013;F;D;6532;48;30000;AUTRES ACTIONS DE COOPERATION DECENTRALISEE
2013;F;D;6532;90;25000;INTERVENTIONS ECONOMIQUES
2013;F;D;6533;21;74862;ASSEMBLEE LOCALE
2013;F;D;6535;21;35300;ASSEMBLEE LOCALE
2013;F;D;6541;;300000;
2013;F;D;6554;12;265400;HYGIENE ET SALUBRITE PUBLIQUE
2013;F;D;6558;212;1900;ECOLES PRIMAIRES
2013;F;D;6561;;106458;
2013;F;D;65733;520;225000;SERVICES COMMUNS
2013;F;D;657361;213;172000;CLASSES REGROUPEES
2013;F;D;657362;520;12557000;SERVICES COMMUNS
2013;F;D;65738;824;196024;AUTRES OPERATIONS D'AMENAGEMENT URBAIN
2013;F;D;6574;20;881369;ADMINISTRATION GENERALE DE LA COLLECTIVITE
2013;F;D;6574;25;306462;AIDES AUX ASSOCIATIONS (NON CLASSEES AILLEURS)
2013;F;D;6574;48;261456;AUTRES ACTIONS DE COOPERATION DECENTRALISEE
2013;F;D;6574;211;709670;ECOLES MATERNELLES
2013;F;D;6574;212;1116520;ECOLES PRIMAIRES
2013;F;D;6574;213;513562;CLASSES REGROUPEES
2013;F;D;6574;30;2069644;SERVICES COMMUNS
2013;F;D;6574;40;1842165;SERVICES COMMUNS
2013;F;D;6574;422;128456;AUTRES ACTIVITES POUR LES JEUNES
2013;F;D;6574;520;1074676;SERVICES COMMUNS
2013;F;D;6574;524;44918;AUTRES SERVICES
2013;F;D;6574;823;10000;ESPACES VERTS URBAINS
2013;F;D;6574;824;99089;AUTRES OPERATIONS D'AMENAGEMENT URBAIN
2013;F;D;6574;832;6000;ACTIONS SPECIFIQUES DE LUTTE CONTRE LA POLLUTION
2013;F;D;6574;833;16603;PRESERVATION DU MILIEU NATUREL
2013;F;D;6574;90;75095;INTERVENTIONS ECONOMIQUES
2013;F;D;6574;95;2145000;AIDES AU TOURISME
2013;F;D;658;20;1410831;ADMINISTRATION GENERALE DE LA COLLECTIVITE
2013;F;D;658;12;10000;HYGIENE ET SALUBRITE PUBLIQUE
2013;F;D;658;211;25000;ECOLES MATERNELLES
2013;F;D;658;30;25000;SERVICES COMMUNS
2013;F;D;658;313;50;THEATRES
2013;F;D;658;411;50000;SALLES DE SPORT, GYMNASES
2013;F;D;658;421;300;CENTRES DE LOISIRS
2013;F;D;658;422;2500;AUTRES ACTIVITES POUR LES JEUNES
2013;F;D;658;520;185000;SERVICES COMMUNS
2013;F;D;658;64;536000;CRECHES ET GARDERIES
2013;F;D;658;822;817000;VOIRIE COMMUNALE ET ROUTES
2013;F;D;658;91;30000;FOIRES ET MARCHES
2013;F;D;66111;;8000000;
2013;F;D;66112;;390000;
2013;F;D;6615;;250000;
2013;F;D;668;;100000;
2013;F;D;6711;20;0;ADMINISTRATION GENERALE DE LA COLLECTIVITE
2013;F;D;6712;20;654;ADMINISTRATION GENERALE DE LA COLLECTIVITE
2013;F;D;6713;48;1000;AUTRES ACTIONS DE COOPERATION DECENTRALISEE
2013;F;D;6713;520;30000;SERVICES COMMUNS
2013;F;D;6714;48;21000;AUTRES ACTIONS DE COOPERATION DECENTRALISEE
2013;F;D;6714;422;18390;AUTRES ACTIVITES POUR LES JEUNES
2013;F;D;6718;20;30721;ADMINISTRATION GENERALE DE LA COLLECTIVITE
2013;F;D;6718;48;0;AUTRES ACTIONS DE COOPERATION DECENTRALISEE
2013;F;D;6718;422;0;AUTRES ACTIVITES POUR LES JEUNES
2013;F;D;673;;500000;
2013;F;D;678;;47800;
2013;F;D;678;20;200;ADMINISTRATION GENERALE DE LA COLLECTIVITE
2013;F;D;678;26;0;CIMETIERES ET POMPES FUNEBRES
2013;F;D;678;251;5500;HEBERGEMENT ET RESTAURATION SCOLAIRE
2013;F;D;678;311;150000;EXPRESSION MUSICALE, LYRIQUE ET CHOREGRAPHIQUE
2013;F;D;678;422;0;AUTRES ACTIVITES POUR LES JEUNES
2013;F;D;678;64;4000;CRECHES ET GARDERIES
2013;F;D;678;822;0;VOIRIE COMMUNALE ET ROUTES
2013;F;D;678;823;1000;ESPACES VERTS URBAINS
2013;F;D;6811;;14457688,12;
2013;F;D;739113;;6141200;
2013;F;D;73921;;0;
2013;F;R;6419;20;100000;ADMINISTRATION GENERALE DE LA COLLECTIVITE
2013;F;R;6419;313;0;THEATRES
2013;F;R;6419;421;0;CENTRES DE LOISIRS
2013;F;R;6419;422;0;AUTRES ACTIVITES POUR LES JEUNES
2013;F;R;6459;20;10000;ADMINISTRATION GENERALE DE LA COLLECTIVITE
2013;F;R;70311;26;476151;CIMETIERES ET POMPES FUNEBRES
2013;F;R;70312;26;87837;CIMETIERES ET POMPES FUNEBRES
2013;F;R;70321;112;25000;POLICE MUNICIPALE
2013;F;R;70321;822;50000;VOIRIE COMMUNALE ET ROUTES
2013;F;R;70321;91;60720;FOIRES ET MARCHES
2013;F;R;70323;20;2000500;ADMINISTRATION GENERALE DE LA COLLECTIVITE
2013;F;R;70323;30;3000;SERVICES COMMUNS
2013;F;R;70323;810;165000;SERVICES COMMUNS
2013;F;R;70323;821;420000;EQUIPEMENTS DE VOIRIE
2013;F;R;70323;822;2732400;VOIRIE COMMUNALE ET ROUTES
2013;F;R;70323;824;33040;AUTRES OPERATIONS D'AMENAGEMENT URBAIN
2013;F;R;70323;91;2683700;FOIRES ET MARCHES
2013;F;R;70328;91;450000;FOIRES ET MARCHES
2013;F;R;7062;30;5000;SERVICES COMMUNS
2013;F;R;7062;313;85000;THEATRES
2013;F;R;7062;314;100000;CINEMAS ET AUTRES SALLES DE SPECTACLES
2013;F;R;7062;323;1200;ARCHIVES
2013;F;R;7062;422;300000;AUTRES ACTIVITES POUR LES JEUNES
2013;F;R;70631;40;3000;SERVICES COMMUNS
2013;F;R;70631;411;188980;SALLES DE SPORT, GYMNASES
2013;F;R;70631;412;62500;STADES
2013;F;R;70631;422;4000;AUTRES ACTIVITES POUR LES JEUNES
2013;F;R;70632;422;2000;AUTRES ACTIVITES POUR LES JEUNES
2013;F;R;70632;823;400000;ESPACES VERTS URBAINS
2013;F;R;7066;20;50000;ADMINISTRATION GENERALE DE LA COLLECTIVITE
2013;F;R;7066;422;36473;AUTRES ACTIVITES POUR LES JEUNES
2013;F;R;7066;64;2950000;CRECHES ET GARDERIES
2013;F;R;7067;251;3850000;HEBERGEMENT ET RESTAURATION SCOLAIRE
2013;F;R;7067;421;661784;CENTRES DE LOISIRS
2013;F;R;70688;26;0;CIMETIERES ET POMPES FUNEBRES
2013;F;R;70688;251;180000;HEBERGEMENT ET RESTAURATION SCOLAIRE
2013;F;R;70688;823;18000;ESPACES VERTS URBAINS
2013;F;R;70841;20;30000;ADMINISTRATION GENERALE DE LA COLLECTIVITE
2013;F;R;70848;20;200000;ADMINISTRATION GENERALE DE LA COLLECTIVITE
2013;F;R;70873;20;80000;ADMINISTRATION GENERALE DE LA COLLECTIVITE
2013;F;R;70878;20;391002;ADMINISTRATION GENERALE DE LA COLLECTIVITE
2013;F;R;70878;520;40000;SERVICES COMMUNS
2013;F;R;70878;813;83720;PROPRETE URBAINE
2013;F;R;70878;814;18700;ECLAIRAGE PUBLIC
2013;F;R;70878;822;20000;VOIRIE COMMUNALE ET ROUTES
2013;F;R;7088;20;3500;ADMINISTRATION GENERALE DE LA COLLECTIVITE
2013;F;R;7088;30;40000;SERVICES COMMUNS
2013;F;R;7088;422;82700;AUTRES ACTIVITES POUR LES JEUNES
2013;F;R;73111;;178976595;
2013;F;R;7325;;731481;
2013;F;R;7337;822;4200000;VOIRIE COMMUNALE ET ROUTES
2013;F;R;7343;;50000;
2013;F;R;7351;;4310000;
2013;F;R;7362;;1000000;
2013;F;R;7368;;2150000;
2013;F;R;7381;;9200000;
2013;F;R;7411;;50300000;
2013;F;R;74123;;10400000;
2013;F;R;74127;;3700000;
2013;F;R;7413;;0;
2013;F;R;745;;8000;
2013;F;R;746;;1217973;
2013;F;R;7471;;25000;
2013;F;R;74711;;70000;
2013;F;R;74712;211;0;ECOLES MATERNELLES
2013;F;R;74718;;10000;
2013;F;R;74718;20;0;ADMINISTRATION GENERALE DE LA COLLECTIVITE
2013;F;R;74718;22;149188;ADMINISTRATION GENERALE DE L'ETAT
2013;F;R;7472;20;3089;ADMINISTRATION GENERALE DE LA COLLECTIVITE
2013;F;R;7472;313;0;THEATRES
2013;F;R;7473;;201000;
2013;F;R;7473;422;5000;AUTRES ACTIVITES POUR LES JEUNES
2013;F;R;7473;520;207000;SERVICES COMMUNS
2013;F;R;74758;;727000;
2013;F;R;7476;213;137000;CLASSES REGROUPEES
2013;F;R;7478;;10475044;
2013;F;R;7478;20;10803;ADMINISTRATION GENERALE DE LA COLLECTIVITE
2013;F;R;7478;421;850000;CENTRES DE LOISIRS
2013;F;R;7482;;20000;
2013;F;R;74833;;920000;
2013;F;R;74834;;1500000;
2013;F;R;74835;;5300000;
2013;F;R;7488;251;50000;HEBERGEMENT ET RESTAURATION SCOLAIRE
2013;F;R;752;20;1417212;ADMINISTRATION GENERALE DE LA COLLECTIVITE
2013;F;R;752;213;3870;CLASSES REGROUPEES
2013;F;R;752;30;14000;SERVICES COMMUNS
2013;F;R;752;311;19500;EXPRESSION MUSICALE, LYRIQUE ET CHOREGRAPHIQUE
2013;F;R;752;422;90000;AUTRES ACTIVITES POUR LES JEUNES
2013;F;R;752;520;23000;SERVICES COMMUNS
2013;F;R;752;822;1336448;VOIRIE COMMUNALE ET ROUTES
2013;F;R;757;20;230000;ADMINISTRATION GENERALE DE LA COLLECTIVITE
2013;F;R;757;112;50000;POLICE MUNICIPALE
2013;F;R;757;822;1967000;VOIRIE COMMUNALE ET ROUTES
2013;F;R;757;90;164000;INTERVENTIONS ECONOMIQUES
2013;F;R;757;91;240000;FOIRES ET MARCHES
2013;F;R;758;;0;
2013;F;R;758;20;658300;ADMINISTRATION GENERALE DE LA COLLECTIVITE
2013;F;R;758;21;35000;ASSEMBLEE LOCALE
2013;F;R;758;22;70000;ADMINISTRATION GENERALE DE L'ETAT
2013;F;R;758;23;26000;INFORMATION, COMMUNICATION, PUBLICITE
2013;F;R;758;24;10000;FETES ET CEREMONIES
2013;F;R;758;48;5000;AUTRES ACTIONS DE COOPERATION DECENTRALISEE
2013;F;R;758;112;128000;POLICE MUNICIPALE
2013;F;R;758;12;15000;HYGIENE ET SALUBRITE PUBLIQUE
2013;F;R;758;211;50000;ECOLES MATERNELLES
2013;F;R;758;212;300000;ECOLES PRIMAIRES
2013;F;R;758;251;1000;HEBERGEMENT ET RESTAURATION SCOLAIRE
2013;F;R;758;30;25000;SERVICES COMMUNS
2013;F;R;758;312;10000;ARTS PLASTIQUES ET AUTRES ACTIVITES ARTISTIQUES
2013;F;R;758;323;15000;ARCHIVES
2013;F;R;758;40;4000;SERVICES COMMUNS
2013;F;R;758;411;30000;SALLES DE SPORT, GYMNASES
2013;F;R;758;412;40000;STADES
2013;F;R;758;421;2000;CENTRES DE LOISIRS
2013;F;R;758;422;105800;AUTRES ACTIVITES POUR LES JEUNES
2013;F;R;758;520;0;SERVICES COMMUNS
2013;F;R;758;64;315000;CRECHES ET GARDERIES
2013;F;R;758;810;6000;SERVICES COMMUNS
2013;F;R;758;814;15000;ECLAIRAGE PUBLIC
2013;F;R;758;816;7000;AUTRES RESEAUX ET SERVICES DIVERS
2013;F;R;758;820;45000;SERVICES COMMUNS
2013;F;R;758;821;20000;EQUIPEMENTS DE VOIRIE
2013;F;R;758;822;170000;VOIRIE COMMUNALE ET ROUTES
2013;F;R;758;823;140000;ESPACES VERTS URBAINS
2013;F;R;758;824;5000;AUTRES OPERATIONS D'AMENAGEMENT URBAIN
2013;F;R;758;91;122400;FOIRES ET MARCHES
2013;F;R;761;;16000;
2013;F;R;764;;1000;
2013;F;R;7711;823;3000;ESPACES VERTS URBAINS
2013;F;R;7718;20;55500;ADMINISTRATION GENERALE DE LA COLLECTIVITE
2013;F;R;773;20;0;ADMINISTRATION GENERALE DE LA COLLECTIVITE
2013;F;R;7788;20;75100;ADMINISTRATION GENERALE DE LA COLLECTIVITE
2013;F;R;7788;22;0;ADMINISTRATION GENERALE DE L'ETAT
2013;F;R;7788;48;0;AUTRES ACTIONS DE COOPERATION DECENTRALISEE
2013;F;R;7788;251;2000;HEBERGEMENT ET RESTAURATION SCOLAIRE
2013;F;R;7788;822;390000;VOIRIE COMMUNALE ET ROUTES
2013;I;D;1321;824;25000;AUTRES OPERATIONS D'AMENAGEMENT URBAIN
2013;I;D;1343;824;0;AUTRES OPERATIONS D'AMENAGEMENT URBAIN
2013;I;D;1641;;12000000;
2013;I;D;16441;;22758728;
2013;I;D;165;;14100;
2013;I;D;16818;;31000;
2013;I;D;16878;;89800;
2013;I;D;202;20;42000;ADMINISTRATION GENERALE DE LA COLLECTIVITE
2013;I;D;202;112;0;POLICE MUNICIPALE
2013;I;D;202;821;0;EQUIPEMENTS DE VOIRIE
2013;I;D;202;824;70000;AUTRES OPERATIONS D'AMENAGEMENT URBAIN
2013;I;D;2031;20;374600;ADMINISTRATION GENERALE DE LA COLLECTIVITE
2013;I;D;2031;26;250000;CIMETIERES ET POMPES FUNEBRES
2013;I;D;2031;112;0;POLICE MUNICIPALE
2013;I;D;2031;211;75000;ECOLES MATERNELLES
2013;I;D;2031;212;85000;ECOLES PRIMAIRES
2013;I;D;2031;213;0;CLASSES REGROUPEES
2013;I;D;2031;30;500000;SERVICES COMMUNS
2013;I;D;2031;323;40000;ARCHIVES
2013;I;D;2031;324;28000;ENTRETIEN DU PATRIMOINE CULTUREL
2013;I;D;2031;411;0;SALLES DE SPORT, GYMNASES
2013;I;D;2031;412;30000;STADES
2013;I;D;2031;414;0;AUTRES EQUIPEMENTS SPORTIFS OU DE LOISIR
2013;I;D;2031;520;60000;SERVICES COMMUNS
2013;I;D;2031;64;0;CRECHES ET GARDERIES
2013;I;D;2031;814;0;ECLAIRAGE PUBLIC
2013;I;D;2031;816;0;AUTRES RESEAUX ET SERVICES DIVERS
2013;I;D;2031;821;0;EQUIPEMENTS DE VOIRIE
2013;I;D;2031;822;30000;VOIRIE COMMUNALE ET ROUTES
2013;I;D;2031;823;1904000;ESPACES VERTS URBAINS
2013;I;D;2031;824;1239600;AUTRES OPERATIONS D'AMENAGEMENT URBAIN
2013;I;D;2031;830;0;SERVICES COMMUNS
2013;I;D;2031;91;50000;FOIRES ET MARCHES
2013;I;D;2033;20;4070;ADMINISTRATION GENERALE DE LA COLLECTIVITE
2013;I;D;2033;26;0;CIMETIERES ET POMPES FUNEBRES
2013;I;D;2033;112;0;POLICE MUNICIPALE
2013;I;D;2033;212;0;ECOLES PRIMAIRES
2013;I;D;2033;213;0;CLASSES REGROUPEES
2013;I;D;2033;30;0;SERVICES COMMUNS
2013;I;D;2033;322;0;MUSEES
2013;I;D;2033;324;0;ENTRETIEN DU PATRIMOINE CULTUREL
2013;I;D;2033;411;0;SALLES DE SPORT, GYMNASES
2013;I;D;2033;412;0;STADES
2013;I;D;2033;414;0;AUTRES EQUIPEMENTS SPORTIFS OU DE LOISIR
2013;I;D;2033;816;0;AUTRES RESEAUX ET SERVICES DIVERS
2013;I;D;2033;821;1170;EQUIPEMENTS DE VOIRIE
2013;I;D;2033;822;5000;VOIRIE COMMUNALE ET ROUTES
2013;I;D;2033;823;0;ESPACES VERTS URBAINS
2013;I;D;2033;824;0;AUTRES OPERATIONS D'AMENAGEMENT URBAIN
2013;I;D;204132;824;800000;AUTRES OPERATIONS D'AMENAGEMENT URBAIN
2013;I;D;2041582;824;200000;AUTRES OPERATIONS D'AMENAGEMENT URBAIN
2013;I;D;20418;824;0;AUTRES OPERATIONS D'AMENAGEMENT URBAIN
2013;I;D;204181;824;150000;AUTRES OPERATIONS D'AMENAGEMENT URBAIN
2013;I;D;204182;824;936240;AUTRES OPERATIONS D'AMENAGEMENT URBAIN
2013;I;D;2042;824;0;AUTRES OPERATIONS D'AMENAGEMENT URBAIN
2013;I;D;20421;25;0;AIDES AUX ASSOCIATIONS (NON CLASSEES AILLEURS)
2013;I;D;20421;824;100000;AUTRES OPERATIONS D'AMENAGEMENT URBAIN
2013;I;D;20422;20;0;ADMINISTRATION GENERALE DE LA COLLECTIVITE
2013;I;D;20422;25;0;AIDES AUX ASSOCIATIONS (NON CLASSEES AILLEURS)
2013;I;D;20422;64;0;CRECHES ET GARDERIES
2013;I;D;20422;824;2828218;AUTRES OPERATIONS D'AMENAGEMENT URBAIN
2013;I;D;205;20;1200;ADMINISTRATION GENERALE DE LA COLLECTIVITE
2013;I;D;2051;20;347200;ADMINISTRATION GENERALE DE LA COLLECTIVITE
2013;I;D;2051;22;0;ADMINISTRATION GENERALE DE L'ETAT
2013;I;D;2051;23;4000;INFORMATION, COMMUNICATION, PUBLICITE
2013;I;D;2051;112;28600;POLICE MUNICIPALE
2013;I;D;2051;213;5600;CLASSES REGROUPEES
2013;I;D;2051;251;0;HEBERGEMENT ET RESTAURATION SCOLAIRE
2013;I;D;2051;323;0;ARCHIVES
2013;I;D;2051;422;10000;AUTRES ACTIVITES POUR LES JEUNES
2013;I;D;2051;520;0;SERVICES COMMUNS
2013;I;D;2051;810;0;SERVICES COMMUNS
2013;I;D;2051;820;0;SERVICES COMMUNS
2013;I;D;2051;821;13000;EQUIPEMENTS DE VOIRIE
2013;I;D;2051;822;175459;VOIRIE COMMUNALE ET ROUTES
2013;I;D;2051;823;0;ESPACES VERTS URBAINS
2013;I;D;2051;824;10000;AUTRES OPERATIONS D'AMENAGEMENT URBAIN
2013;I;D;2051;91;0;FOIRES ET MARCHES
2013;I;D;2088;20;80000;ADMINISTRATION GENERALE DE LA COLLECTIVITE
2013;I;D;2111;824;800000;AUTRES OPERATIONS D'AMENAGEMENT URBAIN
2013;I;D;2113;412;0;STADES
2013;I;D;2113;823;0;ESPACES VERTS URBAINS
2013;I;D;2115;323;2400000;ARCHIVES
2013;I;D;2115;824;0;AUTRES OPERATIONS D'AMENAGEMENT URBAIN
2013;I;D;2121;20;0;ADMINISTRATION GENERALE DE LA COLLECTIVITE
2013;I;D;2121;816;0;AUTRES RESEAUX ET SERVICES DIVERS
2013;I;D;2121;823;73600;ESPACES VERTS URBAINS
2013;I;D;2128;20;0;ADMINISTRATION GENERALE DE LA COLLECTIVITE
2013;I;D;2128;26;0;CIMETIERES ET POMPES FUNEBRES
2013;I;D;21311;20;0;ADMINISTRATION GENERALE DE LA COLLECTIVITE
2013;I;D;21312;211;0;ECOLES MATERNELLES
2013;I;D;21318;20;75000;ADMINISTRATION GENERALE DE LA COLLECTIVITE
2013;I;D;21318;91;75000;FOIRES ET MARCHES
2013;I;D;2135;20;1865503;ADMINISTRATION GENERALE DE LA COLLECTIVITE
2013;I;D;2135;48;2677;AUTRES ACTIONS DE COOPERATION DECENTRALISEE
2013;I;D;2135;251;100000;HEBERGEMENT ET RESTAURATION SCOLAIRE
2013;I;D;2135;324;0;ENTRETIEN DU PATRIMOINE CULTUREL
2013;I;D;2135;40;0;SERVICES COMMUNS
2013;I;D;2135;411;527000;SALLES DE SPORT, GYMNASES
2013;I;D;2135;422;150000;AUTRES ACTIVITES POUR LES JEUNES
2013;I;D;2135;64;0;CRECHES ET GARDERIES
2013;I;D;2135;810;0;SERVICES COMMUNS
2013;I;D;2135;816;291000;AUTRES RESEAUX ET SERVICES DIVERS
2013;I;D;2135;822;0;VOIRIE COMMUNALE ET ROUTES
2013;I;D;2135;823;0;ESPACES VERTS URBAINS
2013;I;D;2135;824;400000;AUTRES OPERATIONS D'AMENAGEMENT URBAIN
2013;I;D;2138;411;0;SALLES DE SPORT, GYMNASES
2013;I;D;2138;816;120000;AUTRES RESEAUX ET SERVICES DIVERS
2013;I;D;2138;824;800000;AUTRES OPERATIONS D'AMENAGEMENT URBAIN
2013;I;D;2151;822;1600000;VOIRIE COMMUNALE ET ROUTES
2013;I;D;21531;816;0;AUTRES RESEAUX ET SERVICES DIVERS
2013;I;D;21532;211;0;ECOLES MATERNELLES
2013;I;D;21534;821;0;EQUIPEMENTS DE VOIRIE
2013;I;D;21568;20;400;ADMINISTRATION GENERALE DE LA COLLECTIVITE
2013;I;D;21568;211;3000;ECOLES MATERNELLES
2013;I;D;21568;212;0;ECOLES PRIMAIRES
2013;I;D;21568;322;0;MUSEES
2013;I;D;21568;823;25000;ESPACES VERTS URBAINS
2013;I;D;2168;323;8000;ARCHIVES
2013;I;D;2168;324;10000;ENTRETIEN DU PATRIMOINE CULTUREL
2013;I;D;2182;20;521550;ADMINISTRATION GENERALE DE LA COLLECTIVITE
2013;I;D;2182;112;10650;POLICE MUNICIPALE
2013;I;D;2182;251;0;HEBERGEMENT ET RESTAURATION SCOLAIRE
2013;I;D;2182;814;0;ECLAIRAGE PUBLIC
2013;I;D;2182;822;0;VOIRIE COMMUNALE ET ROUTES
2013;I;D;2182;823;75000;ESPACES VERTS URBAINS
2013;I;D;2183;20;495000;ADMINISTRATION GENERALE DE LA COLLECTIVITE
2013;I;D;2183;26;2000;CIMETIERES ET POMPES FUNEBRES
2013;I;D;2183;112;342230;POLICE MUNICIPALE
2013;I;D;2183;211;80000;ECOLES MATERNELLES
2013;I;D;2183;212;145000;ECOLES PRIMAIRES
2013;I;D;2183;213;0;CLASSES REGROUPEES
2013;I;D;2183;251;0;HEBERGEMENT ET RESTAURATION SCOLAIRE
2013;I;D;2183;30;0;SERVICES COMMUNS
2013;I;D;2183;313;0;THEATRES
2013;I;D;2183;421;0;CENTRES DE LOISIRS
2013;I;D;2183;422;51000;AUTRES ACTIVITES POUR LES JEUNES
2013;I;D;2183;64;1000;CRECHES ET GARDERIES
2013;I;D;2183;810;5000;SERVICES COMMUNS
2013;I;D;2183;813;0;PROPRETE URBAINE
2013;I;D;2183;823;3000;ESPACES VERTS URBAINS
2013;I;D;2183;824;0;AUTRES OPERATIONS D'AMENAGEMENT URBAIN
2013;I;D;2183;91;0;FOIRES ET MARCHES
2013;I;D;2184;20;1105425;ADMINISTRATION GENERALE DE LA COLLECTIVITE
2013;I;D;2184;48;2677;AUTRES ACTIONS DE COOPERATION DECENTRALISEE
2013;I;D;2184;211;183000;ECOLES MATERNELLES
2013;I;D;2184;212;210745;ECOLES PRIMAIRES
2013;I;D;2184;213;0;CLASSES REGROUPEES
2013;I;D;2184;251;12000;HEBERGEMENT ET RESTAURATION SCOLAIRE
2013;I;D;2184;314;0;CINEMAS ET AUTRES SALLES DE SPECTACLES
2013;I;D;2184;322;0;MUSEES
2013;I;D;2184;324;0;ENTRETIEN DU PATRIMOINE CULTUREL
2013;I;D;2184;421;5000;CENTRES DE LOISIRS
2013;I;D;2184;422;47000;AUTRES ACTIVITES POUR LES JEUNES
2013;I;D;2184;64;23000;CRECHES ET GARDERIES
2013;I;D;2184;823;55400;ESPACES VERTS URBAINS
2013;I;D;2185;823;10000;ESPACES VERTS URBAINS
2013;I;D;2188;20;154200;ADMINISTRATION GENERALE DE LA COLLECTIVITE
2013;I;D;2188;22;1000;ADMINISTRATION GENERALE DE L'ETAT
2013;I;D;2188;23;10000;INFORMATION, COMMUNICATION, PUBLICITE
2013;I;D;2188;24;62425;FETES ET CEREMONIES
2013;I;D;2188;26;2000;CIMETIERES ET POMPES FUNEBRES
2013;I;D;2188;48;2677;AUTRES ACTIONS DE COOPERATION DECENTRALISEE
2013;I;D;2188;112;67790;POLICE MUNICIPALE
2013;I;D;2188;12;15000;HYGIENE ET SALUBRITE PUBLIQUE
2013;I;D;2188;211;80000;ECOLES MATERNELLES
2013;I;D;2188;212;56000;ECOLES PRIMAIRES
2013;I;D;2188;213;8000;CLASSES REGROUPEES
2013;I;D;2188;251;64000;HEBERGEMENT ET RESTAURATION SCOLAIRE
2013;I;D;2188;314;0;CINEMAS ET AUTRES SALLES DE SPECTACLES
2013;I;D;2188;322;0;MUSEES
2013;I;D;2188;323;0;ARCHIVES
2013;I;D;2188;324;40000;ENTRETIEN DU PATRIMOINE CULTUREL
2013;I;D;2188;412;100000;STADES
2013;I;D;2188;421;53000;CENTRES DE LOISIRS
2013;I;D;2188;422;41000;AUTRES ACTIVITES POUR LES JEUNES
2013;I;D;2188;520;30000;SERVICES COMMUNS
2013;I;D;2188;64;36000;CRECHES ET GARDERIES
2013;I;D;2188;810;0;SERVICES COMMUNS
2013;I;D;2188;813;20000;PROPRETE URBAINE
2013;I;D;2188;814;650000;ECLAIRAGE PUBLIC
2013;I;D;2188;816;1000;AUTRES RESEAUX ET SERVICES DIVERS
2013;I;D;2188;821;683000;EQUIPEMENTS DE VOIRIE
2013;I;D;2188;822;180000;VOIRIE COMMUNALE ET ROUTES
2013;I;D;2188;823;285000;ESPACES VERTS URBAINS
2013;I;D;2188;824;0;AUTRES OPERATIONS D'AMENAGEMENT URBAIN
2013;I;D;2188;91;19000;FOIRES ET MARCHES
2013;I;D;2312;26;430000;CIMETIERES ET POMPES FUNEBRES
2013;I;D;2312;211;503085;ECOLES MATERNELLES
2013;I;D;2312;212;296570;ECOLES PRIMAIRES
2013;I;D;2312;324;0;ENTRETIEN DU PATRIMOINE CULTUREL
2013;I;D;2312;40;0;SERVICES COMMUNS
2013;I;D;2312;411;0;SALLES DE SPORT, GYMNASES
2013;I;D;2312;412;2460000;STADES
2013;I;D;2312;414;0;AUTRES EQUIPEMENTS SPORTIFS OU DE LOISIR
2013;I;D;2312;64;70000;CRECHES ET GARDERIES
2013;I;D;2312;823;1377000;ESPACES VERTS URBAINS
2013;I;D;2312;91;0;FOIRES ET MARCHES
2013;I;D;2313;20;3689670;ADMINISTRATION GENERALE DE LA COLLECTIVITE
2013;I;D;2313;26;16000;CIMETIERES ET POMPES FUNEBRES
2013;I;D;2313;48;2677;AUTRES ACTIONS DE COOPERATION DECENTRALISEE
2013;I;D;2313;211;6789000;ECOLES MATERNELLES
2013;I;D;2313;212;7308000;ECOLES PRIMAIRES
2013;I;D;2313;213;1718000;CLASSES REGROUPEES
2013;I;D;2313;251;316000;HEBERGEMENT ET RESTAURATION SCOLAIRE
2013;I;D;2313;313;0;THEATRES
2013;I;D;2313;322;772381;MUSEES
2013;I;D;2313;323;0;ARCHIVES
2013;I;D;2313;324;1430000;ENTRETIEN DU PATRIMOINE CULTUREL
2013;I;D;2313;411;260000;SALLES DE SPORT, GYMNASES
2013;I;D;2313;412;700000;STADES
2013;I;D;2313;421;20196;CENTRES DE LOISIRS
2013;I;D;2313;422;300000;AUTRES ACTIVITES POUR LES JEUNES
2013;I;D;2313;520;280000;SERVICES COMMUNS
2013;I;D;2313;64;955000;CRECHES ET GARDERIES
2013;I;D;2313;814;160000;ECLAIRAGE PUBLIC
2013;I;D;2313;822;0;VOIRIE COMMUNALE ET ROUTES
2013;I;D;2313;823;1665000;ESPACES VERTS URBAINS
2013;I;D;2313;824;4091200;AUTRES OPERATIONS D'AMENAGEMENT URBAIN
2013;I;D;2313;91;453000;FOIRES ET MARCHES
2013;I;D;2315;20;509920;ADMINISTRATION GENERALE DE LA COLLECTIVITE
2013;I;D;2315;212;217000;ECOLES PRIMAIRES
2013;I;D;2315;251;0;HEBERGEMENT ET RESTAURATION SCOLAIRE
2013;I;D;2315;810;1200000;SERVICES COMMUNS
2013;I;D;2315;813;0;PROPRETE URBAINE
2013;I;D;2315;814;1350000;ECLAIRAGE PUBLIC
2013;I;D;2315;816;1568000;AUTRES RESEAUX ET SERVICES DIVERS
2013;I;D;2315;821;1791000;EQUIPEMENTS DE VOIRIE
2013;I;D;2315;822;9595000;VOIRIE COMMUNALE ET ROUTES
2013;I;D;2315;824;8024800;AUTRES OPERATIONS D'AMENAGEMENT URBAIN
2013;I;D;2315;91;75000;FOIRES ET MARCHES
2013;I;D;2316;323;20000;ARCHIVES
2013;I;D;2316;324;25000;ENTRETIEN DU PATRIMOINE CULTUREL
2013;I;D;2318;112;289600;POLICE MUNICIPALE
2013;I;D;2318;822;0;VOIRIE COMMUNALE ET ROUTES
2013;I;D;2318;824;0;AUTRES OPERATIONS D'AMENAGEMENT URBAIN
2013;I;D;237;824;0;AUTRES OPERATIONS D'AMENAGEMENT URBAIN
2013;I;D;274;;9000000;
2013;I;D;274;520;80000;SERVICES COMMUNS
2013;I;D;275;;0;
2013;I;D;4541;;78000;
2013;I;R;21;;17545630,88;
2013;I;R;24;;9756235;
2013;I;R;10222;;12500000;
2013;I;R;10223;;1400000;
2013;I;R;1318;824;0;AUTRES OPERATIONS D'AMENAGEMENT URBAIN
2013;I;R;1321;20;340000;ADMINISTRATION GENERALE DE LA COLLECTIVITE
2013;I;R;1321;112;19616;POLICE MUNICIPALE
2013;I;R;1321;324;27469;ENTRETIEN DU PATRIMOINE CULTUREL
2013;I;R;1321;816;57916;AUTRES RESEAUX ET SERVICES DIVERS
2013;I;R;1321;822;164000;VOIRIE COMMUNALE ET ROUTES
2013;I;R;1321;823;100000;ESPACES VERTS URBAINS
2013;I;R;1321;824;1387967;AUTRES OPERATIONS D'AMENAGEMENT URBAIN
2013;I;R;1322;20;0;ADMINISTRATION GENERALE DE LA COLLECTIVITE
2013;I;R;1322;213;100000;CLASSES REGROUPEES
2013;I;R;1322;322;0;MUSEES
2013;I;R;1322;324;28174;ENTRETIEN DU PATRIMOINE CULTUREL
2013;I;R;1322;412;0;STADES
2013;I;R;1322;816;57916;AUTRES RESEAUX ET SERVICES DIVERS
2013;I;R;1322;822;0;VOIRIE COMMUNALE ET ROUTES
2013;I;R;1322;824;0;AUTRES OPERATIONS D'AMENAGEMENT URBAIN
2013;I;R;1323;211;0;ECOLES MATERNELLES
2013;I;R;1323;212;0;ECOLES PRIMAIRES
2013;I;R;1323;213;129894;CLASSES REGROUPEES
2013;I;R;1323;324;0;ENTRETIEN DU PATRIMOINE CULTUREL
2013;I;R;1323;64;0;CRECHES ET GARDERIES
2013;I;R;1323;822;0;VOIRIE COMMUNALE ET ROUTES
2013;I;R;1323;823;10000;ESPACES VERTS URBAINS
2013;I;R;1323;824;15250;AUTRES OPERATIONS D'AMENAGEMENT URBAIN
2013;I;R;1325;824;0;AUTRES OPERATIONS D'AMENAGEMENT URBAIN
2013;I;R;13251;322;600000;MUSEES
2013;I;R;13251;821;0;EQUIPEMENTS DE VOIRIE
2013;I;R;13251;824;50867;AUTRES OPERATIONS D'AMENAGEMENT URBAIN
2013;I;R;13258;824;0;AUTRES OPERATIONS D'AMENAGEMENT URBAIN
2013;I;R;13258;91;0;FOIRES ET MARCHES
2013;I;R;1327;314;0;CINEMAS ET AUTRES SALLES DE SPECTACLES
2013;I;R;1327;816;144791;AUTRES RESEAUX ET SERVICES DIVERS
2013;I;R;1327;822;240000;VOIRIE COMMUNALE ET ROUTES
2013;I;R;1328;112;120000;POLICE MUNICIPALE
2013;I;R;1328;211;0;ECOLES MATERNELLES
2013;I;R;1328;213;0;CLASSES REGROUPEES
2013;I;R;1328;411;40000;SALLES DE SPORT, GYMNASES
2013;I;R;1328;64;79852;CRECHES ET GARDERIES
2013;I;R;1328;813;0;PROPRETE URBAINE
2013;I;R;1328;816;0;AUTRES RESEAUX ET SERVICES DIVERS
2013;I;R;1328;822;100000;VOIRIE COMMUNALE ET ROUTES
2013;I;R;1328;824;591206;AUTRES OPERATIONS D'AMENAGEMENT URBAIN
2013;I;R;1342;;6500000;
2013;I;R;1343;824;1272861;AUTRES OPERATIONS D'AMENAGEMENT URBAIN
2013;I;R;1345;824;30000;AUTRES OPERATIONS D'AMENAGEMENT URBAIN
2013;I;R;1641;;30432772;
2013;I;R;16441;;22758728;
2013;I;R;165;;1000;
2013;I;R;16878;;47800;
2013;I;R;2088;20;80000;ADMINISTRATION GENERALE DE LA COLLECTIVITE
2013;I;R;2313;20;0;ADMINISTRATION GENERALE DE LA COLLECTIVITE
2013;I;R;2313;824;0;AUTRES OPERATIONS D'AMENAGEMENT URBAIN
2013;I;R;2315;20;0;ADMINISTRATION GENERALE DE LA COLLECTIVITE
2013;I;R;2315;816;70000;AUTRES RESEAUX ET SERVICES DIVERS
2013;I;R;2315;821;142000;EQUIPEMENTS DE VOIRIE
2013;I;R;274;;9000000;
2013;I;R;274;520;80000;SERVICES COMMUNS
2013;I;R;275;;100000;
2013;I;R;2802;;68034,92;
2013;I;R;28031;;747848,56;
2013;I;R;28033;;105057,95;
2013;I;R;2804158;;0;
2013;I;R;28041582;;780000;
2013;I;R;280418;;0;
2013;I;R;2804181;;42894,02;
2013;I;R;2804182;;2383839,95;
2013;I;R;28042;;0;
2013;I;R;280421;;28917,27;
2013;I;R;280422;;3517508,55;
2013;I;R;2805;;668726,04;
2013;I;R;2808;;2090,85;
2013;I;R;28182;;876890,57;
2013;I;R;28183;;1671025,13;
2013;I;R;28184;;1204028,6;
2013;I;R;28188;;2360825,71;
2013;I;R;4542;;76000;
