CODE;STRUCTURE;Nature ;Montant 
1886;CENTRE COMMUNAL D'ACTION SOCIALE ;F;12 350 000 €
4115;OFFICE DE TOURISME DE MONTPELLIER ;F;1 867 500 €
2866;COMITE DES OEUVRES SOCIALES ET CULTURELLES PERSONNEL MUNICIPAL ;F;520 000 €
5456;PROMOTION DES FLUX TOURISTIQUES ET ECONOMIQUES ;F;197 500 €
3486;GIP DSUA M ;F;196 024 €
3112;CAISSE DES ECOLES DE LA VILLE DE MONTPELLIER ;F;172 000 €
1076;CŒUR DE LIVRES;F;100 000 €
3846;Confluences;P;100 000 €
3976;MAISON DE MONTPELLIER A CHENGDU;F;100 000 €
4301;AGENCE LOCALE DE L'ENERGIE DE MONTPELLIER ;F;95 000 €
1664;L'AVITARELLE ;F;85 000 €
3176;Festival international des sports extremes - fise ;P;80 000 €
5223;Montpellier agglo athletic mediterranee ;P;62 500 €
1493;RESTAURANTS DU COEUR - RELAIS DU COEUR ;F;60 000 €
4472;LA VISTA - THEATRE DE LA MEDITERRANEE;F;50 000 €
5072;ASSOCIATION DE GESTION DE LA MAISON DE MONTPELLIER A HEIDELBERG ;F;50 000 €
5223;MONTPELLIER AGGLO ATHLETIC MEDITERRANEE ;F;50 000 €
5329;PRES SUD DE FRANCE ;F;50 000 €
5223;Montpellier agglo athletic mediterranee;F;45 000 €
926;MUC OMNISPORTS ;F;44 000 €
926;Muc omnisports ;F;42 000 €
3519;LA MERIDIONALE DES SPECTACLES ;F;40 000 €
102;FOOTBALL CLUB PETIT BARD ;F;38 000 €
3328;ADIL DE L'HERAULT ;F;36 000 €
2139;ASPTT MONTPELLIER ;F;35 000 €
2139;Asptt montpellier;F;34 300 €
3259;CONCORDA LOGIS ;F;33 000 €
;Chambre syndicale des ceramistes et ateliers d'art de france;P;31 700 €
1068;SECOURS POPULAIRE FRANCAIS MONTPELLIER ;F;31 000 €
4812;COMPAGNIE ADESSO E SEMPRE;P;30 000 €
5210;GROUPEMENT DE COOPERATION SOCIALE ET MEDICO SOCIALE MAISON DES ADOLESCENTS DE L'HERAULT 34 ;F;30 000 €
2432;Allons’z’Enfants – Cie Didier Théron;F;25 000 €
2835;SOLIDARITE DOM TOM HERAULT ;F;25 000 €
919;Muc escrime ;F;21 300 €
739;CHAMBRE DE COMMERCE ET D'INDUSTRIE ;F;20 000 €
914;ASLJ MONTPELLIER CROIX D'ARGENT VOLLEY BEACH VOLLEY ;F;20 000 €
963;Cep montpellier gym ;F;20 000 €
1201;La boutique d'écriture;F;20 000 €
1397;MAISON DE L'EUROPE DE MONTPELLIER ;F;20 000 €
1530;CLUB DE LA PRESSE MONTPELLIER LANGUEDOC ROUSSILLON;F;20 000 €
3845;Centre des arts du cirque Balthazar;F;20 000 €
4081;GRAIN D’IMAGE;P;20 000 €
914;Aslj montpellier croix d'argent volley beach volley;F;19 000 €
3745;Association Chrétiens et Cultures ;P;17 000 €
1396;MAISON DE HEIDELBERG ;F;15 000 €
1541;MONTPELLIER TENNIS DE TABLE ;F;15 000 €
1909;CIDFF;F;15 000 €
3746;Association Uni’sons;F;15 000 €
4472;LA VISTA - THEATRE DE LA MEDITERRANEE;P;15 000 €
4913;ASSOCIATION SPORTIVE ATLAS PAILLADE ;F;15 000 €
5105;L'Adresse;F;15 000 €
666;SECOURS CATHOLIQUE ;F;14 000 €
1192;Tennis club de la paillade ;F;14 000 €
1230;ASSOCIATION SPORTIVE DES BEAUX-ARTS MONTPELLIER OMNISPORTS ;F;14 000 €
4953;L'Arc en Ciel des Faubourgs;P;14 000 €
1230;Association sportive des beaux-arts montpellier omnisports ;F;13 800 €
72;CROIX D'ARGENT BASKET ;F;13 000 €
154;JAM Jazz Action;F;13 000 €
474;ASSOCIATION LA GERBE;F;13 000 €
4561;Asso sportive employes municipaux de montpellier ;F;12 500 €
1029;CENTRE 665;F;12 250 €
578;AVENIR SANTE ;P;12 000 €
1187;ARCEAUX MONTPELLIER ;F;12 000 €
1225;MONTPELLIER PETIT BARD FUTSAL ;F;12 000 €
4812;COMPAGNIE ADESSO E SEMPRE;F;12 000 €
1785;Comite d'organisation forum sportif et culturel - cofsec ;F;11 800 €
1155;Adages animation collective des familles ;F;11 500 €
5400;A.k sport ;F;11 500 €
963;CEP MONTPELLIER GYM ;F;11 000 €
1196;Asso Emploi Développement Entreprises Boutique Gestion Projet Cités Lab;P;11 000 €
661;ASSO DEPARTEMENTALE D'INFORMATION ET D'AIDE AUX VICTIMES ;F;10 000 €
696;Comite liaison des associations de personnes handicapees;F;10 000 €
697;Association pour personnes en situation de handicap;F;10 000 €
771;Champ Libre ;P;10 000 €
1071;UNIVERSITE PAUL-VALERY MONTPELLIER 3 – THEATRE DE LA VIGNETTE;F;10 000 €
1942;BANQUE ALIMENTAIRE;F;10 000 €
2260;MONTPELLIER CLUB HANDISPORT ;F;10 000 €
2583;Basket lattes montpellier agglomeration ;F;10 000 €
2800;ASSOCIATION NOUAS ;F;10 000 €
3988;MAISON DE LA POESIE;F;10 000 €
4388;Le Passe Muraille Projet Chantiers citoyens;P;10 000 €
4623;Pléiades emploi service Hérault;P;10 000 €
4773;DE.F.I  DEVELOPPEMENT, FORMATION, INSERTION ;F;10 000 €
4937;Compagnie tire pas la Nappe;F;10 000 €
5039;Machine Théâtre;F;10 000 €
4867;SOS JEUNES ;F;9 800 €
418;Association Rama;F;9 500 €
597;Hors Commerce;F;9 500 €
4900;Association Nationale Compagnons Bâtisseurs Etablissements LR Projet Accompagnement des propriétaires occupants de Montpellier-OPAH copropriété Cevennes 1, à l'auto-réhabilitation de leur logement;P;9 500 €
666;SECOURS CATHOLIQUE ;F;9 000 €
931;SAINT-MARTIN GAZELEC MONTPELLIER ;P;9 000 €
931;SAINT-MARTIN GAZELEC MONTPELLIER ;F;9 000 €
1068;SECOURS POPULAIRE FRANÇAIS;F;9 000 €
2066;Fete le mur montpellier ;F;9 000 €
2260;Montpellier club handisport;F;9 000 €
2608;RACING-CLUB LEMASSON MONTPELLIER ;F;9 000 €
3283;Compagnie Les Têtes de Bois;F;9 000 €
3568;Montpellier basket mosson;F;9 000 €
4214;U Structure Nouvelle;F;9 000 €
4900;ASSOCIATION NATIONALE COMPAGNONS BATISSEURS ETS LR ;P;9 000 €
456;MAISON DES TIERS MONDES SOLIDARITE INTERNATIONALE;F;8 500 €
4325;L'Outil Théâtre;F;8 500 €
5072;Association de gestion de la maison de montpellier à Heidelberg;I;8 300 €
58;Atelier Théâtr'elles - Espace la Jetée;F;8 000 €
978;Entente sportive bouliste de montpellier ;P;8 000 €
1420;STADE LUNARET NORD MONTPELLIER ;F;8 000 €
1493;RESTAURANTS DU CŒUR;F;8 000 €
1785;Comite d'organisation forum sportif et culturel - cofsec;P;8 000 €
2776;DECLIC FAMILLES ET TOXICOMANIES ;F;8 000 €
4364;Exit Compagnie;F;8 000 €
4755;Association Lola;F;8 000 €
1281;Kaïna;F;7 500 €
3104;Etre en Scène;F;7 500 €
3961;Compagnie Aurelia;F;7 500 €
4786;LESBIAN AND GAY PRIDE LANGUEDOC-ROUSSILLON ;F;7 500 €
5448;CULTURE ET SPORTS SOLIDAIRES 34 ;F;7 500 €
;ADAGES ESPACE FAMILLE;P;7 500 €
244;CONSOMMATION LOGEMENT CADRE DE VIE DE MONTPELLIER CLCV ;F;7 300 €
406;Echecs club montpellier ;F;7 300 €
3359;MOUVEMENT DU NID ;F;7 200 €
105;FESTIVAL INTERNATIONAL DU CINEMA MEDITERRANEEN DE MONTPELLIER ;P;7 000 €
642;FEDERATION DES CONSEILS DE PARENTS D'ELEVES DE L'HERAULT ;F;7 000 €
661;Association Départementale d'Aide aux Victimes Projet Accueil, écoute, information sur les droits, aide psychologique et orientation des victimes d'infractions pénales;P;7 000 €
1902;Association du Nouveau Sainte-Anne ;p;7 000 €
2683;Les Gens du Quai ;F;7 000 €
3568;MONTPELLIER BASKET MOSSON ;F;7 000 €
3668;Compagnie Comme Ca;F;7 000 €
4163;Via Voltaire Projet Prévention, soutien, orientation sanitaire et sociale pour les jeunes;P;7 000 €
4326;SOCIETE ST VINCENT DE PAUL;F;7 000 €
5034;Association Chicanes;F;7 000 €
5109;Compagnie de l'Astrolabe;F;7 000 €
153;Ensemble Vocal de Montpellier ;P;6 500 €
1909;Centre d'Information des Droits des Femmes et des Familles Projet Accès aux droits, médiation familiale et conseil conjugal et familial;P;6 500 €
406;ECHECS CLUB MONTPELLIER ;P;6 000 €
702;Montpellier beach volley ;P;6 000 €
1036;Association Prévention Spécialisé 34 Projet Chantiers éducatifs pilotés par un collectif sur les Hauts de Massane;P;6 000 €
1461;Collectif Koa ;p;6 000 €
2101;LIEUX RESSOURCES MONTPELLIER ;F;6 000 €
2575;Ecole des Parents et des Educateurs de l'Hérault Projet Point Ecoute Parents-Enfants-Adolescents-Jeunes;P;6 000 €
2639;Asso presidents petanque secteur montpellier ville ;F;6 000 €
4012;MONTPELLIER AGGLOMERATION FUTSAL ;F;6 000 €
4163;Via Voltaire Projet Interface;P;6 000 €
4534;LE VIEUX BICLOU ;F;6 000 €
4951;Association Bruit qui Court;F;6 000 €
5016;Compagnie Les Perles de Verre ;P;6 000 €
5110;Compagnie Vertigo;F;6 000 €
;OCCE Charles DICKENS;P;5 808 €
586;UEAM UNEF ;F;5 800 €
4556;Montpellier eaux vives canoe-kayak ;F;5 800 €
1036;APS 34;F;5 700 €
1464;Césam Migrations Santé Languedoc, Comité pour la Santé Projet Pour une prise en charge de la fragilité psycho-sociale : médiation interculturelle et soutien à la parentalité;P;5 500 €
3933;MONTPELLIER ROLLER HOCKEY CLUB ;F;5 500 €
5249;Service d'Orientation et de Médiation pour l'Insertion Sociale - SOMIS Projet Médiation administrative, interprétariat, écrivain public;P;5 200 €
149;Ensemble Vocal Claire Garrone;F;5 000 €
343;ASSOCIATION DE SOLIDARITE AVEC LES TRAVAILLEURS MIGRANTS ;F;5 000 €
412;Intensités;F;5 000 €
419;LIGUE INTERNATIONALE CONTRE LE RACISME ET L'ANTISEMITISME ;F;5 000 €
1161;Compagnie Internationale Alligator - CIA Projet Correspondance de quartier;P;5 000 €
1469;Les Francas de l'Hérault Projet Eduquer pour prévenir;P;5 000 €
1523;Dansomania Cie Anne Marie Porras;F;5 000 €
1543;FNATH Accidentés de la vie section Montpellier;F;5 000 €
1784;Agence immobiliere a vocation sociale - aivs Hérault;F;5 000 €
2558;Les Murs d'Aurelle;F;5 000 €
2971;Association de mediation penale montpellieraine ;F;5 000 €
3005;Sonorités ;F;5 000 €
3252;Association Achles;F;5 000 €
3311;Compania Inesperada;F;5 000 €
3933;Montpellier roller hockey club ;F;5 000 €
3944;Association des Chœurs de Montpellier;P;5 000 €
3988;MAISON DE LA POESIE;P;5 000 €
4200;ASSOCIATION ENVIE ;F;5 000 €
4549;EMBRUN ;P;5 000 €
4819;L'Atalante;F;5 000 €
4900;Association Nationale Compagnons Bâtisseurs Etablissements LR Projet Ateliers de quartier Montpellier ville;P;5 000 €
4907;Reseau accueil insertion Hérault ;F;5 000 €
4908;Face Hérault ;F;5 000 €
5016;Compagnie Les Perles de Verre ;F;5 000 €
5052;Compagnie Autre Mi Na;F;5 000 €
5095;Les Chiens Andalous;F;5 000 €
5097;LES ENFANTS D'HELENE ;F;5 000 €
5205;Compagnie Moebius;F;5 000 €
5563;AMTRH-Kennedy;P;5 000 €
4821;Club des supporters blue fox du montpellier handball ;F;4 850 €
1417;Montpellier baseball universite club, les barracudas du lez ;F;4 800 €
3833;Montpellier languedoc cyclisme ;F;4 800 €
237;UNION LOCALE CGT ;F;4 700 €
240;CFDT UNION LOCALE ;F;4 700 €
5187;CARREFOUR DES CIVILISATIONS ;F;4 700 €
1945;PHARMACIE HUMANITAIRE INTERNATIONALE HERAULT ;F;4 500 €
3659;MONTPELLIER AGGLOMERATION TAEKWONDO DRAGONS TEAM ;F;4 500 €
3659;Montpellier agglomeration taekwondo dragons team ;F;4 500 €
3932;Association  des Cévennes Insertion Loisirs et Education - ACLE Projet Atelier sociolinguistique;P;4 500 €
5020;Association Stella-Murray Brosch Productions;F;4 500 €
5202;Association justice pour le petit bard ;F;4 500 €
5214;INFORIM LEO LAGRANGE Projet CLUB;P;4 500 €
3675;ESSOR SAVOIRS ET PARTAGE ;F;4 300 €
3901;HALTE POUCE ;F;4 300 €
71;I.Projet-Echanges Internationaux Culture Citoyenneté Projet Université du Citoyen;P;4 000 €
278;MONTPELLIER ARC CLUB ;F;4 000 €
467;Relais enfants dans la ville Projet Accompagner les jeunes et leurs familles dans la réussite éducative;P;4 000 €
689;ASSOCIATION LANGUEDOCIENNE POUR LA JEUNESSE ;F;4 000 €
1150;CIMADE - SERVICE OECUMENIQUE D'ENTRAIDE ;F;4 000 €
1281;Kaina Tv Projet KAINA TV;P;4 000 €
1309;POMPIGNANE SPORT ET CULTURE ;F;4 000 €
1315;Théâtre de la Remise;F;4 000 €
1424;Collège Las Cazes Projet CLER (Classes Lecture Ecriture renforcée);P;4 000 €
1946;Crescendoc;F;4 000 €
1949;Théâvida ;P;4 000 €
1961;Union Départementale des Associations Familiales de l'Hérault - U.D.A.F 34 Projet Médiation locative Cévennes;P;4 000 €
1966;Association des Producteurs Editeur de Musique en Languedoc Roussillon;F;4 000 €
2004;Association Jeunes Phobos Montpellier et Paillade Nord Projet Accès des jeunes à la vie de la cité;P;4 000 €
2725;Créer - maison des chomeurs ;F;4 000 €
2776;Déclic Familles et Toxicomanies Projet Prévention et accès à la santé des jeunes et des familles en grande difficulté;P;4 000 €
2874;REDUIRE LES RISQUES ;F;4 000 €
3090;INITIATIVE SOLIDARITE SITUATIONS URGENCE;F;4 000 €
3617;Compagnie Point du Jour;F;4 000 €
3944;Association des Chœurs de Montpellier;F;4 000 €
4806;ASSOCIATION SPORTIVE ET CULTURELLE PAILLADE MERCURE ;F;4 000 €
4817;Vox Rapido;F;4 000 €
4841;Association Vivre Ensemble en Citoyens Quartier des Cévennes Projet Action éducative auprès des Parents;P;4 000 €
4875;ASSOCIATION SPORTIVE DE CELLENEUVE ;F;4 000 €
4908;Face Hérault Projet Un but pour l'emploi;P;4 000 €
4955;Musique Sans Frontières Projet Création artistique et éducation à travers les cultures du monde;P;4 000 €
4962;Grognon Frères;F;4 000 €
5002;Mosson full contact;F;4 000 €
5156;Association Tout à Fond  ;F;4 000 €
5167;Generation taekwondo ;F;4 000 €
3081;Bleu vertige ;F;3 900 €
;OCCE AMSTRONG;P;3 720 €
984;Montpellier petanque saint martin ;F;3 700 €
25;CLRISTALS LES PETITS DEBROUILLARDS ;F;3 500 €
148;Choeurs de l'Enclos;F;3 500 €
278;Montpellier arc club;F;3 500 €
756;AMICALE DES RETRAITES MUNICIPAUX ;F;3 500 €
1201;LA BOUTIQUE D'ECRITURE ET CO ;P;3 500 €
1281;KAINA ;P;3 500 €
3140;A Contre Poil du Sens;F;3 500 €
3574;Mouvements citoyens (ex asso pergola petit bard) ;F;3 500 €
3808;Montpellier culture sport adapte ;F;3 500 €
3996;Ensemble Choral Universitaire de Montpellier;F;3 500 €
4701;Mfa montpellier football americain les hurricanes ;F;3 500 €
4807;ASSOCIATION TIN HINAN ;F;3 500 €
5167;Generation taekwondo ;P;3 500 €
5239;Rhizome ;F;3 500 €
5398;MELTING POT MUSIC;P;3 500 €
863;Boxing club montpellierain;F;3 400 €
;OCCE KUROSAWA;P;3 248 €
429;Raiponce ;F;3 200 €
1755;APAJ Centre Gitan Projet Webaction;P;3 200 €
2466;As cevennes ;F;3 200 €
;OCCE Eugène POTTIER;P;3 200 €
121;MAJORETTES IMPERIALES DE MONTPELLIER ;F;3 000 €
122;MAJORETTES DE MONTPELLIER DITES MAJOR'S GIRLS ;F;3 000 €
155;INTERVALLE - JALMALV  MONTPELLIER ;F;3 000 €
161;Club Lyrique de Montpellier;F;3 000 €
211;Bricabrac ars fabric;F;3 000 €
278;Montpellier arc club ;P;3 000 €
324;Les Amis du Théâtre Pierre Tabard;F;3 000 €
344;TERRE NOURRICIERE ;P;3 000 €
490;Théâtre de la Plume;F;3 000 €
578;AVENIR SANTE;F;3 000 €
681;AFD 34 ASSOCIATION DES DIABETIQUES DE L'HERAULT;F;3 000 €
686;TRISOMIE 21 HERAULT - GROUPE D'ETUDE ET D'INSERTION SOCIALE DE PERSONNES TRISOMIQUES 21 ;F;3 000 €
723;JALMAV CRERSI ;F;3 000 €
777;Mouvement Français pour le Planning Familial  Projet Femmes Santé Citoyenneté;P;3 000 €
845;Muc aviron universite club ;F;3 000 €
931;SAINT-MARTIN GAZELEC MONTPELLIER;P;3 000 €
1143;Compagnie les Grisettes;F;3 000 €
1195;Lions club montpellier languedoc ;P;3 000 €
1234;La boule du lantissargues ;F;3 000 €
1250;Association Corée'graphie;F;3 000 €
1420;Stade lunaret nord montpellier ;P;3 000 €
1424;Collège Las Cazes Projet Tous en scène;P;3 000 €
1425;RIRE CLOWNS POUR ENFANTS HOSPITALISES;F;3 000 €
1457;MOSSON COULEE VERTE ;F;3 000 €
1549;Comite departemental du sport adapte Hérault ;F;3 000 €
1664;AVITARELLE;F;3 000 €
1748;Les Rencontres du Court;P;3 000 €
1774;Cie Pepi Morena ( ex-Temps Danse);F;3 000 €
1806;Aides LM 34 Projet Promotion du dépistage du VIH, des hépatites et des IST avec et auprès des personnes migrantes dans la ville de Montpellier;P;3 000 €
1909;CIDFF;P;3 000 €
1936;Roule nature;F;3 000 €
2013;LA PENA DEI CLAPAS;F;3 000 €
2076;LIGUE CONTRE LA VIOLENCE ROUTIERE SECTION HERAULT ;F;3 000 €
2099;Association socioculturelle bilingue Frederic Peyson ;F;3 000 €
2142;Association pour l'Insertion des Jeunes par l'Economique - APIJE Projet Aide à la gestion familiale, un support à l'intégration;P;3 000 €
2575;ECOLE DES PARENTS ET DES EDUCATEURS DE L'HERAULT ;P;3 000 €
2608;Racing-club lemasson montpellier ;P;3 000 €
2835;SOLIDARITE DOM TOM;F;3 000 €
2882;ETINCELLE LANGUEDOC-ROUSSILLON ;P;3 000 €
2882;ETINCELLE LANGUEDOC-ROUSSILLON ;F;3 000 €
3203;Sina Kawa Théâtre;F;3 000 €
3230;MAISON DE L'ARCHITECTURE DU LANGUEDOC ROUSSILLON ;P;3 000 €
3317;SPHERES SOINS PALLIATIFS HOPITAL ET RESEAUX EXTERNES DE SANTE ;F;3 000 €
3471;Compagnie des Nuits Partagées;F;3 000 €
3628;Adages Espace Famille Projet Le français au quotidien comme vecteur d'intégration;P;3 000 €
3628;Adages Espace Famille Projet Animation vie locale jeunesse;P;3 000 €
3746;ASSOCIATION UNI'SONS ;P;3 000 €
4176;MONTPELLIER NATATION SYNCHRONISEE ;F;3 000 €
4176;Montpellier natation synchronisee ;F;3 000 €
4185;Acte Chanson;F;3 000 €
4185;Acte Chanson ;P;3 000 €
4469;CONSEIL DE PROTECTION FELINE DE L'HERAULT ;F;3 000 €
4657;Faciliter l'insertion professionnelle des jeunes diplomés;P;3 000 €
4748;Chemin des cimes ;P;3 000 €
4752;Association Continuum ;P;3 000 €
4755;Association Lola;P;3 000 €
4799;Cabo Mundo - Cap Monde;F;3 000 €
4807;Tin Hinan Projet Pour lever les freins d'accès à la citoyenneté;P;3 000 €
4875;Association sportive de celleneuve ;P;3 000 €
4908;Face Hérault (action 45 et +);P;3 000 €
4928;Vilcanota Bruno Pradet et Cie;F;3 000 €
4967;Zigzags Arbatz et Compagnie;F;3 000 €
5086;Association foot-fauteuils - les fauteuils de feu ;F;3 000 €
5166;LA NOTICE DE L’ECHARPE ;P;3 000 €
5229;COLLECTIF DES CRECHES ASSOCIATIVES ET PARENTALES DE L'HERAULT ;F;3 000 €
5351;Montpellier Temps Chante;P;3 000 €
5385;ZADIGOZINC ;P;3 000 €
1281;Kaina Tv Projet Viens chez moi j'habite à la Paillade;P;2 950 €
633;SCOUTS ET GUIDES DE FRANCE ;F;2 900 €
788;Montpellier paillade natation;F;2 900 €
1238;Montpellier a m judo ;F;2 900 €
3534;UNION MONTPELLIERAINE POUR LE DEVELOPPEMENT DU SPORT ET DE LA CULTURE ;F;2 900 €
4547;La maison du judo ;F;2 900 €
4748;Chemin des cimes ;F;2 900 €
4856;Montpellier omni boxe ;F;2 900 €
77;Comider comite pour le developpement de l'economie regionale ;P;2 800 €
392;UNSA EDUCATION 34 - FEN 34 ;F;2 800 €
625;ECLAIREURS ET ECLAIREUSES DE FRANCE ;F;2 800 €
864;Montpellier agglomeration canoe kayak uc;F;2 800 €
2797;FEDERATION SYNDICALE UNITAIRE ;F;2 800 €
4914;UNION SYNDICALE SOLIDAIRES 34 ;F;2 800 €
1847;CENTRE DE DOCUMENTATION TIERS-MONDE ;F;2 700 €
5012;COMPAGNIE MINIBUS ;P;2 600 €
1755;APAJ Centre Gitan Projet Accompagnement à la culture;P;2 550 €
29;Radio Clapas Projet Mots croisés 2013;P;2 500 €
33;Asso Euro Méditerranéenne pour le travail et les echanges ;F;2 500 €
58;ATELIER THEATR'ELLES ;P;2 500 €
233;MOUVEMENT AUTONOMIE VIEILLISSEMENT MA VIE ;P;2 500 €
290;ARGOS ;P;2 500 €
409;Jouons en ludothèques Projet Ludothèque Pergola;P;2 500 €
465;Choeur les Chorégiens;F;2 500 €
467;LE RELAIS - MAISON DES ENFANTS DANS LA VILLE ;P;2 500 €
657;LA CORDEE;F;2 500 €
1187;Arceaux montpellier ;P;2 500 €
1201;La Boutique d'écriture et Co Projet Enfance, jeunesse à la Boutique d'écriture;P;2 500 €
1207;Action d'Espace;F;2 500 €
1261;Atelier Permanent d'Initiation à l'Environnement Urbain Projet Espace public, Espace intermediaire, Espace privé;P;2 500 €
1464;Césam Migrations Santé Languedoc, Comité pour la Santé Projet Langage, territoire, pouvoir d'agir;P;2 500 €
1682;JK JUDO34 Projet De la rue au dojo;P;2 500 €
1788;Les Nuits Du Chat ;F;2 500 €
1889;LA CRUAUTHEQUE;P;2 500 €
1918;Montpellier athletic running club;F;2 500 €
2057;Ars Musica Montpellier;F;2 500 €
2575;Ecole des Parents et des Educateurs de l'Hérault Projet Point Ecoute Parents-Enfants-Adolescents-Jeunes;P;2 500 €
2857;Singulier Pluriel;F;2 500 €
3001;Association les foulees du millenaire ;F;2 500 €
3146;Compagnie du clapas;P;2 500 €
3156;Primesautier Théâtre;F;2 500 €
3254;SANTE ET SOLIDARITE ;F;2 500 €
3873;SERVICE DES TRADUCTEURS D'URGENCE ;F;2 500 €
3932;Association  des Cévennes Insertion Loisirs et Education - ACLE Projet Club des jeunes;P;2 500 €
4377;Pulx;F;2 500 €
4744;CHEVRE FEUILLE ETOILEE EDITIONS ;F;2 500 €
4906;GIPSY CATALANS GELY FIGUEROLLES ;F;2 500 €
5106;CAFE DU COMPTOIR ;P;2 500 €
5122;Compagnie Alegria Kryptonite;F;2 500 €
5151;ESTAMPE ;P;2 500 €
5388;Intime Camarade;F;2 500 €
5627;ASSOCIATION TOM ;P;2 500 €
5647;OSMOSE ET MUSES ;P;2 500 €
5689;PAHASKA ;P;2 500 €
;OCCE Charles DAVILER;P;2 464 €
3634;Ecole de bowling de montpellier ;F;2 450 €
703;Association des donneurs de voix;F;2 400 €
;OCCE MITTERAND;P;2 400 €
;OCCE BOLIVAR;P;2 400 €
919;MUC ESCRIME ;P;2 300 €
2722;Petanque club montpellier celleneuve ;F;2 300 €
1819;Club sportif bouliste de montpellier ;F;2 250 €
4233;Entente cheminots lantissargues ;F;2 250 €
;OCCE Simon BOLIVAR;P;2 192 €
182;LA GARRIGA LENGADOCIANA ;F;2 150 €
1139;CONFEDERATION NATIONALE DU LOGEMENT FEDERATION DE L'HERAULT ;F;2 100 €
;OCCE Dr CALMETTE;P;2 080 €
1424;Collège Las Cazes Projet Imagin'art...l'imaginaire des parents du réseau Las Cazes se réveille et se montre!;P;2 050 €
25;CLRISTALS - Les Petits Débrouillards Projet Sciences dans mon quartier;P;2 000 €
25;CLRISTALS - Les Petits Débrouillards Projet Sciences au quotidien;P;2 000 €
55;UNION FEMININE CIVIQUE ET SOCIALE ;F;2 000 €
146;Amis de l'Orgue et Chæurs de la cathédrale;F;2 000 €
200;Objectif Image Montpellier-Photo;F;2 000 €
231;Théâtre en Flammes - Créatef;F;2 000 €
343;Association de Solidarité avec les Travailleurs Migrants Projet Intégration et lien social;P;2 000 €
409;Jouons en ludothèques Projet Ludothèque Paul Valéry;P;2 000 €
473;Le Bao;F;2 000 €
532;Athome;F;2 000 €
720;LIGUE CONTRE LE CANCER COMITE DE L'HERAULT ;F;2 000 €
727;Foyer de la Jeune Fille Gestion Foyers Castellane, Fontcarrade Projet Habitat cadre de vie;P;2 000 €
777;Mouvement Français pour le Planning Familial  Projet Permanence d'écoute et d'accueil;P;2 000 €
846;BENJAMINS MEDIA ;F;2 000 €
1035;OCCE CRDEP Ressources Dep Education Prioritaire Projet Développement d'un réseau de ressources;P;2 000 €
1149;Vent du Sud;F;2 000 €
1161;CIA - Cie Internationale Alligator;P;2 000 €
1176;La Compagnie Provisoire;F;2 000 €
1196;Asso emploi developpement entreprises boutique gestion;P;2 000 €
1240;Satellite;F;2 000 €
1261;ATELIER PERMANENT D'INITIATION A L'ENVIRONNEMENT URBAIN ;F;2 000 €
1261;Atelier Permanent d'Initiation à l'Environnement Urbain Projet Club de Ville;P;2 000 €
1261;Atelier Permanent d'Initiation à l'Environnement Urbain Projet D'Ici et d'Ailleurs;P;2 000 €
1281;Kaina Tv Projet ECAP;P;2 000 €
1329;Collège Escholiers de la Mosson Projet Accompagner les familles dans la scolarité de leurs enfants;P;2 000 €
1424;Collège Las Cazes Projet Apprentissage de la règle par la connaissance des institutions;P;2 000 €
1553;Mission Locale des jeunes de l'Agglomération de Montpellier Projet Renforcement de l'intervention de la Mission Locale dans les quartiers;P;2 000 €
1562;Adages - Maison du Logement Projet Action de médiation linguistique et interculturelle sur le logement;P;2 000 €
1650;Amitié partage et citoyenneté Projet annuel de l'association Amitié Partage et Citoyenneté (APC);P;2 000 €
1763;SOS RETINITE FRANCE ;F;2 000 €
1781;REGARDS SUR LE CINEMA ALGERIEN;P;2 000 €
1879;ACADEMIE DES SCIENCES ET DES LETTRES DE MONTPELLIER;P;2 000 €
2003;Compagnie Auguste Singe;F;2 000 €
2037;ANIMA ;F;2 000 €
2046;LAS SOLILES ;P;2 000 €
2110;A CŒUR OUVERT;F;2 000 €
2320;Rimbaud petanque ;F;2 000 €
2835;SOLIDARITE DOM TOM HERAULT ;P;2 000 €
2957;LA BARONNIE DE CARAVETES ;F;2 000 €
3064;Lâche les Mots Projet Les vacances s'écrivent;P;2 000 €
3073;Les Fourmis Rousses;F;2 000 €
3185;La Compagnie du Pas'sage - Rencontres Scène Jeunesse;F;2 000 €
3314;Blabla Production;F;2 000 €
3318;LE REFUGE;F;2 000 €
3426;La Mentira ;F;2 000 €
3455;Artefactdanse;F;2 000 €
3473;ARDI Association Renaissance Développement Insertion Projet Accompagnement socio-éducatif;P;2 000 €
3659;Montpellier agglomeration taekwondo dragons team ;P;2 000 €
3777;CITE CITOYENNE ;F;2 000 €
3808;Montpellier culture sport adapte ;P;2 000 €
4010;L'Autre Théâtre ;P;2 000 €
4048;VISITE MALADES ETABLISSEMENTS HOSPITALIERS VMEH ;F;2 000 €
4104;VETERINAIRES POUR TOUS LANGUEDOC ROUSSILLON ;F;2 000 €
4151;HABITAT ET HUMANISME HERAULT ;F;2 000 €
4807;Tin Hinan Projet Pour une intégration socio-linguistique réussie;P;2 000 €
4904;Habiter Enfin  - H E ! Projet Soutien de familles, en particulier monoparentales, discriminées dans l'accès au logement;P;2 000 €
4908;Face Hérault (face energie sports);P;2 000 €
4936;Interstices;F;2 000 €
4964;CINEMUSIQUES ;P;2 000 €
4991;Groupe Noces Danse Images;F;2 000 €
4994;La Compagnie du Capitaine ;P;2 000 €
5045;La Compagnie Maritime La Pilotine;F;2 000 €
5106;Le Café du Comptoir;F;2 000 €
5254;Marie Louise Bouillonne;F;2 000 €
5263;De Bouche à Oreille;F;2 000 €
5266;Squeeze;P;2 000 €
5361;l oreille electrique ;F;2 000 €
5385;Zadigozinc Projet Café des enfants de 0 à 16 ans et leur entourage;P;2 000 €
5424;Force Hérault;F;2 000 €
5513;Compagnie La Vaste Entreprise;F;2 000 €
5645;RIME’S SHOT ;P;2 000 €
5681;MARVIN ;P;2 000 €
;OCCE PROKOFIEV;P;2 000 €
409;Jouons en ludothèques Projet Club-jeux ados cité Paul Valéry;P;1 950 €
409;Jouons en ludothèques Projet Club-jeux ados cité Paul Valéry VVV;P;1 950 €
978;Entente sportive bouliste de montpellier ;F;1 950 €
3398;Bujinkan dojo montpellier ;F;1 950 €
1192;Tennis club de la paillade ;P;1 940 €
406;Echecs club montpellier ;P;1 900 €
2294;Groupe Français d'Education Nouvelle LR Projet Réussir Grand Mail;P;1 900 €
4908;FACE HERAULT ;P;1 900 €
;OCCE M. DE SEVIGNE;P;1 900 €
897;Societe de tir de montpellier ;F;1 800 €
1755;APAJ Centre Gitan Projet Atelier Prévention Santé Environnement;P;1 800 €
2432;Allons z’Enfants  - Cie Didier Théron Projet PAILLADE VIVE;P;1 800 €
3036;Collège G. PHILIPE Projet De l'Ecole aux quartiers;P;1 800 €
5001;Club des supporters montpellier Hérault rugby club ;F;1 800 €
551;OCCE Ecole Alain SAVARY;P;1 728 €
1521;ASSO CULTURELLE ET SOCIALE DU POLYGONE LES LUTINS ;P;1 700 €
;OCCE Jules SIMON;P;1 664 €
;OCCE LOUISVILLE;P;1 656 €
;OCCE LOUISVILLE;P;1 650 €
1253;ASSOCIATION PREVENTION ROUTIERE ;F;1 600 €
;OCCE GALILEE;P;1 600 €
;OCCE M. CURIE;P;1 600 €
;OCCE A. DE GAULLE;P;1 600 €
;OCCE Ecole Victor SCHOELCHER;P;1 600 €
;OCCE Louis AMSTRONG;P;1 600 €
;OCCE Jean JAURES;P;1 568 €
13;FRANCE BENEVOLAT MONTPELLIER HERAULT ;F;1 550 €
;OCCE GALILEE;P;1 504 €
296;Jasmin d'Orient Projet Intégration des femmes immigrées - Accès au droit et lutte contre l'exclusion;P;1 500 €
382;Association Jules Sonic Prods;F;1 500 €
514;LIGUE DES DROITS DE L'HOMME ET DU CITOYEN ;F;1 500 €
515;AVF MONTPELLIER (ACCUEIL DES VILLES FRANCAISES MONTPELLIER) ;F;1 500 €
525;Ecole elementaire leopold-sedar-senghor montpellier ;P;1 500 €
680;Association France Palestine Solidarité 34;P;1 500 €
789;UFOLEP 34 Projet Sport Citoyen 11/17 ans;P;1 500 €
794;Occitanie petanque ;F;1 500 €
1113;Claquettes en Vogue; F;1 500 €
1187;FC ARCEAUX Projet Stages Vacances Scolaires;P;1 500 €
1539;PAIN DE L'ESPOIR ;F;1 500 €
1596;ASSOCIATION CULTURELLE JUMELAGE MONTPELLIER TLEMCEN ;F;1 500 €
1671;COMITE DES FETES DE LA VILLE DE MONTPELLIER ;F;1 500 €
1732;Senioroboulo.com ;P;1 500 €
1742;ASTREE ;F;1 500 €
1867;Pic et Colegram;F;1 500 €
1902;ASSOCIATION DU NOUVEAU SAINTE-ANNE ;F;1 500 €
1928;Montpellier agglomeration triathlon ;P;1 500 €
1956;COMITE FEMININ 34 ;F;1 500 €
1986;Chorale Protestante de Montpellier;F;1 500 €
2004;Association Jeunes Phobos Montpellier et Paillade Nord Projet Promotion des Actions Éducatives et du Sport : Enfants Hauts de Massane;P;1 500 €
2004;Association Jeunes Phobos Montpellier et Paillade Nord Projet Promotion des Actions Éducatives et du Sport : Enfants Hauts de Massane;P;1 500 €
2004;ASSOCIATION JEUNES PHOBOS ET PAILLADE NORD ;F;1 500 €
2021;ASSOCIATION DES FAMILLES DE TRAUMATISES CRANIENS LR ;F;1 500 €
2242;L'OISEAU LYRE ;P;1 500 €
2814;OPERES DU COEUR ET MALADES CARDIAQUES ;F;1 500 €
3125;Collège Les Garrigues Projet Impulser l'ambition scolaire de la maternelle à l'université;P;1 500 €
3125;Collège Les Garrigues Projet Vers une communauté d'apprentissage : parents/élèves/enseignants;P;1 500 €
3135;Quartier de l'ancien courrier - associations des commercants ;P;1 500 €
3230;MAISON DE L'ARCHITECTURE DU LANGUEDOC ROUSSILLON ;F;1 500 €
3461;CONVERGENCES 34 ;F;1 500 €
3564;Jazz Club Montpellier;F;1 500 €
3620;UNIVERSITE MONTPELLIER I ;P;1 500 €
3675;ESSOR Projet Résidence d'artistes au moulin des Sitelles;P;1 500 €
3746;UNI\'SONS Projet ATELIERS HIP HOP;P;1 500 €
3786;Danser Bonheur;F;1 500 €
3794;PREVENTION ET SOIN DES ADDICTIONS (BRANCHE DE PEPA SOS DROGUE) ;F;1 500 €
3845;Centre des Arts du Cirque BALTHAZAR Projet Arts du Cirque à Figuerolles;P;1 500 €
4488;Association montpellier contre la violence;P;1 500 €
4723;Appel du Geste Actuel;F;1 500 €
4778;Art et Création Chorale;F;1 500 €
4817;VOX RAPIDO ;P;1 500 €
4841;Vivre ensemble en citoyens quartier des cevennes ;F;1 500 €
4853;Union professionnelle artisanale de l'Hérault ;F;1 500 €
4867;SOS JEUNES ;P;1 500 €
4870;CLUB SPORTIF DES SOURDS DE MONTPELLIER ET DE L'HERAULT ;F;1 500 €
4908;Face Hérault Projet Accompagner la réhabilitation du Petit-Bard;P;1 500 €
5109;Compagnie de l'Astrolabe ;P;1 500 €
5288;ASSOCIATION DES CITOYENS MEDITERRANEENS POUR L'ECHANGE ET LE DEVELOPPEMENT ;F;1 500 €
5356;Capta’Creation;P;1 500 €
5377;CICADE ;P;1 500 €
;OCCE DELTEIL;P;1 500 €
2811;Strata'j'M Sud Projet Rencontres autour du jeu;P;1 460 €
;OCCE PAUL BERT/VICTOR HUGO;P;1 456 €
4533;Jeunesse sans frontieres ;F;1 450 €
456;MAISON DES TIERS MONDES SOLIDARITE INTERNATIONALE ;P;1 400 €
1302;UNION LOCALE CFE-CGC DE MONTPELLIER ;F;1 400 €
1386;ASSOCIATION POUR L'ENSEIGNEMENT AUX MALADES OU ACCIDENTES ;F;1 400 €
5454;Collège Rimbaud Projet Associer les parents aux actions d'éducation et de scolarité;P;1 400 €
;Asso des antiquaires et brocanteurs de montpellier et sa region;P;1 400 €
;OCCE NERUDA;P;1 350 €
;OCCE FLORIAN;P;1 344 €
674;SOS AMITIES MONTPELLIER LANGUEDOC;F;1 300 €
4279;J'OSE LIRE ET CLAIR DE PLUME ;F;1 300 €
;OCCE Paul LANGEVIN;P;1 280 €
2004;Association Jeunes Phobos Montpellier et Paillade Nord Projet Médiation Sociale et Educative en direction des familles;P;1 250 €
3746;UNI\'SONS Projet RENC'ART;P;1 250 €
;OCCE WOOLF;P;1 250 €
540;FEDERATION DES ANCIENS COMBATTANTS ALGERIE-MAROC-TUNISIE ;F;1 220 €
195;ECLAIREUSES ECLAIREURS UNIONISTES DE FRANCE ;F;1 200 €
262;LES ECOLOGISTES DE L'EUZIERE ;P;1 200 €
434;MOUVEMENT UNIFIE DES RAPATRIES ;F;1 200 €
967;MUC Handball Projet Handball pour les jeunes filles du quartier Saint Martin;P;1 200 €
1014;ORANIE 83 ;F;1 200 €
1403;Sarbacane de l' Hérault ;F;1 200 €
1453;AMICALE HERAULTAISE DES ENFANTS DE BONE ET DE CONSTANTINE;F;1 200 €
1772;ALGER CLUB LES ENFANTS LES AMIS ;F;1 200 €
1894;AMICALE DES ANCIENS DU MAROC EN LANGUEDOC ;F;1 200 €
2698;AMICALE FRANCAIS D'OUTRE-MER ET LEURS AMIS ;F;1 200 €
3546;Les voies des palais;F;1 200 €
3632;CERCLE CULTUREL AMIS DE MALTE DU LR ET AMICALE ANCIENS DE TUNISIE ;F;1 200 €
4254;PATRIMOINE ET ARCHITECTURE ;F;1 200 €
4291;Sport insertion jeunes ;F;1 200 €
5514;SOUTIEN LAIT ;F;1 200 €
248;ASSOCIATION FORCE OUVRIERE CONSOMMATEURS - AFOC ;F;1 100 €
644;ASSOCIATION DE PARENTS D'ELEVES ENSEIGNEMENT PUBLIC ;F;1 100 €
;OCCE Julie DAUBIE;P;1 024 €
25;CLRISTALS - Les Petits Débrouillards Projet Séjour Scientifique;P;1 000 €
95;Association socio-culturelle des jeunes sportifs de montpellier omnisports ;F;1 000 €
151;Choeur Universitaire de Montpellier LR;F;1 000 €
164;AMICALE LANGUEDOC ROUSSILLON DES INSUFFISANTS RESPIRATOIRES;F;1 000 €
249;UFC que choisir;F;1 000 €
262;LES ECOLOGISTES DE L'EUZIERE ;P;1 000 €
296;Jasmin d'orient;P;1 000 €
309;CENTRES D'ENTRAINEMENT AUX METHODES D'EDUCATION ACTIVES ;P;1 000 €
309;CENTRES D'ENTRAINEMENT AUX METHODES D'EDUCATION ACTIVES ;F;1 000 €
344;TERRE NOURRICIERE ;P;1 000 €
368;AMICALE DES CORSES DE MONTPELLIER ;F;1 000 €
375;B.A. Bach;F;1 000 €
409;JOUONS EN LUDOTHEQUE;F;1 000 €
548;EURO-GRECE France;F;1 000 €
565;Carré Menthe;F;1 000 €
577;Malbosc petanque ;F;1 000 €
729;Asso pour le droit a l'initiative economique ;F;1 000 €
769;Montpellier badminton club ;F;1 000 €
931;Saint-martin gazelec montpellier ;P;1 000 €
1084;Jeune chambre economique de montpellier ;F;1 000 €
1118;ATD QUART-MONDE COMITE DE MONTPELLIER ;F;1 000 €
1136;Maison de la Gravure Méditerranée ;P;1 000 €
1153;ADAGES DEVELOPPEMENT JEUNESSE ET LOCAL ;F;1 000 €
1193;Libellule;F;1 000 €
1201;La boutique d'écriture-;P;1 000 €
1201;La Boutique d'écriture et Co Projet Enfance, jeunesse à la Boutique d'écriture;P;1 000 €
1225;Montpellier Petit Bard Futsal;P;1 000 €
1595;Le Cri devot;F;1 000 €
1733;Atout Clowns;F;1 000 €
1734;MUSIKA ;F;1 000 €
1745;Collectif Artus;F;1 000 €
1948;FRANCE ALZHEIMER HERAULT ;F;1 000 €
1968;Idéokilogramme;F;1 000 €
1973;Association Les Amis du Grain des Mots;F;1 000 €
2101;Lieux Ressources Montpellier Projet Bien-être au quotidien;P;1 000 €
2101;Lieux Ressources Montpellier Projet Soin de soi;P;1 000 €
2137;Chorale Cor Canto à Cæur Joie;F;1 000 €
2140;Montpellier chamberte handball;F;1 000 €
2827;Sésame autisme Hérault;F;1 000 €
3064;Lâche les Mots Projet SLAM à Sévigné;P;1 000 €
3088;Association loisirs figuerolles ;F;1 000 €
3174;PROJET AVENIR HARKIS FRANCAIS MUSULMANS ;P;1 000 €
3174;PROJET AVENIR HARKIS FRANCAIS MUSULMANS ;F;1 000 €
3185;La Compagnie du Pas'sage - rencontres Scène Jeunesse Projet Ateliers théâtre jeunes Petit-Bard - Pergola;P;1 000 €
3270;Cause Toujours;F;1 000 €
3294;Les Ziconofages Projet Outils vidéo participatifs;P;1 000 €
3461;Convergences 34 Projet Accompagnement vers un accès aux pratiques culturelles des familles;P;1 000 €
3461;CONVERGENCES 34 Projet Vie quotidienne, rythmes et consommation pour une meilleure réussite scolaire;P;1 000 €
3473;ARDI ASSOCIATION RENAISSANCE DEVELOPPEMENT INSERTION ;F;1 000 €
3618;Amis de la Librairie les Cinq Continents;F;1 000 €
3675;Essor « Savoirs et partage »;P;1 000 €
3864;ALCOOL ASSISTANCE LA CROIX D'OR DE L'HERAULT ;F;1 000 €
3910;TELA BOTANICA ;P;1 000 €
3991;Bagages d'Acteurs Théâtre Poésie Littérature;F;1 000 €
3993;Association Divers Cites;F;1 000 €
4011;Atout Choeur;F;1 000 €
4452;ASSOCIATION POUR LE DEVELOPPEMENT DES SOINS PALLIATIFS ;F;1 000 €
4488;MONTPELLIER CONTRE LA VIOLENCE ;F;1 000 €
4630;Choeur d'ô ;P;1 000 €
4703;AMICALE DU NID ;F;1 000 €
4726;Ensemble Vocal l'Accroche Choeur;F;1 000 €
4841;Association Vivre Ensemble en Citoyens Quartier des Cévennes Projet Aide aux démarches administratives- accès aux droits;P;1 000 €
4903;ASSOCIATION DE CARDIOLOGIE DU LANGUEDOC-ROUSSILLON ;F;1 000 €
4923;280 communications;F;1 000 €
4932;Compagnie Doré;F;1 000 €
4941;Amadée;F;1 000 €
5040;La Compagnie du P'tit Atelier 3;F;1 000 €
5044;Café des Amis du Journal l'Humanité;F;1 000 €
5049;N.U. (Nos Urgences) Collectif d'Artistes;F;1 000 €
5095;Les Chiens Andalous ;P;1 000 €
5132;Kino Montpellier ;P;1 000 €
5154;C’EST RARE FILM;P;1 000 €
5170;SOS NATURE ;F;1 000 €
5319;Klub Klamauk;F;1 000 €
5386;Graphie;F;1 000 €
5470;Union pour la promotion de tous les talents;P;1 000 €
5510;DEDALUS ;P;1 000 €
5537;MOM ART FACTORY ;F;1 000 €
5585;Association Street Way;P;1 000 €
5643;A bailar Tango - ;P;1 000 €
5671;Inter agros montpellier 2013;P;1 000 €
;OCCE FREUD;P;1 000 €
;OCCE PERICLES;P;1 000 €
;OCCE S. BERNHARDT;P;1 000 €
;OCCE DIDEROT;P;1 000 €
;OCCE BEETHOVEN;P;1 000 €
;Les 4 chemins Projet AGORA;P;1 000 €
;Association Altazalo;P;1 000 €
;OCCE Anatole France;P;992 €
1261;Atelier Permanent d'Initiation à l'Environnement Urbain Projet Club de Ville en vacances;P;980 €
1559;Centre de Loisirs des Jeunes Montpellier La Paillade Projet MINI CAMPS VVV;P;980 €
3294;Les Ziconofages Projet Stages audiovisuels jeunes;P;980 €
1584;Sport quilles montpellier ;F;950 €
2502;Sport tambourin club de montpellier ;F;950 €
4643;Montpellier funny riders ;F;950 €
769;Montpellier badminton club;P;900 €
992;Le Camescope Apprivoisé - Vidéastes Amateurs Montpelliérains;F;900 €
2294;GROUPE FRANCAIS D'EDUCATION NOUVELLE LR ;F;900 €
4863;SCOUTS ET GUIDES DE FRANCE - GROUPE STE BERNADETTE ;F;900 €
;OCCE KUROSAWA;P;900 €
;OCCE M. BRES;P;900 €
;OCCE BOULLOCHE;P;900 €
;OCCE M.RENAUD;P;900 €
;OCCE F. BAZILLE;P;900 €
;OCCE VOLTAIRE;P;900 €
;OCCE Ecole Marie CURIE ;P;896 €
1273;UNITE POLICE SNPT ;F;850 €
;OCCE ROOSEVELT;P;850 €
;OCCE Blaise PASCAL;P;816 €
132;AMIS DE LA BIBLIOTHEQUE DES HOPITAUX DE MONTPELLIER ;F;800 €
296;JASMIN D'ORIENT ;F;800 €
551;OCCE Ecole DANTE ALIGHIERI;P;800 €
646;Association des parents d'eleves et amis du conservatoire national de region - apec ;P;800 €
2030;ASSOCIATION VIE ET ANIMATION ;F;800 €
2101;Lieux Ressources Montpellier Projet Promouvoir et accompagner la mise en place de loisirs familiaux;P;800 €
2136;Association gem lesseps;P;800 €
3421;APEDYS HERAULT ;P;800 €
3461;Convergences 34 Projet Jury jeune et festival du cinéma méditerranéen;P;800 €
4790;Association CBS2;P;800 €
4904;HABITER ENFIN ;F;800 €
5272;OCCE ECOLE TERESA ;F;800 €
5370;Env’agrotech;P;800 €
5520;ASSOCIATION DE PREVENTION EN ORTHOPHONIE DE L HERAULT ;P;800 €
;OCCE LAMARTINE;P;800 €
;OCCE BLOCH;P;800 €
;OCCE CHURCHILL;P;800 €
;OCCE SIMON;P;800 €
;2P Projet Culture Quartier : Action Cévennes et plus;P;800 €
1814;UNION DEPARTEMENTALE DES DELEGUES DE L' EDUCATION NATIONALE ;F;750 €
3376;Volley loisir competition antigone;F;750 €
5207;COLLECTIF EDUCATION POPULAIRE ET TRANSFOR ;F;750 €
5234;ENTRE COUR ET JARDIN ;F;750 €
5412;Association assalam de st martin ;F;750 €
3;UNICEF ;F;700 €
296;JASMIN D'ORIENT ;P;700 €
317;COMITE DE QUARTIER TASTAVIN-LEMASSON-MAS DREVON-MARQUEROSE ;P;700 €
322;COMITE DE QUARTIER DE CELLENEUVE;P;700 €
325;COMITE DE QUARTIER DE LA CHAMBERTE ;P;700 €
456;MAISON DES TIERS MONDES SOLIDARITE INTERNATIONALE ;P;700 €
1340;COMITE DE QUARTIER DES CEVENNES ET ENVIRONS ;P;700 €
1480;INFO DON 34 ;F;700 €
1554;COMITE DE QUARTIER AIGUELONGUE ET JUSTICE EN CHOEUR ;P;700 €
3679;BOUT'ENTRAIN ;P;700 €
3940;MARE NOSTRUM ;P;700 €
4250;COMITE DE QUARTIER SAINT CLEMENT;P;700 €
4535;BIEN VIVRE AU COURREAU ET AU PLAN CABANES ;P;700 €
4594;LES AMOUREUX DE CANDOLLE ;P;700 €
4747;ANIMATION ET VIE DES AUBES ;P;700 €
4802;ARCEAUX VIE ACTIVE ;P;700 €
5392;MOUVEMENT EUROPEEN DE FRANCE-SECTION HERAULT ;P;700 €
5463;BAGAT'ELLES COMITE DE QUARTIER BAGATELLE ;P;700 €
5634;BRASIL LIEN;P;700 €
;OCCE BALARD;P;700 €
;OCCE L. FIGUIER;P;700 €
;OCCE H. BOUCHER;P;700 €
;OCCE ROUX;P;672 €
;OCCE BERGMAN;P;650 €
154;JAM Jazz Action Projet Atelier Human BeatBox;P;600 €
1068;Secours Populaire Français Montpellier - SPF 34 Projet Jeunesse solidaire et citoyenne à Saint Martin;P;600 €
2252;Association Mixture;P;600 €
2301;AMICALE BELABBESIENNE D'AIDE ET SOLIDARITE ;F;600 €
2301;Amicale belabbesienne d'aide et solidarite ;F;600 €
4009;Los valents de montpellier ;F;600 €
4845;SOUVENIR FRANCAIS COMITE DE MONTPELLIER ;F;600 €
;OCCE Ecole GOETHE;P;600 €
;OCCE CALMETTE;P;600 €
;OCCE GAMBETTA;P;600 €
;OCCE MERMOZ;P;600 €
;OCCE POTTIER;P;600 €
;OCCE PICASSO;P;600 €
;OCCE YOURCENAR;P;600 €
;OCCE HEIDELBERG;P;600 €
;OCCE A. D'AQUITAINE;P;600 €
;OCCE BREL;P;600 €
;OCCE SAVARY;P;600 €
;OCCE SURCOUF;P;600 €
;OCCE Frédéric BAZILLE;P;600 €
38;RADIO AVIVA 88 FM ;P;500 €
76;COMITE DE QUARTIER SAINT ROCH ET ECUSSON;F;500 €
152;Groupe Vocal Arlequin;F;500 €
219;COMITE DE QUARTIER DES HAUTS DE MASSANE;F;500 €
244;Consommation Logement Cadre de Vie de Montpellier CLCV Projet Accompagnement des habitants du Petit Bard;P;500 €
283;COMITE PROSPECTIVES ET CONCERTATIONS DU MILLENAIRE ET DES QUARTIERS EST ;F;500 €
286;Ensemble Instrumental Contrepoint;F;500 €
317;COMITE DE QUARTIER TASTAVIN-LEMASSON-MAS DREVON-MARQUEROSE ;F;500 €
322;COMITE DE QUARTIER DE CELLENEUVE ;F;500 €
325;COMITE DE QUARTIER DE LA CHAMBERTE ;F;500 €
343;PLAYM'HERAULT;P;500 €
361;AMICALE DES LOZERIENS DE MONTPELLIER ;F;500 €
388;ASSOCIATION SPORTIVE ET CULTURELLE CROIX D'ARGENT MONTPELLIER ;F;500 €
396;COMITE DE QUARTIER POMPIGNANE - LES AUBES ;F;500 €
424;MOUVEMENT POUR UNE ALTERNATIVE NON-VIOLENTE ;F;500 €
425;FRANCE ALGERIE MEDITERRANEE;P;500 €
428;Mouvement de la paix - comite de montpellier ;F;500 €
467;LE RELAIS - MAISON DES ENFANTS DANS LA VILLE ;F;500 €
509;ASSOCIATION DES DEPORTES, INTERNES, RESISTANTS ET PATRIOTES;F;500 €
547;Vocalys;F;500 €
948;COMITE DE QUARTIER ROCAMBALE OUEST ;F;500 €
985;Amicale boules la paillade ;F;500 €
1020;PATCHENCO ;P;500 €
1073;FRANCE-ISRAEL - ALLIANCE GENERAL KOENIG ;F;500 €
1248;ASSOCIATION DES RESIDENTS D'ANTIGONE - ADRA ;F;500 €
1340;COMITE DE QUARTIER DES CEVENNES ET ENVIRONS ;F;500 €
1430;CENTRE D'ANIMATION CULTURELLE DU QUARTIER SAINT FRANCOIS ;F;500 €
1463;Pedagogie et prison ;P;500 €
1559;Centre de Loisirs des Jeunes Montpellier La Paillade Projet Sorties structurantes;P;500 €
1634;Volley loisir montpellier ;F;500 €
1687;CROIX D'ARGENT PLUS ;F;500 €
1732;Senioroboulo.com ;F;500 €
1780;COMITE DE QUARTIER LES AIGUERELLES LA RAUZE ;P;500 €
1780;COMITE DE QUARTIER LES AIGUERELLES LA RAUZE ;F;500 €
1832;Association Mareschal;F;500 €
1902;ASSOCIATION DU NOUVEAU SAINTE-ANNE ;P;500 €
1970;Association nationale des pupilles de la nation des orphelins de guerre et du devoir - delegation de l'Hérault ;P;500 €
1984;COMITE ENVIRONNEMENT URBAIN EQUIPEMENT NATURE - CEVEN ;F;500 €
2009;Coralen;F;500 €
2011;COMITE DE QUARTIER CROIX D'ARGENT-SABINES ;F;500 €
2055;Aikido club montpellier ;F;500 €
2242;L'oiseau Lyre;P;500 €
2242;L'oiseau Lyre;F;500 €
2242;L'oiseau lyre Projet Ateliers conte et maîtrise de la langue;P;500 €
2344;MAYANE ASSOCIATION ;P;500 €
2796;COMITE DE QUARTIER PASQUIER - DON BOSCO ;F;500 €
2984;COUP DE SOLEIL LANGUEDOC-ROUSSILLON ASSOCIATION CULTURELLE FRANCE MAGHREB ;P;500 €
3022;Les Ecrivains Méditerranéens;F;500 €
3051;Lez' Arts M3;P;500 €
3160;ASSOCIATION DES QUARTIERS DES MARELS II, PERGOLA, AIGUELONGUE;F;500 €
3342;MONTPELLIER HERAULT QUEBEC ;P;500 €
3440;COMITE DE QUARTIER DE TOURNEZY ;F;500 €
3527;GROUPE DES APHASIQUES DE MONTPELLIER ET DE L'HERAULT ;F;500 €
3530;ALMA-HERAULT ;F;500 €
3679;BOUT'ENTRAIN ;F;500 €
3680;COMITE DE QUARTIER MION ASSOCIATION ;F;500 €
3746;ASSOCIATION UNI'SONS ;P;500 €
3791;ASSOCIATION A L'ECOUTE SAINT MARTIN PRES D'ARENES ;F;500 €
3940;MARE NOSTRUM ;F;500 €
3943;PASSE PIERRES ;F;500 €
4203;OPIFAC ;F;500 €
4207;ALCOOL ET LES PROCHES;F;500 €
4234;COMITE DE QUARTIER RICHTER ;F;500 €
4250;COMITE DE QUARTIER SAINT CLEMENT ;F;500 €
4339;ASSOCIATION DE QUARTIER PUECH VILLA LES BASTIDES ;F;500 €
4535;BIEN VIVRE AU COURREAU ET AU PLAN CABANES ;F;500 €
4594;LES AMOUREUX DE CANDOLLE ;F;500 €
4605;COMITE DE QUARTIER CLERONDEGAMBE ;F;500 €
4612;ASSOCIATION DES PARCS ET JARDINS ;F;500 €
4652;Cap horizon;F;500 €
4747;ANIMATION ET VIE DES AUBES ;F;500 €
4763;MONTPELLIER CUBA SOLIDARITE ;P;500 €
4802;ARCEAUX VIE ACTIVE ;F;500 €
4840;ADEQV QUARTIERS PETIT BARD PERGOLA ;F;500 €
4979;Polyfolies;F;500 €
5032;La boule catalane gely figuerolles ;F;500 €
5032;La boule catalane gely figuerolles ;P;500 €
5172;Le Choeur des Balladins;F;500 €
5180;Ghandis;F;500 €
5182;ASSO DES RIVERAINS DE LA RUE DE FONTCOUVERTE ET RUES ADJACENTES ;F;500 €
5311;HOLDUB COLLECTIF ;F;500 €
5312;ASSOCIATION DES JOYEUX TROUBADOURS ;P;500 €
5358;Association des Cafés Géographiques de Montpellier;F;500 €
5372;COMITE DE QUARTIER PORT MARIANNE SUD ;F;500 €
5375;SEMILLA, LES JARDINIERS PLANETAIRES ;F;500 €
5381;FC LE LAGON DE MAYOTTE ;F;500 €
5393;Melting Pot Music - MPM Projet FESTIVAL 2+2=5;P;500 €
5417;ASSOCIATION DU SALON DES METIERS ET DES PROFESSIONNELS DE L'ECOLOGIE ;P;500 €
5460;COLLECTIF DE COORDINATION DES COMITES DE QUARTIER DE MPL ;F;500 €
5463;BAGAT'ELLES COMITE DE QUARTIER BAGATELLE ;F;500 €
5472;Voy'elles choeur de femmes de Méditerranée;F;500 €
5474;Neda, Iran en choeur;F;500 €
5498;LES BAMBINS DE VASCO ;P;500 €
5527;Bowling club des sourds de montpellier ;F;500 €
5538;LA SANTE DE LA FAMILLE ;F;500 €
5565;ASSOCIATION CULTURELLE ET SPORTIVE MONTPELLIER OUTRE MER ;F;500 €
5610;Des foulees vous ;P;500 €
5635;Goree basket club;F;500 €
5667;LE VOILE DE NEPTUNE;P;500 €
5677;LES AMIS DE MONTPELLIER BETHLEEM;F;500 €
5699;ASSOCIATION FRANCAISE DES JEUNES CHERCHEURS EN ECOLOGIE CHIMIQUE;P;500 €
;OCCE Ecole A.D'AUBIGNE;P;500 €
;OCCE CHAPLIN;P;500 €
;OCCE L. MICHEL;P;500 €
;OCCE L. MALET;P;500 €
1554;COMITE DE QUARTIER AIGUELONGUE ET JUSTICE EN CHOEUR ;F;465 €
1425;RIRE CLOWNS POUR ENFANTS HOSPITALISES ;P;457 €
232;UNION LOCALE CFTC DE MONTPELLIER ET ENVIRONS ;F;450 €
971;Clapas petanque bouliste ;F;450 €
979;Societe bouliste montpellieraine;F;450 €
979;Societe bouliste montpellieraine ;P;450 €
2016;Jean monnet antigone petanque ;F;450 €
2470;Croix d'argent petanque ;F;450 €
3012;INTERNATIONAL EDUCATION ASSOCIATION OF MONTPELLIER OUTBOUND ;F;450 €
3165;Grand mail petanque ;F;450 €
3536;LES AMIS DE LA MEMOIRE PEDAGOGIQUE ;P;450 €
;OCCE BLAISE PASCAL;P;450 €
;OCCE J.MOULIN;P;450 €
;OCCE FERRY ;P;401 €
400;AMITIES RUSSES ET AVEC LES PEUPLES DE L'EX URSS ;P;400 €
582;Surdi 34 deficients auditifs;F;400 €
1621;MOHICANS ACTIONS EDUCATIVES ECO-GESTES ET JARDINS ;F;400 €
1621;Mohicans creer du lien par des actions eco-citoyennes ;P;400 €
1984;COMITE ENVIRONNEMENT URBAIN EQUIPEMENT NATURE - CEVEN ;P;400 €
2706;AMICALE DES LOCATAIRES DU PAS-DU-LOUP ;F;400 €
3160;ASSOCIATION DES QUARTIERS DES MARELS II, PERGOLA, AIGUELONGUE ;P;400 €
3324;CERCLE DES ANCIENS DE L'ETOILE BLEUE DE MONTPELLIER ;F;400 €
4564;Aikiciam ;F;400 €
4618;ASSOCIATION DES NOUVEAUX GAIS ET LESBIENNES ;F;400 €
5483;LES AMIS DE JULES ;P;400 €
;OCCE GARNIER;P;400 €
3649;Gymnastique volontaire section d'alco ;F;380 €
4234;COMITE DE QUARTIER RICHTER ;P;350 €
;OCCE Sergueï PROKOFIEV;P;320 €
92;AMICALE DES RETRAITES LOU CLAPAS ;F;300 €
420;MOUVEMENT CONTRE LE RACISME ET POUR L'AMITIE ENTRE LES PEUPLES ;F;300 €
425;FRANCE ALGERIE MEDITERRANEE;P;300 €
425;FRANCE ALGERIE MEDITERRANEE;P;300 €
497;ASSOCIATION ANIM'FRIMOUSSES ;F;300 €
582;Surdi 34 deficients auditifs;P;300 €
630;AMITIE FRANCO-MALGACHE - FIHAVANANA ;F;300 €
680;Association france palestine solidarite ;F;300 €
909;LES DANSEUSES DU SINAI ;P;300 €
1024;CHEMINS DES ALLIANCES ;F;300 €
1248;ASSOCIATION DES RESIDENTS D'ANTIGONE - ADRA;P;300 €
1608;AMITIES FRANCO-COLOMBIENNES DE MONTPELLIER ;P;300 €
1608;AMITIES FRANCO-COLOMBIENNES DE MONTPELLIER ;P;300 €
1710;AMICALE ARMENIENNE DE MONTPELLIER ET SA REGION ;F;300 €
1907;ASSOCIATION CULTURELLE JUDEO MUSULMANE DU LANGUEDOC ROUSSILLON ;F;300 €
2377;CONNAISSANCE DE LA CHINE ;F;300 €
4038;CLUB PYRAMIDE PHILAE 34 ;F;300 €
4079;Groupe decision ;F;300 €
4355;AMITIE FRANCO-VIETNAMIENNE COMITE HERAULT ;P;300 €
4664;Association des marches paysans de l'Hérault ;F;300 €
4737;CLUB QUESTION POUR UN CHAMPION MONTPELLIER ;P;300 €
4763;MONTPELLIER CUBA SOLIDARITE ;F;300 €
4816;I DILETTANTI ;F;300 €
4826;ASSOCIATION COLONIA ESPAGNOLA DE MONTPELLIER ;F;300 €
5311;HOLDUB COLLECTIF ;P;300 €
;OCCE Sarah BERNHARDT;P;264 €
1634;Volley loisir montpellier ;P;250 €
3440;COMITE DE QUARTIER DE TOURNEZY ;P;250 €
5124;HOMEOPATHIE POUR TOUS ;F;250 €
;OCCE Louis FIGUIER;P;240 €
212;Patrimôme;F;200 €
617;LA 177EME SECTION DES MEDAILLES MILITAIRES ;F;200 €
1005;ARTISANS DU MONDE ;F;200 €
1081;ASSOCIATION NATIONALE DES CHEMINOTS ANCIENS COMBATTANTS ;F;200 €
1203;ASSOCIATION RHIN ET DANUBE ;F;200 €
1204;FONDATION MARECHAL DE LATTRE ;F;200 €
1253;ASSOCIATION PREVENTION ROUTIERE ;P;200 €
1608;AMITIES FRANCO-COLOMBIENNES DE MONTPELLIER ;P;200 €
1760;ASSOCIATION DES COMBATTANTS DE L'UNION FRANCAISE ;F;200 €
2060;ASSOCIATION DES ALGERIENS DU LANGUEDOC-ROUSSILLON ;P;200 €
2060;ASSOCIATION DES ALGERIENS DU LANGUEDOC-ROUSSILLON ;P;200 €
2079;ANCIENS MARINS ET MARINS ANCIENS COMBATTANTS DE MONTPELLIER ;F;200 €
2815;Amis de dalat sur les traces de yersin - adaly ;F;200 €
3756;LES AMIS DE LA BULGARIE ;P;200 €
4234;COMITE DE QUARTIER RICHTER ;P;200 €
4303;AMIS FONDATION MEMOIRE DEPORTATION HERAULT ;F;200 €
4947;ASSOCIATION B'NAI BRITH ;P;200 €
4947;ASSOCIATION B'NAI BRITH ;P;200 €
5508;ULAC MONTPELLIER ;F;200 €
5686;RESEAU D 'AFFAIRES FRANCO-ALLEMAND DU LANGUEDOC ROUSSILON;P;200 €
212;Patrimôme ;P;100 €
212;Patrimôme ;P;100 €
;;;19 256 523 €
